#VRML V2.0 utf8
# 3D model generated by easyeda2kicad.py (https://github.com/uPesy/easyeda2kicad.py)

Shape{
    appearance Appearance {
        material  Material 	{
            diffuseColor 0.8509803921568627 0.8509803921568627 0.8509803921568627
            specularColor 0.4235294117647059 0.4235294117647059 0.4235294117647059
            ambientIntensity 0.851
            transparency 0.0
            shininess 0.5
        }
    }
    geometry IndexedFaceSet {
        ccw TRUE
        solid FALSE
        coord DEF co Coordinate {
            point [
                -1.8307 0.2165 0.1181, -1.8307 0.2165 0.0, -1.8307 -0.2165 0.1181, -1.8307 -0.2165 0.0, -0.2559 0.2165 0.1181, -0.2559 0.2165 0.0, -0.2559 -0.2165 0.1181, -0.2559 -0.2165 0.0
            ]
        }
        coordIndex [
            0,1,2,-1,2,1,3,-1,4,5,0,-1,0,5,1,-1,6,7,4,-1,4,7,5,-1,2,3,6,-1,6,3,7,-1,5,7,1,-1,1,7,3,-1,6,4,2,-1,2,4,0,-1,
        ]
    }
}
Shape{
    appearance Appearance {
        material  Material 	{
            diffuseColor 0.2235294117647059 0.2235294117647059 0.2235294117647059
            specularColor 0.11372549019607843 0.11372549019607843 0.11372549019607843
            ambientIntensity 0.2235
            transparency 0.0
            shininess 0.5
        }
    }
    geometry IndexedFaceSet {
        ccw TRUE
        solid FALSE
        coord DEF co Coordinate {
            point [
                0.0763 -0.5175 0.0394, 0.0763 -0.5304 0.0394, 0.0648 -0.5373 0.0394, 0.0889 -0.5356 0.0394, 0.1008 -0.5373 0.0394, 1.6339 1.6339 0.0394, 1.6339 0.2559 0.0394, 0.0648 1.6339 0.0394, 0.1181 0.2559 0.0394, 0.0896 -0.4318 0.0394, 0.0784 -0.5187 0.0394, 0.104 -0.43 0.0394, 0.1156 -0.4313 0.0394, 0.0763 -0.4375 0.0394, 0.0763 -0.4217 0.0394, 0.1181 -0.2559 0.0394, 0.1245 -0.4345 0.0394, 0.1326 -0.4399 0.0394, 0.1398 -0.4478 0.0394, 0.1483 -0.4788 0.0394, 0.1471 -0.4916 0.0394, 0.1439 -0.5017 0.0394, 0.1177 -0.5238 0.0394, 0.1066 -0.525 0.0394, 0.1263 -0.5206 0.0394, 0.1335 -0.5158 0.0394, 0.1391 -0.5099 0.0394, 0.091 -0.5233 0.0394, 0.1348 -0.5326 0.0394, 0.1743 -0.5366 0.0394, 0.1234 -0.5365 0.0394, 0.1158 -0.5373 0.0394, 0.1446 -0.4569 0.0394, 0.1478 -0.4696 0.0394, 0.158 -0.4496 0.0394, 0.151 -0.4385 0.0394, 0.2189 -0.4185 0.0394, 0.2348 -0.4185 0.0394, 1.6339 -0.2559 0.0394, 0.2348 -0.5366 0.0394, 1.6339 -0.5373 0.0394, 0.1443 -0.5265 0.0394, 0.1532 -0.5171 0.0394, 0.1743 -0.5236 0.0394, 0.1595 -0.5059 0.0394, 0.2189 -0.5236 0.0394, 0.1404 -0.4283 0.0394, 0.1291 -0.4218 0.0394, 0.116 -0.418 0.0394, 0.163 -0.4934 0.0394, 0.1642 -0.4797 0.0394, 0.1625 -0.4629 0.0394, 0.1041 -0.417 0.0394, 0.09 -0.418 0.0394, 0.0648 -1.6339 0.0394, 0.1056 -0.5379 0.0394, 1.6339 -1.6339 0.0394, 0.1088 -0.538 0.0394, 0.0533 -0.5366 0.0394, 0.0533 -0.4185 0.0394, -0.1368 -0.5366 0.0394, -0.1223 -0.5042 0.0394, -0.1155 -0.5148 0.0394, -0.0072 -0.4314 0.0394, 0.0374 -0.4314 0.0394, 0.0374 -0.4703 0.0394, -1.6339 0.2559 0.0394, -1.6339 0.9252 0.0394, -0.1181 0.2559 0.0394, -0.9252 1.6339 0.0394, -0.1181 -0.2559 0.0394, -0.0072 -0.4185 0.0394, -0.1815 -0.4185 0.0394, -0.1973 -0.4185 0.0394, -0.0331 -0.4185 0.0394, -0.0043 -0.4703 0.0394, -0.0331 -0.5366 0.0394, -0.0043 -0.4833 0.0394, -0.1058 -0.5241 0.0394, -0.0935 -0.5312 0.0394, -0.0799 -0.5353 0.0394, 0.0374 -0.4833 0.0394, 0.0374 -0.5236 0.0394, -0.0101 -0.5236 0.0394, -0.0101 -0.5366 0.0394, -0.0665 -0.4185 0.0394, -0.0835 -0.4203 0.0394, -0.1187 -0.4431 0.0394, -0.1242 -0.4533 0.0394, -0.1273 -0.4649 0.0394, -0.1282 -0.476 0.0394, -0.1266 -0.4918 0.0394, -0.2262 -0.5366 0.0394, -0.2434 -0.5366 0.0394, -1.6339 -0.5373 0.0394, -1.6339 -0.2559 0.0394, -0.0653 -0.5366 0.0394, -0.0974 -0.4251 0.0394, -0.1102 -0.4337 0.0394, -0.1103 -0.4339 0.0394, -0.2142 -0.5034 0.0394, -0.1654 -0.5034 0.0394, -0.1541 -0.5366 0.0394, -1.6339 -0.9252 0.0394, -0.9252 -1.6339 0.0394
            ]
        }
        coordIndex [
            0,1,2,-1,2,1,3,-1,2,3,4,-1,5,6,7,-1,7,6,8,-1,0,9,10,-1,10,9,11,-1,10,11,12,-1,13,7,14,-1,14,7,8,-1,14,8,15,-1,12,16,10,-1,10,16,17,-1,10,17,18,-1,19,20,10,-1,10,20,21,-1,22,23,24,-1,24,23,25,-1,21,26,10,-1,10,26,25,-1,10,25,27,-1,27,25,23,-1,28,29,30,-1,30,29,31,-1,18,32,10,-1,10,32,33,-1,10,33,19,-1,34,35,36,-1,36,35,15,-1,36,15,37,-1,37,15,38,-1,37,38,39,-1,39,38,40,-1,28,41,29,-1,29,41,42,-1,29,42,43,-1,43,42,44,-1,43,44,45,-1,35,46,15,-1,15,46,47,-1,15,47,48,-1,44,49,45,-1,45,49,50,-1,45,50,36,-1,36,50,51,-1,36,51,34,-1,48,52,15,-1,15,52,53,-1,15,53,14,-1,54,55,56,-1,56,55,57,-1,56,57,40,-1,40,57,31,-1,40,31,39,-1,39,31,29,-1,58,59,2,-1,2,59,7,-1,2,7,0,-1,0,7,13,-1,0,13,9,-1,60,61,62,-1,63,64,65,-1,66,67,68,-1,68,67,69,-1,69,7,68,-1,68,7,59,-1,68,59,70,-1,70,59,71,-1,70,71,63,-1,70,72,73,-1,74,75,76,-1,76,75,77,-1,62,78,60,-1,60,78,79,-1,60,79,80,-1,81,82,77,-1,77,82,83,-1,77,83,76,-1,76,83,84,-1,65,75,63,-1,63,75,74,-1,63,74,70,-1,70,74,85,-1,70,85,86,-1,72,87,88,-1,88,89,72,-1,72,89,90,-1,72,90,60,-1,60,90,91,-1,60,91,61,-1,92,2,93,-1,93,2,94,-1,93,94,73,-1,73,94,95,-1,73,95,70,-1,96,76,2,-1,2,76,84,-1,2,84,58,-1,86,97,70,-1,70,97,98,-1,70,98,72,-1,72,98,99,-1,72,99,87,-1,100,101,92,-1,92,101,102,-1,92,102,2,-1,2,102,60,-1,2,60,96,-1,96,60,80,-1,103,94,104,-1,104,94,2,-1,104,2,54,-1,54,2,4,-1,54,4,55,-1,
        ]
    }
}
Shape{
    appearance Appearance {
        material  Material 	{
            diffuseColor 0.8509803921568627 0.8509803921568627 0.8509803921568627
            specularColor 0.4235294117647059 0.4235294117647059 0.4235294117647059
            ambientIntensity 0.851
            transparency 0.0
            shininess 0.5
        }
    }
    geometry IndexedFaceSet {
        ccw TRUE
        solid FALSE
        coord DEF co Coordinate {
            point [
                0.6107 1.2352 3.9764, 0.4886 1.2884 3.9764, -1.3523 0.2647 3.9764, 0.7329 -1.1669 3.9764, 0.7329 1.1669 3.9764, 0.7271 -1.1705 3.9764, 0.7271 1.1705 3.9764, 0.6107 -1.2352 3.9764, 0.4886 -1.2884 3.9764, -1.3715 0.133 3.9764, -1.378 0.0 3.9764, -0.6697 -1.2043 3.9764, -0.5503 -1.2633 3.9764, -0.4258 -1.3105 3.9764, -0.2973 -1.3455 3.9764, -0.1661 -1.3679 3.9764, -0.0333 -1.3776 3.9764, 0.0998 -1.3743 3.9764, 0.362 1.3296 3.9764, 0.232 1.3583 3.9764, 0.0998 1.3743 3.9764, 0.232 -1.3583 3.9764, 0.362 -1.3296 3.9764, -0.8886 1.0532 3.9764, -0.5503 1.2633 3.9764, -0.7828 1.134 3.9764, -0.6697 1.2043 3.9764, -1.2762 0.5196 3.9764, -1.2201 0.6404 3.9764, -1.1526 0.7551 3.9764, -1.3204 0.394 3.9764, -0.4258 1.3105 3.9764, -0.2973 1.3455 3.9764, -0.9861 0.9625 3.9764, -1.0744 0.8629 3.9764, -1.3715 -0.133 3.9764, -1.3523 -0.2647 3.9764, -1.3204 -0.394 3.9764, -0.9861 -0.9625 3.9764, -1.0744 -0.8629 3.9764, -1.1526 -0.7551 3.9764, -0.8886 -1.0532 3.9764, -0.7828 -1.134 3.9764, -0.0333 1.3776 3.9764, -0.1661 1.3679 3.9764, -1.2762 -0.5196 3.9764, -1.2201 -0.6404 3.9764, -1.5748 0.0 0.4331, -1.5601 -0.2144 0.4331, -1.5675 -0.152 0.8865, -1.5164 -0.4249 0.4331, -1.5455 -0.3026 0.8865, -1.5584 -0.2142 0.8865, -1.4432 -0.6268 0.8865, -1.4585 -0.5938 0.8865, -1.4444 -0.6274 0.4331, -1.509 -0.4503 0.8865, -1.5154 -0.4246 0.8865, -1.3944 -0.7318 0.8865, -1.3455 -0.8182 0.4331, -1.3441 -0.8174 0.8865, -1.3173 -0.863 0.8865, -1.2216 -0.9938 0.4331, -1.2278 -0.9861 0.8865, -1.0749 -1.1509 0.4331, -1.1269 -1.1 0.8865, -1.2213 -0.9935 0.8865, -0.9082 -1.2866 0.4331, -1.0155 -1.2036 0.8865, -1.0736 -1.1496 0.8865, -0.7238 -1.3968 0.8865, -0.7653 -1.3763 0.8865, -0.7245 -1.3982 0.4331, -0.8946 -1.296 0.8865, -0.9077 -1.286 0.8865, -0.6289 -1.4438 0.8865, -0.5274 -1.4839 0.4331, -0.5268 -1.4825 0.8865, -0.4866 -1.4977 0.8865, -0.3204 -1.5419 0.4331, -0.3398 -1.5377 0.8865, -0.1075 -1.5711 0.4331, -0.1898 -1.5633 0.8865, -0.3203 -1.541 0.8865, 0.1075 -1.5711 0.4331, -0.0381 -1.5743 0.8865, -0.1073 -1.5693 0.8865, 0.32 -1.5402 0.8865, 0.2651 -1.5523 0.8865, 0.3204 -1.5419 0.4331, 0.1141 -1.5707 0.8865, 0.1075 -1.5708 0.8865, 0.4137 -1.5195 0.8865, 0.5274 -1.4839 0.4331, 0.527 -1.4827 0.8865, 0.5584 -1.4725 0.8865, 0.7245 -1.3982 0.4331, 0.6979 -1.4117 0.8865, 0.9082 -1.2866 0.4331, 0.8309 -1.3377 0.8865, 0.7239 -1.3972 0.8865, 1.0748 -1.1508 0.8865, 1.0725 -1.1532 0.8865, 1.0749 -1.1509 0.4331, 0.9562 -1.2513 0.8865, 0.9072 -1.2851 0.8865, 1.1788 -1.0443 0.8865, 1.2216 -0.9938 0.4331, 1.2202 -0.9927 0.8865, 1.274 -0.9256 0.8865, 1.3455 -0.8182 0.4331, 1.3447 -0.8177 0.8865, 1.3574 -0.7984 0.8865, 1.4444 -0.6274 0.4331, 1.4281 -0.6636 0.8865, 1.5164 -0.4249 0.4331, 1.4855 -0.5227 0.8865, 1.4431 -0.6269 0.8865, 1.5596 -0.2144 0.8865, 1.5583 -0.2275 0.8865, 1.5601 -0.2144 0.4331, 1.529 -0.3769 0.8865, 1.5149 -0.4244 0.8865, 1.573 -0.0761 0.8865, 1.5748 0.0 0.4331, 1.573 0.0 0.8865, 1.573 0.0761 0.8865, 1.5601 0.2144 0.4331, 1.5596 0.2144 0.8865, 1.5583 0.2275 0.8865, 1.5164 0.4249 0.4331, 1.529 0.3769 0.8865, 1.4444 0.6274 0.4331, 1.4855 0.5227 0.8865, 1.5149 0.4244 0.8865, 1.3447 0.8177 0.8865, 1.3574 0.7984 0.8865, 1.3455 0.8182 0.4331, 1.4281 0.6636 0.8865, 1.4431 0.6269 0.8865, 1.274 0.9256 0.8865, 1.2216 0.9938 0.4331, 1.2202 0.9927 0.8865, 1.1788 1.0443 0.8865, 1.0749 1.1509 0.4331, 1.0748 1.1508 0.8865, 1.0725 1.1532 0.8865, 0.9082 1.2866 0.4331, 0.9562 1.2513 0.8865, 0.7245 1.3982 0.4331, 0.8309 1.3377 0.8865, 0.9072 1.2851 0.8865, 0.527 1.4827 0.8865, 0.5584 1.4725 0.8865, 0.5274 1.4839 0.4331, 0.6979 1.4117 0.8865, 0.7239 1.3972 0.8865, 0.4137 1.5195 0.8865, 0.3204 1.5419 0.4331, 0.32 1.5402 0.8865, 0.2651 1.5523 0.8865, 0.1075 1.5711 0.4331, 0.1141 1.5707 0.8865, -0.1075 1.5711 0.4331, -0.0381 1.5743 0.8865, 0.1075 1.5708 0.8865, -0.3204 1.5419 0.4331, -0.1898 1.5633 0.8865, -0.1073 1.5693 0.8865, -0.5268 1.4825 0.8865, -0.4866 1.4977 0.8865, -0.5274 1.4839 0.4331, -0.3398 1.5377 0.8865, -0.3203 1.541 0.8865, -0.6289 1.4438 0.8865, -0.7245 1.3982 0.4331, -0.7238 1.3968 0.8865, -0.7653 1.3763 0.8865, -0.9082 1.2866 0.4331, -0.8946 1.296 0.8865, -1.0749 1.1509 0.4331, -1.0155 1.2036 0.8865, -0.9077 1.286 0.8865, -1.2216 0.9938 0.4331, -1.1269 1.1 0.8865, -1.0736 1.1496 0.8865, -1.3441 0.8174 0.8865, -1.3173 0.863 0.8865, -1.3455 0.8182 0.4331, -1.2278 0.9861 0.8865, -1.2213 0.9935 0.8865, -1.3944 0.7318 0.8865, -1.4444 0.6274 0.4331, -1.4432 0.6268 0.8865, -1.4585 0.5938 0.8865, -1.5164 0.4249 0.4331, -1.509 0.4503 0.8865, -1.5601 0.2144 0.4331, -1.5455 0.3026 0.8865, -1.5154 0.4246 0.8865, -1.5748 0.0 0.8865, -1.5675 0.152 0.8865, -1.5584 0.2142 0.8865
            ]
        }
        coordIndex [
            0,1,2,-1,3,4,5,-1,5,4,6,-1,5,6,7,-1,7,6,8,-1,0,2,6,-1,6,2,9,-1,6,9,10,-1,11,12,6,-1,6,12,13,-1,6,13,14,-1,14,15,6,-1,6,15,16,-1,6,16,17,-1,1,18,2,-1,2,18,19,-1,2,19,20,-1,17,21,6,-1,6,21,22,-1,6,22,8,-1,23,24,25,-1,25,24,26,-1,27,24,28,-1,28,24,29,-1,27,30,24,-1,24,30,2,-1,24,2,31,-1,31,2,32,-1,23,33,24,-1,24,33,34,-1,24,34,29,-1,10,35,6,-1,6,35,36,-1,6,36,37,-1,38,6,39,-1,39,6,40,-1,38,41,6,-1,6,41,42,-1,6,42,11,-1,20,43,2,-1,2,43,44,-1,2,44,32,-1,37,45,6,-1,6,45,46,-1,6,46,40,-1,47,48,49,-1,50,51,48,-1,48,51,52,-1,48,52,49,-1,53,54,55,-1,55,54,56,-1,55,56,50,-1,50,56,57,-1,50,57,51,-1,53,55,58,-1,58,55,59,-1,58,59,60,-1,60,59,61,-1,61,59,62,-1,61,62,63,-1,64,65,62,-1,62,65,66,-1,62,66,63,-1,67,68,64,-1,64,68,69,-1,64,69,65,-1,70,71,72,-1,72,71,73,-1,72,73,67,-1,67,73,74,-1,67,74,68,-1,70,72,75,-1,75,72,76,-1,75,76,77,-1,77,76,78,-1,78,76,79,-1,78,79,80,-1,81,82,79,-1,79,82,83,-1,79,83,80,-1,84,85,81,-1,81,85,86,-1,81,86,82,-1,87,88,89,-1,89,88,90,-1,89,90,84,-1,84,90,91,-1,84,91,85,-1,87,89,92,-1,92,89,93,-1,92,93,94,-1,94,93,95,-1,95,93,96,-1,95,96,97,-1,98,99,96,-1,96,99,100,-1,96,100,97,-1,101,102,103,-1,103,102,104,-1,103,104,98,-1,98,104,105,-1,98,105,99,-1,101,103,106,-1,106,103,107,-1,106,107,108,-1,108,107,109,-1,109,107,110,-1,109,110,111,-1,111,110,112,-1,112,110,113,-1,112,113,114,-1,115,116,113,-1,113,116,117,-1,113,117,114,-1,118,119,120,-1,120,119,121,-1,120,121,115,-1,115,121,122,-1,115,122,116,-1,118,120,123,-1,123,120,124,-1,123,124,125,-1,125,124,126,-1,126,124,127,-1,126,127,128,-1,128,127,129,-1,129,127,130,-1,129,130,131,-1,132,133,130,-1,130,133,134,-1,130,134,131,-1,135,136,137,-1,137,136,138,-1,137,138,132,-1,132,138,139,-1,132,139,133,-1,135,137,140,-1,140,137,141,-1,140,141,142,-1,142,141,143,-1,143,141,144,-1,143,144,145,-1,145,144,146,-1,146,144,147,-1,146,147,148,-1,149,150,147,-1,147,150,151,-1,147,151,148,-1,152,153,154,-1,154,153,155,-1,154,155,149,-1,149,155,156,-1,149,156,150,-1,152,154,157,-1,157,154,158,-1,157,158,159,-1,159,158,160,-1,160,158,161,-1,160,161,162,-1,163,164,161,-1,161,164,165,-1,161,165,162,-1,166,167,163,-1,163,167,168,-1,163,168,164,-1,169,170,171,-1,171,170,172,-1,171,172,166,-1,166,172,173,-1,166,173,167,-1,169,171,174,-1,174,171,175,-1,174,175,176,-1,176,175,177,-1,177,175,178,-1,177,178,179,-1,180,181,178,-1,178,181,182,-1,178,182,179,-1,183,184,180,-1,180,184,185,-1,180,185,181,-1,186,187,188,-1,188,187,189,-1,188,189,183,-1,183,189,190,-1,183,190,184,-1,186,188,191,-1,191,188,192,-1,191,192,193,-1,193,192,194,-1,194,192,195,-1,194,195,196,-1,197,198,195,-1,195,198,199,-1,195,199,196,-1,49,200,47,-1,47,200,201,-1,47,201,197,-1,197,201,202,-1,197,202,198,-1,
        ]
    }
}
Shape{
    appearance Appearance {
        material  Material 	{
            diffuseColor 0.2235294117647059 0.2235294117647059 0.2235294117647059
            specularColor 0.11372549019607843 0.11372549019607843 0.11372549019607843
            ambientIntensity 0.2235
            transparency 0.0
            shininess 0.5
        }
    }
    geometry IndexedFaceSet {
        ccw TRUE
        solid FALSE
        coord DEF co Coordinate {
            point [
                0.1075 1.5711 0.4331, 0.3937 1.535 0.4331, 0.3937 1.6339 0.4331, -0.3937 -1.535 0.4331, -0.3937 -1.6339 0.4331, -0.1075 -1.5711 0.4331, 0.3937 -1.6339 0.4331, -0.1075 1.5711 0.4331, -0.3937 1.6339 0.4331, -0.3937 1.535 0.4331, 0.3204 1.5419 0.4331, 0.5274 1.4839 0.4331, 0.5946 1.4689 0.4331, 0.7245 1.3982 0.4331, 0.785 1.3766 0.4331, 0.9082 1.2866 0.4331, 0.9613 1.2598 0.4331, 1.0749 1.1509 0.4331, 1.1205 1.1205 0.4331, 1.2216 0.9938 0.4331, 1.2598 0.9613 0.4331, 1.3455 0.8182 0.4331, 1.3766 0.785 0.4331, 1.4444 0.6274 0.4331, 1.4689 0.5946 0.4331, 1.535 0.3937 0.4331, 1.5164 0.4249 0.4331, 1.5601 0.2144 0.4331, 1.6339 0.3937 0.4331, 1.5748 0.0 0.4331, 1.6339 -0.3937 0.4331, 1.5601 -0.2144 0.4331, 1.535 -0.3937 0.4331, 1.5164 -0.4249 0.4331, 1.4689 -0.5946 0.4331, 1.4444 -0.6274 0.4331, 1.3766 -0.785 0.4331, 1.3455 -0.8182 0.4331, 1.2598 -0.9613 0.4331, 1.2216 -0.9938 0.4331, 1.1205 -1.1205 0.4331, 1.0749 -1.1509 0.4331, 0.9613 -1.2598 0.4331, 0.9082 -1.2866 0.4331, 0.785 -1.3766 0.4331, 0.7245 -1.3982 0.4331, 0.5946 -1.4689 0.4331, 0.5274 -1.4839 0.4331, 0.3937 -1.535 0.4331, 0.3204 -1.5419 0.4331, 0.1075 -1.5711 0.4331, -0.3204 -1.5419 0.4331, -0.5274 -1.4839 0.4331, -0.5946 -1.4689 0.4331, -0.7245 -1.3982 0.4331, -0.785 -1.3766 0.4331, -0.9082 -1.2866 0.4331, -0.9613 -1.2598 0.4331, -1.0749 -1.1509 0.4331, -1.1205 -1.1205 0.4331, -1.2216 -0.9938 0.4331, -1.2598 -0.9613 0.4331, -1.3455 -0.8182 0.4331, -1.3766 -0.785 0.4331, -1.4444 -0.6274 0.4331, -1.4689 -0.5946 0.4331, -1.5164 -0.4249 0.4331, -1.535 -0.3937 0.4331, -1.5601 -0.2144 0.4331, -1.6339 -0.3937 0.4331, -1.5748 0.0 0.4331, -1.6339 0.3937 0.4331, -1.5601 0.2144 0.4331, -1.535 0.3937 0.4331, -1.5164 0.4249 0.4331, -1.4689 0.5946 0.4331, -1.4444 0.6274 0.4331, -1.3766 0.785 0.4331, -1.3455 0.8182 0.4331, -1.2598 0.9613 0.4331, -1.2216 0.9938 0.4331, -1.1205 1.1205 0.4331, -1.0749 1.1509 0.4331, -0.9613 1.2598 0.4331, -0.9082 1.2866 0.4331, -0.785 1.3766 0.4331, -0.7245 1.3982 0.4331, -0.5946 1.4689 0.4331, -0.5274 1.4839 0.4331, -0.3204 1.5419 0.4331, 1.6339 0.2559 0.1181, 1.6339 0.2559 0.0394, 1.6339 1.6339 0.0394, 1.6339 1.6339 1.0236, 1.6339 0.3937 1.0236, 1.6339 -0.3937 1.0236, 1.6339 -1.6339 1.0236, 1.6339 -1.6339 0.0394, 1.6339 -0.5373 0.0394, 1.6339 -0.2559 0.1181, 1.6339 -0.2559 0.0394, 0.3937 1.6339 1.0236, -0.9252 1.6339 0.748, -0.3937 1.6339 0.748, -0.9252 1.6339 0.0394, 0.0648 1.6339 0.0394, 0.3937 1.535 1.0236, 0.5946 1.4689 1.0236, 0.785 1.3766 1.0236, 0.9613 1.2598 1.0236, 1.1205 1.1205 1.0236, 1.2598 0.9613 1.0236, 1.535 0.3937 1.0236, 1.4689 0.5946 1.0236, 1.3766 0.785 1.0236, -1.6339 0.9252 0.748, -1.6339 0.9252 0.0394, -1.6339 -0.5373 0.0394, -1.6339 -0.9252 0.0394, -1.6339 -0.9252 0.748, -1.6339 -0.3937 0.748, -1.6339 0.3937 0.748, -1.6339 0.2559 0.0394, -1.6339 0.2559 0.1181, -1.6339 -0.2559 0.1181, -1.6339 -0.2559 0.0394, -0.9252 -1.6339 0.748, -0.9252 -1.6339 0.0394, 0.3937 -1.6339 1.0236, -0.3937 -1.6339 0.748, 0.0648 -1.6339 0.0394, 1.535 -0.3937 1.0236, 1.4689 -0.5946 1.0236, 1.3766 -0.785 1.0236, 1.2598 -0.9613 1.0236, 1.1205 -1.1205 1.0236, 0.3937 -1.535 1.0236, 0.5946 -1.4689 1.0236, 0.9613 -1.2598 1.0236, 0.785 -1.3766 1.0236, -0.3937 1.535 0.748, -0.5946 1.4689 0.748, -0.785 1.3766 0.748, -0.9613 1.2598 0.748, -1.1205 1.1205 0.748, -1.2598 0.9613 0.748, -1.3766 0.785 0.748, -1.4689 0.5946 0.748, -1.535 0.3937 0.748, -0.3937 -1.535 0.748, -1.535 -0.3937 0.748, -1.4689 -0.5946 0.748, -1.3766 -0.785 0.748, -1.2598 -0.9613 0.748, -1.1205 -1.1205 0.748, -0.9613 -1.2598 0.748, -0.785 -1.3766 0.748, -0.5946 -1.4689 0.748, -0.1181 -0.2559 0.1181, -0.1181 -0.2559 0.0394, -0.1181 0.2559 0.1181, -0.1181 0.2559 0.0394, 0.1181 0.2559 0.1181, 0.1181 0.2559 0.0394, 0.1181 -0.2559 0.1181, 0.1181 -0.2559 0.0394
            ]
        }
        coordIndex [
            0,1,2,-1,3,4,5,-1,5,4,6,-1,0,2,7,-1,7,2,8,-1,7,8,9,-1,0,10,1,-1,1,10,11,-1,1,11,12,-1,12,11,13,-1,12,13,14,-1,14,13,15,-1,14,15,16,-1,16,15,17,-1,16,17,18,-1,18,17,19,-1,18,19,20,-1,20,19,21,-1,20,21,22,-1,22,21,23,-1,22,23,24,-1,24,23,25,-1,23,26,25,-1,25,26,27,-1,25,27,28,-1,28,27,29,-1,28,29,30,-1,30,29,31,-1,30,31,32,-1,32,31,33,-1,32,33,34,-1,34,33,35,-1,34,35,36,-1,36,35,37,-1,36,37,38,-1,38,37,39,-1,38,39,40,-1,40,39,41,-1,40,41,42,-1,42,41,43,-1,42,43,44,-1,44,43,45,-1,44,45,46,-1,46,45,47,-1,46,47,48,-1,48,47,49,-1,48,49,6,-1,6,49,50,-1,6,50,5,-1,5,51,3,-1,3,51,52,-1,3,52,53,-1,53,52,54,-1,53,54,55,-1,55,54,56,-1,55,56,57,-1,57,56,58,-1,57,58,59,-1,59,58,60,-1,59,60,61,-1,61,60,62,-1,61,62,63,-1,63,62,64,-1,63,64,65,-1,65,64,66,-1,65,66,67,-1,67,66,68,-1,67,68,69,-1,69,68,70,-1,69,70,71,-1,71,70,72,-1,71,72,73,-1,73,72,74,-1,73,74,75,-1,75,74,76,-1,75,76,77,-1,77,76,78,-1,77,78,79,-1,79,78,80,-1,79,80,81,-1,81,80,82,-1,81,82,83,-1,83,82,84,-1,83,84,85,-1,85,84,86,-1,85,86,87,-1,87,86,88,-1,87,88,9,-1,9,88,89,-1,9,89,7,-1,90,91,92,-1,93,94,28,-1,95,96,30,-1,30,96,97,-1,30,97,98,-1,92,93,90,-1,90,93,28,-1,90,28,99,-1,99,28,30,-1,99,30,100,-1,100,30,98,-1,2,101,93,-1,102,103,104,-1,104,103,8,-1,104,8,105,-1,105,8,2,-1,105,2,92,-1,92,2,93,-1,101,106,93,-1,93,106,107,-1,93,107,108,-1,108,109,93,-1,93,109,110,-1,93,110,111,-1,112,94,113,-1,113,94,93,-1,113,93,114,-1,114,93,111,-1,102,104,115,-1,115,104,116,-1,117,118,119,-1,119,120,69,-1,121,115,71,-1,71,115,116,-1,116,122,71,-1,71,122,123,-1,71,123,69,-1,69,123,124,-1,69,124,119,-1,119,124,125,-1,119,125,117,-1,119,118,126,-1,126,118,127,-1,96,128,97,-1,97,128,6,-1,129,126,4,-1,4,126,127,-1,4,127,6,-1,6,127,130,-1,6,130,97,-1,95,131,96,-1,96,131,132,-1,132,133,96,-1,96,133,134,-1,96,134,135,-1,136,128,137,-1,137,128,96,-1,135,138,96,-1,96,138,139,-1,96,139,137,-1,9,140,87,-1,87,140,141,-1,87,141,85,-1,85,141,142,-1,85,142,83,-1,83,142,143,-1,83,143,81,-1,81,143,144,-1,81,144,79,-1,79,144,145,-1,79,145,77,-1,77,145,146,-1,77,146,75,-1,75,146,147,-1,75,147,73,-1,73,147,148,-1,9,8,140,-1,140,8,103,-1,2,1,101,-1,101,1,106,-1,25,112,24,-1,24,112,113,-1,24,113,22,-1,22,113,114,-1,22,114,20,-1,20,114,111,-1,20,111,18,-1,18,111,110,-1,18,110,16,-1,16,110,109,-1,16,109,14,-1,14,109,108,-1,14,108,12,-1,12,108,107,-1,12,107,1,-1,1,107,106,-1,25,28,112,-1,112,28,94,-1,30,32,95,-1,95,32,131,-1,48,136,46,-1,46,136,137,-1,46,137,44,-1,44,137,139,-1,44,139,42,-1,42,139,138,-1,42,138,40,-1,40,138,135,-1,40,135,38,-1,38,135,134,-1,38,134,36,-1,36,134,133,-1,36,133,34,-1,34,133,132,-1,34,132,32,-1,32,132,131,-1,48,6,136,-1,136,6,128,-1,4,3,129,-1,129,3,149,-1,67,150,65,-1,65,150,151,-1,65,151,63,-1,63,151,152,-1,63,152,61,-1,61,152,153,-1,61,153,59,-1,59,153,154,-1,59,154,57,-1,57,154,155,-1,57,155,55,-1,55,155,156,-1,55,156,53,-1,53,156,157,-1,53,157,3,-1,3,157,149,-1,150,67,120,-1,120,67,69,-1,71,73,121,-1,121,73,148,-1,140,103,141,-1,141,103,102,-1,141,102,142,-1,121,148,115,-1,115,148,147,-1,115,147,146,-1,146,145,115,-1,115,145,144,-1,115,144,102,-1,102,144,143,-1,102,143,142,-1,129,149,126,-1,126,149,157,-1,150,120,151,-1,151,120,119,-1,151,119,152,-1,152,119,153,-1,157,156,126,-1,126,156,155,-1,126,155,119,-1,119,155,154,-1,119,154,153,-1,124,158,125,-1,125,158,159,-1,158,160,159,-1,159,160,161,-1,160,123,161,-1,161,123,122,-1,160,158,123,-1,123,158,124,-1,90,162,91,-1,91,162,163,-1,162,164,163,-1,163,164,165,-1,164,99,165,-1,165,99,100,-1,164,162,99,-1,99,162,90,-1,
        ]
    }
}
Shape{
    appearance Appearance {
        material  Material 	{
            diffuseColor 0.8509803921568627 0.8509803921568627 0.8509803921568627
            specularColor 0.4235294117647059 0.4235294117647059 0.4235294117647059
            ambientIntensity 0.851
            transparency 0.0
            shininess 0.5
        }
    }
    geometry IndexedFaceSet {
        ccw TRUE
        solid FALSE
        coord DEF co Coordinate {
            point [
                -0.1793 1.4765 1.0502, -0.1849 1.4755 1.0502, -0.1813 1.4468 1.0753, -0.3209 1.4523 1.0502, -0.3308 1.4496 1.0502, -0.3245 1.4216 1.0753, -0.4596 1.4145 1.0502, -0.4735 1.4093 1.0502, -0.4644 1.3822 1.0753, -0.594 1.3636 1.0502, -0.6114 1.355 1.0502, -0.5997 1.3291 1.0753, -1.0643 1.0389 1.0502, -1.0893 1.0107 1.0502, -1.0689 0.9918 1.0753, -1.1596 0.9313 1.0502, -1.1844 0.8972 1.0502, -1.1623 0.8804 1.0753, -1.2441 0.8151 1.0502, -1.2678 0.7748 1.0502, -1.2442 0.7603 1.0753, -1.317 0.6912 1.0502, -1.3386 0.6446 1.0502, -1.3137 0.6327 1.0753, -1.3775 0.5609 1.0502, -1.3961 0.5081 1.0502, -1.3702 0.4987 1.0753, -1.4252 0.4253 1.0502, -1.4397 0.3666 1.0502, -1.413 0.3598 1.0753, -1.4596 0.2858 1.0502, -1.469 0.2214 1.0502, -1.4418 0.2173 1.0753, 0.1077 -1.4834 1.0502, 0.1111 -1.483 1.0502, 0.109 -1.454 1.0753, 0.2504 -1.4661 1.0502, 0.2582 -1.4644 1.0502, 0.2532 -1.436 1.0753, 0.3907 -1.4351 1.0502, 0.4027 -1.4312 1.0502, 0.3949 -1.4036 1.0753, 0.5274 -1.3907 1.0502, 0.5431 -1.3838 1.0502, 0.5327 -1.3573 1.0753, 1.0129 -1.0891 1.0502, 1.0376 -1.0638 1.0502, 1.0181 -1.0438 1.0753, 1.1133 -0.9863 1.0502, 1.1383 -0.9552 1.0502, 1.117 -0.9373 1.0753, 1.2033 -0.8742 1.0502, 1.2276 -0.837 1.0502, 1.2048 -0.8214 1.0753, 1.282 -0.754 1.0502, 1.3048 -0.7106 1.0502, 1.2806 -0.6974 1.0753, 1.3488 -0.6268 1.0502, 1.369 -0.5771 1.0502, 1.3436 -0.5664 1.0753, 1.403 -0.4937 1.0502, 1.4196 -0.4379 1.0502, 1.3933 -0.4298 1.0753, 1.4441 -0.3559 1.0502, 1.4561 -0.2944 1.0502, 1.4292 -0.2889 1.0753, 1.4717 -0.2149 1.0502, 1.4782 -0.1479 1.0502, 1.4509 -0.1452 1.0753, -0.8512 1.1839 1.2869, -0.7291 1.2628 1.2869, -0.718 1.2435 1.2553, 0.7911 -1.2249 1.2869, 0.6652 -1.2975 1.2869, 0.6551 -1.2778 1.2553, 1.4717 0.2149 1.312, 1.4782 0.1479 1.312, 1.4509 0.1452 1.2869, 1.4441 0.3559 1.312, 1.4561 0.2944 1.312, 1.4292 0.2889 1.2869, 1.403 0.4937 1.312, 1.4196 0.4379 1.312, 1.3933 0.4298 1.2869, 1.3488 0.6268 1.312, 1.369 0.5771 1.312, 1.3436 0.5664 1.2869, 1.282 0.754 1.312, 1.3048 0.7106 1.312, 1.2806 0.6974 1.2869, 1.2033 0.8742 1.312, 1.2276 0.837 1.312, 1.2048 0.8214 1.2869, 1.1133 0.9863 1.312, 1.1383 0.9552 1.312, 1.117 0.9373 1.2869, 1.0129 1.0891 1.312, 1.0376 1.0638 1.312, 1.0181 1.0438 1.2869, 0.903 1.1818 1.312, 0.9266 1.1619 1.312, 0.9091 1.14 1.2869, 0.7848 1.2634 1.312, 0.8063 1.2485 1.312, 0.7911 1.2249 1.2869, 0.6592 1.3333 1.312, 0.6781 1.3227 1.312, 0.6652 1.2975 1.2869, -1.0643 1.0389 1.312, -0.9833 1.1143 1.312, -0.9648 1.0933 1.2869, -1.1596 0.9313 1.312, -1.0893 1.0107 1.312, -1.0689 0.9918 1.2869, -1.2441 0.8151 1.312, -1.1844 0.8972 1.312, -1.1623 0.8804 1.2869, -1.317 0.6912 1.312, -1.2678 0.7748 1.312, -1.2442 0.7603 1.2869, -1.3775 0.5609 1.312, -1.3386 0.6446 1.312, -1.3137 0.6327 1.2869, -1.4252 0.4253 1.312, -1.3961 0.5081 1.312, -1.3702 0.4987 1.2869, -1.4804 -0.1435 1.312, -1.4837 -0.0741 1.312, -1.4563 -0.0727 1.2869, -1.4596 -0.2858 1.312, -1.469 -0.2214 1.312, -1.4418 -0.2173 1.2869, -1.4252 -0.4253 1.312, -1.4397 -0.3666 1.312, -1.413 -0.3598 1.2869, -1.3775 -0.5609 1.312, -1.3961 -0.5081 1.312, -1.3702 -0.4987 1.2869, -1.317 -0.6912 1.312, -1.3386 -0.6446 1.312, -1.3137 -0.6327 1.2869, -1.2441 -0.8151 1.312, -1.2678 -0.7748 1.312, -1.2442 -0.7603 1.2869, -1.1596 -0.9313 1.312, -1.1844 -0.8972 1.312, -1.1623 -0.8804 1.2869, -1.0643 -1.0389 1.312, -1.0893 -1.0107 1.312, -1.0689 -0.9918 1.2869, -0.9591 -1.1368 1.312, -0.9833 -1.1143 1.312, -0.9648 -1.0933 1.2869, -0.8449 -1.224 1.312, -0.8675 -1.2067 1.312, -0.8512 -1.1839 1.2869, -0.7228 -1.2999 1.312, -0.7431 -1.2872 1.312, -0.7291 -1.2628 1.2869, 1.0129 -1.0891 1.312, 0.9266 -1.1619 1.312, 0.9091 -1.14 1.2869, 1.1133 -0.9863 1.312, 1.0376 -1.0638 1.312, 1.0181 -1.0438 1.2869, 1.2033 -0.8742 1.312, 1.1383 -0.9552 1.312, 1.117 -0.9373 1.2869, 1.282 -0.754 1.312, 1.2276 -0.837 1.312, 1.2048 -0.8214 1.2869, 1.3488 -0.6268 1.312, 1.3048 -0.7106 1.312, 1.2806 -0.6974 1.2869, 1.403 -0.4937 1.312, 1.369 -0.5771 1.312, 1.3436 -0.5664 1.2869, 1.4509 -0.1452 1.2869, 1.4782 -0.1479 1.312, 1.4717 -0.2149 1.312, 1.4561 -0.2944 1.312, 1.4292 -0.2889 1.2869, 1.4441 -0.3559 1.312, 1.4196 -0.4379 1.312, 1.3933 -0.4298 1.2869, 0.903 -1.1818 1.312, 0.8063 -1.2485 1.312, 0.7848 -1.2634 1.312, 0.6781 -1.3227 1.312, 0.6592 -1.3333 1.312, 0.5327 -1.3573 1.2869, 0.5431 -1.3838 1.312, 0.5274 -1.3907 1.312, 0.3949 -1.4036 1.2869, 0.4027 -1.4312 1.312, 0.3907 -1.4351 1.312, 0.2532 -1.436 1.2869, 0.2582 -1.4644 1.312, 0.2504 -1.4661 1.312, 0.109 -1.454 1.2869, 0.1111 -1.483 1.312, 0.1077 -1.4834 1.312, -0.0364 -1.4577 1.2869, -0.0359 -1.4869 1.312, -0.1793 -1.4765 1.312, -0.1849 -1.4755 1.312, -0.1813 -1.4468 1.2869, -0.3209 -1.4523 1.312, -0.3308 -1.4496 1.312, -0.3245 -1.4216 1.2869, -0.4596 -1.4145 1.312, -0.4735 -1.4093 1.312, -0.4644 -1.3822 1.2869, -0.594 -1.3636 1.312, -0.6114 -1.355 1.312, -0.5997 -1.3291 1.2869, -1.4873 0.0 1.312, -1.4563 0.0727 1.2869, -1.4837 0.0741 1.312, -1.4804 0.1435 1.312, -1.469 0.2214 1.312, -1.4418 0.2173 1.2869, -1.4596 0.2858 1.312, -1.4397 0.3666 1.312, -1.413 0.3598 1.2869, -0.9591 1.1368 1.312, -0.8675 1.2067 1.312, -0.8449 1.224 1.312, -0.7431 1.2872 1.312, -0.7228 1.2999 1.312, -0.5997 1.3291 1.2869, -0.6114 1.355 1.312, -0.594 1.3636 1.312, -0.4644 1.3822 1.2869, -0.4735 1.4093 1.312, -0.4596 1.4145 1.312, -0.3245 1.4216 1.2869, -0.3308 1.4496 1.312, -0.3209 1.4523 1.312, -0.1813 1.4468 1.2869, -0.1849 1.4755 1.312, -0.1793 1.4765 1.312, -0.0364 1.4577 1.2869, -0.0359 1.4869 1.312, 0.1077 1.4834 1.312, 0.1111 1.483 1.312, 0.109 1.454 1.2869, 0.2504 1.4661 1.312, 0.2582 1.4644 1.312, 0.2532 1.436 1.2869, 0.3907 1.4351 1.312, 0.4027 1.4312 1.312, 0.3949 1.4036 1.2869, 0.5274 1.3907 1.312, 0.5431 1.3838 1.312, 0.5327 1.3573 1.2869, 1.4856 0.0719 1.312, 1.4581 0.0 1.2869, 1.4856 0.0 1.312, 1.4856 -0.0719 1.312, 0.5195 -1.3237 1.2194, 0.5246 -1.3367 1.2553, -0.5849 1.2962 1.2194, -0.5906 1.3088 1.2553, 0.3839 -1.3643 1.1811, 0.3851 -1.3689 1.2194, 0.3889 -1.3822 1.2553, -0.4514 1.3435 1.1811, -0.4529 1.348 1.2194, -0.4573 1.3611 1.2553, 0.2469 -1.4004 1.1428, 0.2461 -1.3958 1.1811, 0.2469 -1.4004 1.2194, 0.2493 -1.4141 1.2553, -0.3164 1.3864 1.1428, -0.3154 1.3818 1.1811, -0.3164 1.3864 1.2194, -0.3195 1.3999 1.2553, 0.1073 -1.4319 1.1069, 0.1063 -1.4181 1.1428, 0.1059 -1.4134 1.1811, 0.1063 -1.4181 1.2194, 0.1073 -1.4319 1.2553, -0.1785 1.4248 1.1069, -0.1768 1.411 1.1428, -0.1762 1.4063 1.1811, -0.1768 1.411 1.2194, -0.1785 1.4248 1.2553, -0.0364 -1.4577 1.0753, -0.0358 -1.4355 1.1069, -0.0355 -1.4216 1.1428, -0.0353 -1.4169 1.1811, -0.0355 -1.4216 1.2194, -0.0358 -1.4355 1.2553, -0.0364 1.4577 1.0753, -0.0358 1.4355 1.1069, -0.0355 1.4216 1.1428, -0.0353 1.4169 1.1811, -0.0355 1.4216 1.2194, -0.0358 1.4355 1.2553, 0.7911 -1.2249 1.0753, 0.9091 -1.14 1.0753, 0.8953 -1.1226 1.1069, -0.8512 1.1839 1.0753, -0.9648 1.0933 1.0753, -0.9501 1.0766 1.1069, 1.4581 0.0 1.0753, 1.4359 0.0 1.1069, 1.4288 -0.143 1.1069, 1.422 0.0 1.1428, 1.415 -0.1416 1.1428, 1.4173 0.0 1.1811, 1.4103 -0.1411 1.1811, 1.422 0.0 1.2194, 1.415 -0.1416 1.2194, 1.4359 0.0 1.2553, 1.4288 -0.143 1.2553, 1.4074 -0.2845 1.2553, 1.3938 -0.2818 1.2194, 1.3892 -0.2808 1.1811, 1.3938 -0.2818 1.1428, 1.4074 -0.2845 1.1069, 1.3721 -0.4232 1.2553, 1.3589 -0.4192 1.2194, 1.3544 -0.4178 1.1811, 1.3589 -0.4192 1.1428, 1.3721 -0.4232 1.1069, 1.3232 -0.5578 1.2553, 1.3104 -0.5524 1.2194, 1.306 -0.5505 1.1811, 1.3104 -0.5524 1.1428, 1.3232 -0.5578 1.1069, 1.2611 -0.6867 1.2553, 1.2489 -0.6801 1.2194, 1.2447 -0.6778 1.1811, 1.2489 -0.6801 1.1428, 1.2611 -0.6867 1.1069, 1.1749 -0.8011 1.2194, 1.171 -0.7984 1.1811, 1.1749 -0.8011 1.1428, 1.1864 -0.8089 1.1069, 1.0857 -0.911 1.1811, 1.0893 -0.9141 1.1428, 1.1 -0.923 1.1069, 0.9929 -1.018 1.1428, 1.0026 -1.0279 1.1069, 0.9266 -1.1619 1.0502, 0.6592 -1.3333 1.0502, 0.6781 -1.3227 1.0502, 0.6652 -1.2975 1.0753, 0.7791 -1.2062 1.1069, 0.8866 -1.1118 1.1428, 0.9896 -1.0146 1.1811, 1.0893 -0.9141 1.2194, 1.1864 -0.8089 1.2553, 0.7848 -1.2634 1.0502, 0.8063 -1.2485 1.0502, 0.903 -1.1818 1.0502, 0.6551 -1.2778 1.1069, 0.7715 -1.1946 1.1428, 0.8837 -1.1081 1.1811, 0.9929 -1.018 1.2194, 1.1 -0.923 1.2553, 0.5246 -1.3367 1.1069, 0.6488 -1.2654 1.1428, 0.769 -1.1906 1.1811, 0.8866 -1.1118 1.2194, 1.0026 -1.0279 1.2553, 0.3889 -1.3822 1.1069, 0.5195 -1.3237 1.1428, 0.6466 -1.2612 1.1811, 0.7715 -1.1946 1.2194, 0.8953 -1.1226 1.2553, 0.2493 -1.4141 1.1069, 0.3851 -1.3689 1.1428, 0.5178 -1.3193 1.1811, 0.6488 -1.2654 1.2194, 0.7791 -1.2062 1.2553, -0.0359 -1.4869 1.0502, -0.1813 -1.4468 1.0753, -0.1849 -1.4755 1.0502, -0.1793 -1.4765 1.0502, -0.1785 -1.4248 1.2553, -0.1768 -1.411 1.2194, -0.1762 -1.4063 1.1811, -0.1768 -1.411 1.1428, -0.1785 -1.4248 1.1069, -0.3245 -1.4216 1.0753, -0.3308 -1.4496 1.0502, -0.3209 -1.4523 1.0502, -0.3195 -1.3999 1.2553, -0.3164 -1.3864 1.2194, -0.3154 -1.3818 1.1811, -0.3164 -1.3864 1.1428, -0.3195 -1.3999 1.1069, -0.4644 -1.3822 1.0753, -0.4735 -1.4093 1.0502, -0.4596 -1.4145 1.0502, -0.4573 -1.3611 1.2553, -0.4529 -1.348 1.2194, -0.4514 -1.3435 1.1811, -0.4529 -1.348 1.1428, -0.4573 -1.3611 1.1069, -0.5997 -1.3291 1.0753, -0.6114 -1.355 1.0502, -0.594 -1.3636 1.0502, -0.5906 -1.3088 1.2553, -0.5849 -1.2962 1.2194, -0.5829 -1.2919 1.1811, -0.5849 -1.2962 1.1428, -0.5906 -1.3088 1.1069, -0.7291 -1.2628 1.0753, -0.7431 -1.2872 1.0502, -0.7228 -1.2999 1.0502, -0.718 -1.2435 1.2553, -0.711 -1.2315 1.2194, -0.7087 -1.2274 1.1811, -0.711 -1.2315 1.1428, -0.718 -1.2435 1.1069, -0.8512 -1.1839 1.0753, -0.8675 -1.2067 1.0502, -0.8449 -1.224 1.0502, -0.8382 -1.1659 1.2553, -0.8301 -1.1546 1.2194, -0.8274 -1.1508 1.1811, -0.8301 -1.1546 1.1428, -0.8382 -1.1659 1.1069, -0.9648 -1.0933 1.0753, -0.9833 -1.1143 1.0502, -0.9591 -1.1368 1.0502, -0.9501 -1.0766 1.2553, -0.9409 -1.0662 1.2194, -0.9378 -1.0627 1.1811, -0.9409 -1.0662 1.1428, -0.9501 -1.0766 1.1069, -1.0689 -0.9918 1.0753, -1.0893 -1.0107 1.0502, -1.0643 -1.0389 1.0502, -1.0526 -0.9767 1.2553, -1.0424 -0.9672 1.2194, -1.039 -0.964 1.1811, -1.0424 -0.9672 1.1428, -1.0526 -0.9767 1.1069, -1.1623 -0.8804 1.0753, -1.1844 -0.8972 1.0502, -1.1596 -0.9313 1.0502, -1.1446 -0.867 1.2553, -1.1336 -0.8586 1.2194, -1.1298 -0.8558 1.1811, -1.1336 -0.8586 1.1428, -1.1446 -0.867 1.1069, -1.2442 -0.7603 1.0753, -1.2678 -0.7748 1.0502, -1.2441 -0.8151 1.0502, -1.2253 -0.7487 1.2553, -1.2134 -0.7415 1.2194, -1.2094 -0.739 1.1811, -1.2134 -0.7415 1.1428, -1.2253 -0.7487 1.1069, -1.3137 -0.6327 1.0753, -1.3386 -0.6446 1.0502, -1.317 -0.6912 1.0502, -1.2937 -0.623 1.2553, -1.2812 -0.617 1.2194, -1.277 -0.615 1.1811, -1.2812 -0.617 1.1428, -1.2937 -0.623 1.1069, -1.3702 -0.4987 1.0753, -1.3961 -0.5081 1.0502, -1.3775 -0.5609 1.0502, -1.3493 -0.4911 1.2553, -1.3363 -0.4864 1.2194, -1.3318 -0.4848 1.1811, -1.3363 -0.4864 1.1428, -1.3493 -0.4911 1.1069, -1.413 -0.3598 1.0753, -1.4397 -0.3666 1.0502, -1.4252 -0.4253 1.0502, -1.3915 -0.3543 1.2553, -1.3781 -0.3509 1.2194, -1.3735 -0.3497 1.1811, -1.3781 -0.3509 1.1428, -1.3915 -0.3543 1.1069, -1.4418 -0.2173 1.0753, -1.469 -0.2214 1.0502, -1.4596 -0.2858 1.0502, -1.4199 -0.214 1.2553, -1.4062 -0.2119 1.2194, -1.4015 -0.2112 1.1811, -1.4062 -0.2119 1.1428, -1.4199 -0.214 1.1069, -1.4563 -0.0727 1.0753, -1.4837 -0.0741 1.0502, -1.4804 -0.1435 1.0502, -1.4341 -0.0716 1.2553, -1.4203 -0.0709 1.2194, -1.4156 -0.0706 1.1811, -1.4203 -0.0709 1.1428, -1.4341 -0.0716 1.1069, -1.4804 0.1435 1.0502, -1.4837 0.0741 1.0502, -1.4563 0.0727 1.0753, -1.4873 0.0 1.0502, -1.4341 0.0716 1.2553, -1.4203 0.0709 1.2194, -1.4156 0.0706 1.1811, -1.4203 0.0709 1.1428, -1.4341 0.0716 1.1069, -1.4199 0.214 1.2553, -1.4062 0.2119 1.2194, -1.4015 0.2112 1.1811, -1.4062 0.2119 1.1428, -1.4199 0.214 1.1069, -1.3915 0.3543 1.2553, -1.3781 0.3509 1.2194, -1.3735 0.3497 1.1811, -1.3781 0.3509 1.1428, -1.3915 0.3543 1.1069, -1.3493 0.4911 1.2553, -1.3363 0.4864 1.2194, -1.3318 0.4848 1.1811, -1.3363 0.4864 1.1428, -1.3493 0.4911 1.1069, -1.2937 0.623 1.2553, -1.2812 0.617 1.2194, -1.277 0.615 1.1811, -1.2812 0.617 1.1428, -1.2937 0.623 1.1069, -1.2134 0.7415 1.2194, -1.2094 0.739 1.1811, -1.2134 0.7415 1.1428, -1.2253 0.7487 1.1069, -1.1298 0.8558 1.1811, -1.1336 0.8586 1.1428, -1.1446 0.867 1.1069, -1.0424 0.9672 1.1428, -1.0526 0.9767 1.1069, -0.9833 1.1143 1.0502, -0.7228 1.2999 1.0502, -0.7431 1.2872 1.0502, -0.7291 1.2628 1.0753, -0.8382 1.1659 1.1069, -0.9409 1.0662 1.1428, -1.039 0.964 1.1811, -1.1336 0.8586 1.2194, -1.2253 0.7487 1.2553, -0.8449 1.224 1.0502, -0.8675 1.2067 1.0502, -0.9591 1.1368 1.0502, -0.718 1.2435 1.1069, -0.8301 1.1546 1.1428, -0.9378 1.0627 1.1811, -1.0424 0.9672 1.2194, -1.1446 0.867 1.2553, -0.5906 1.3088 1.1069, -0.711 1.2315 1.1428, -0.8274 1.1508 1.1811, -0.9409 1.0662 1.2194, -1.0526 0.9767 1.2553, -0.4573 1.3611 1.1069, -0.5849 1.2962 1.1428, -0.7087 1.2274 1.1811, -0.8301 1.1546 1.2194, -0.9501 1.0766 1.2553, -0.3195 1.3999 1.1069, -0.4529 1.348 1.1428, -0.5829 1.2919 1.1811, -0.711 1.2315 1.2194, -0.8382 1.1659 1.2553, -0.0359 1.4869 1.0502, 0.109 1.454 1.0753, 0.1111 1.483 1.0502, 0.1077 1.4834 1.0502, 0.1073 1.4319 1.2553, 0.1063 1.4181 1.2194, 0.1059 1.4134 1.1811, 0.1063 1.4181 1.1428, 0.1073 1.4319 1.1069, 0.2532 1.436 1.0753, 0.2582 1.4644 1.0502, 0.2504 1.4661 1.0502, 0.2493 1.4141 1.2553, 0.2469 1.4004 1.2194, 0.2461 1.3958 1.1811, 0.2469 1.4004 1.1428, 0.2493 1.4141 1.1069, 0.3949 1.4036 1.0753, 0.4027 1.4312 1.0502, 0.3907 1.4351 1.0502, 0.3889 1.3822 1.2553, 0.3851 1.3689 1.2194, 0.3839 1.3643 1.1811, 0.3851 1.3689 1.1428, 0.3889 1.3822 1.1069, 0.5327 1.3573 1.0753, 0.5431 1.3838 1.0502, 0.5274 1.3907 1.0502, 0.5246 1.3367 1.2553, 0.5195 1.3237 1.2194, 0.5178 1.3193 1.1811, 0.5195 1.3237 1.1428, 0.5246 1.3367 1.1069, 0.6652 1.2975 1.0753, 0.6781 1.3227 1.0502, 0.6592 1.3333 1.0502, 0.6551 1.2778 1.2553, 0.6488 1.2654 1.2194, 0.6466 1.2612 1.1811, 0.6488 1.2654 1.1428, 0.6551 1.2778 1.1069, 0.7911 1.2249 1.0753, 0.8063 1.2485 1.0502, 0.7848 1.2634 1.0502, 0.7791 1.2062 1.2553, 0.7715 1.1946 1.2194, 0.769 1.1906 1.1811, 0.7715 1.1946 1.1428, 0.7791 1.2062 1.1069, 0.9091 1.14 1.0753, 0.9266 1.1619 1.0502, 0.903 1.1818 1.0502, 0.8953 1.1226 1.2553, 0.8866 1.1118 1.2194, 0.8837 1.1081 1.1811, 0.8866 1.1118 1.1428, 0.8953 1.1226 1.1069, 1.0181 1.0438 1.0753, 1.0376 1.0638 1.0502, 1.0129 1.0891 1.0502, 1.0026 1.0279 1.2553, 0.9929 1.018 1.2194, 0.9896 1.0146 1.1811, 0.9929 1.018 1.1428, 1.0026 1.0279 1.1069, 1.117 0.9373 1.0753, 1.1383 0.9552 1.0502, 1.1133 0.9863 1.0502, 1.1 0.923 1.2553, 1.0893 0.9141 1.2194, 1.0857 0.911 1.1811, 1.0893 0.9141 1.1428, 1.1 0.923 1.1069, 1.2048 0.8214 1.0753, 1.2276 0.837 1.0502, 1.2033 0.8742 1.0502, 1.1864 0.8089 1.2553, 1.1749 0.8011 1.2194, 1.171 0.7984 1.1811, 1.1749 0.8011 1.1428, 1.1864 0.8089 1.1069, 1.2806 0.6974 1.0753, 1.3048 0.7106 1.0502, 1.282 0.754 1.0502, 1.2611 0.6867 1.2553, 1.2489 0.6801 1.2194, 1.2447 0.6778 1.1811, 1.2489 0.6801 1.1428, 1.2611 0.6867 1.1069, 1.3436 0.5664 1.0753, 1.369 0.5771 1.0502, 1.3488 0.6268 1.0502, 1.3232 0.5578 1.2553, 1.3104 0.5524 1.2194, 1.306 0.5505 1.1811, 1.3104 0.5524 1.1428, 1.3232 0.5578 1.1069, 1.3933 0.4298 1.0753, 1.4196 0.4379 1.0502, 1.403 0.4937 1.0502, 1.3721 0.4232 1.2553, 1.3589 0.4192 1.2194, 1.3544 0.4178 1.1811, 1.3589 0.4192 1.1428, 1.3721 0.4232 1.1069, 1.4292 0.2889 1.0753, 1.4561 0.2944 1.0502, 1.4441 0.3559 1.0502, 1.4074 0.2845 1.2553, 1.3938 0.2818 1.2194, 1.3892 0.2808 1.1811, 1.3938 0.2818 1.1428, 1.4074 0.2845 1.1069, 1.4509 0.1452 1.0753, 1.4782 0.1479 1.0502, 1.4717 0.2149 1.0502, 1.4288 0.143 1.2553, 1.415 0.1416 1.2194, 1.4103 0.1411 1.1811, 1.415 0.1416 1.1428, 1.4288 0.143 1.1069, 1.4856 -0.0719 1.0502, 1.4873 0.0 1.0502, 1.4856 0.0719 1.0502, -1.5675 0.152 3.7795, -1.5675 0.152 1.4757, -1.5748 0.0 3.7795, -1.5748 0.0 1.4757, -1.5675 -0.152 3.7795, -1.5675 -0.152 1.4757, -1.5584 -0.2142 3.7795, -1.5584 -0.2142 1.4757, -1.5455 -0.3026 3.7795, -1.5455 -0.3026 1.4757, -1.5154 -0.4246 3.7795, -1.5154 -0.4246 1.4757, -1.509 -0.4503 3.7795, -1.509 -0.4503 1.4757, -1.4585 -0.5938 3.7795, -1.4585 -0.5938 1.4757, -1.4432 -0.6268 3.7795, -1.4432 -0.6268 1.4757, -1.3944 -0.7318 3.7795, -1.3944 -0.7318 1.4757, -1.3441 -0.8174 3.7795, -1.3441 -0.8174 1.4757, -1.3173 -0.863 3.7795, -1.3173 -0.863 1.4757, -1.2278 -0.9861 3.7795, -1.2278 -0.9861 1.4757, -1.2213 -0.9935 3.7795, -1.2213 -0.9935 1.4757, -1.1269 -1.1 3.7795, -1.1269 -1.1 1.4757, -1.0736 -1.1496 3.7795, -1.0736 -1.1496 1.4757, -1.0155 -1.2036 3.7795, -1.0155 -1.2036 1.4757, -0.9077 -1.286 3.7795, -0.9077 -1.286 1.4757, -0.8946 -1.296 3.7795, -0.8946 -1.296 1.4757, -0.7653 -1.3763 3.7795, -0.7653 -1.3763 1.4757, -0.7238 -1.3968 3.7795, -0.7238 -1.3968 1.4757, -0.6289 -1.4438 3.7795, -0.6289 -1.4438 1.4757, -0.5268 -1.4825 3.7795, -0.5268 -1.4825 1.4757, -0.4866 -1.4977 3.7795, -0.4866 -1.4977 1.4757, -0.3398 -1.5377 3.7795, -0.3398 -1.5377 1.4757, -0.3203 -1.541 3.7795, -0.3203 -1.541 1.4757, -0.1898 -1.5633 3.7795, -0.1898 -1.5633 1.4757, -0.1073 -1.5693 3.7795, -0.1073 -1.5693 1.4757, -0.0381 -1.5743 3.7795, -0.0381 -1.5743 1.4757, 0.1075 -1.5708 3.7795, 0.1075 -1.5708 1.4757, 0.1141 -1.5707 3.7795, 0.1141 -1.5707 1.4757, 0.2651 -1.5523 3.7795, 0.2651 -1.5523 1.4757, 0.32 -1.5402 3.7795, 0.32 -1.5402 1.4757, 0.4137 -1.5195 3.7795, 0.4137 -1.5195 1.4757, 0.527 -1.4827 3.7795, 0.527 -1.4827 1.4757, 0.5584 -1.4725 3.7795, 0.5584 -1.4725 1.4757, 0.6979 -1.4117 3.7795, 0.6979 -1.4117 1.4757, 0.7239 -1.3972 3.7795, 0.7239 -1.3972 1.4757, 0.8309 -1.3377 3.7795, 0.8309 -1.3377 1.4757, 0.9072 -1.2851 3.7795, 0.9072 -1.2851 1.4757, 0.9562 -1.2513 3.7795, 0.9562 -1.2513 1.4757, 1.0725 -1.1532 3.7795, 1.0725 -1.1532 1.4757, 1.0748 -1.1508 3.7795, 1.0748 -1.1508 1.4757, 1.1788 -1.0443 3.7795, 1.1788 -1.0443 1.4757, 1.2202 -0.9927 3.7795, 1.2202 -0.9927 1.4757, 1.274 -0.9256 3.7795, 1.274 -0.9256 1.4757, 1.3447 -0.8177 3.7795, 1.3447 -0.8177 1.4757, 1.3574 -0.7984 3.7795, 1.3574 -0.7984 1.4757, 1.4281 -0.6636 3.7795, 1.4281 -0.6636 1.4757, 1.4431 -0.6269 3.7795, 1.4431 -0.6269 1.4757, 1.4855 -0.5227 3.7795, 1.4855 -0.5227 1.4757, 1.5149 -0.4244 3.7795, 1.5149 -0.4244 1.4757, 1.529 -0.3769 3.7795, 1.529 -0.3769 1.4757, 1.5583 -0.2275 3.7795, 1.5583 -0.2275 1.4757, 1.5596 -0.2144 3.7795, 1.5596 -0.2144 1.4757, 1.573 -0.0761 3.7795, 1.573 -0.0761 1.4757, 1.573 0.0 3.7795, 1.573 0.0 1.4757, 1.573 0.0761 3.7795, 1.573 0.0761 1.4757, 1.5596 0.2144 3.7795, 1.5596 0.2144 1.4757, 1.5583 0.2275 3.7795, 1.5583 0.2275 1.4757, 1.529 0.3769 3.7795, 1.529 0.3769 1.4757, 1.5149 0.4244 3.7795, 1.5149 0.4244 1.4757, 1.4855 0.5227 3.7795, 1.4855 0.5227 1.4757, 1.4431 0.6269 3.7795, 1.4431 0.6269 1.4757, 1.4281 0.6636 3.7795, 1.4281 0.6636 1.4757, 1.3574 0.7984 3.7795, 1.3574 0.7984 1.4757, 1.3447 0.8177 3.7795, 1.3447 0.8177 1.4757, 1.274 0.9256 3.7795, 1.274 0.9256 1.4757, 1.2202 0.9927 3.7795, 1.2202 0.9927 1.4757, 1.1788 1.0443 3.7795, 1.1788 1.0443 1.4757, 1.0748 1.1508 3.7795, 1.0748 1.1508 1.4757, 1.0725 1.1532 3.7795, 1.0725 1.1532 1.4757, 0.9562 1.2513 3.7795, 0.9562 1.2513 1.4757, 0.9072 1.2851 3.7795, 0.9072 1.2851 1.4757, 0.8309 1.3377 3.7795, 0.8309 1.3377 1.4757, 0.7239 1.3972 3.7795, 0.7239 1.3972 1.4757, 0.6979 1.4117 3.7795, 0.6979 1.4117 1.4757, 0.5584 1.4725 3.7795, 0.5584 1.4725 1.4757, 0.527 1.4827 3.7795, 0.527 1.4827 1.4757, 0.4137 1.5195 3.7795, 0.4137 1.5195 1.4757, 0.32 1.5402 3.7795, 0.32 1.5402 1.4757, 0.2651 1.5523 3.7795, 0.2651 1.5523 1.4757, 0.1141 1.5707 3.7795, 0.1141 1.5707 1.4757, 0.1075 1.5708 3.7795, 0.1075 1.5708 1.4757, -0.0381 1.5743 3.7795, -0.0381 1.5743 1.4757, -0.1073 1.5693 3.7795, -0.1073 1.5693 1.4757, -0.1898 1.5633 3.7795, -0.1898 1.5633 1.4757, -0.3203 1.541 3.7795, -0.3203 1.541 1.4757, -0.3398 1.5377 3.7795, -0.3398 1.5377 1.4757, -0.4866 1.4977 3.7795, -0.4866 1.4977 1.4757, -0.5268 1.4825 3.7795, -0.5268 1.4825 1.4757, -0.6289 1.4438 3.7795, -0.6289 1.4438 1.4757, -0.7238 1.3968 3.7795, -0.7238 1.3968 1.4757, -0.7653 1.3763 3.7795, -0.7653 1.3763 1.4757, -0.8946 1.296 3.7795, -0.8946 1.296 1.4757, -0.9077 1.286 3.7795, -0.9077 1.286 1.4757, -1.0155 1.2036 3.7795, -1.0155 1.2036 1.4757, -1.0736 1.1496 3.7795, -1.0736 1.1496 1.4757, -1.1269 1.1 3.7795, -1.1269 1.1 1.4757, -1.2213 0.9935 3.7795, -1.2213 0.9935 1.4757, -1.2278 0.9861 3.7795, -1.2278 0.9861 1.4757, -1.3173 0.863 3.7795, -1.3173 0.863 1.4757, -1.3441 0.8174 3.7795, -1.3441 0.8174 1.4757, -1.3944 0.7318 3.7795, -1.3944 0.7318 1.4757, -1.4432 0.6268 3.7795, -1.4432 0.6268 1.4757, -1.4585 0.5938 3.7795, -1.4585 0.5938 1.4757, -1.509 0.4503 3.7795, -1.509 0.4503 1.4757, -1.5154 0.4246 3.7795, -1.5154 0.4246 1.4757, -1.5455 0.3026 3.7795, -1.5455 0.3026 1.4757, -1.5584 0.2142 3.7795, -1.5584 0.2142 1.4757, -1.5167 0.1471 1.0187, -1.4954 0.2928 1.0187, -1.4602 0.4357 1.0187, -1.4113 0.5746 1.0187, -1.3493 0.7081 1.0187, -1.2746 0.8351 1.0187, -1.1881 0.9542 1.0187, -1.0904 1.0644 1.0187, -0.9826 1.1647 1.0187, -0.8656 1.2541 1.0187, -0.7405 1.3318 1.0187, -0.6086 1.397 1.0187, -0.4709 1.4492 1.0187, -0.3288 1.4879 1.0187, 1.5078 -0.2202 1.0187, 1.4795 -0.3647 1.0187, 1.4374 -0.5058 1.0187, 1.3819 -0.6421 1.0187, 1.3135 -0.7725 1.0187, 1.2328 -0.8957 1.0187, 1.1406 -1.0105 1.0187, 1.0377 -1.1158 1.0187, 0.9252 -1.2108 1.0187, 0.804 -1.2944 1.0187, 0.6753 -1.366 1.0187, 0.5403 -1.4248 1.0187, 0.4003 -1.4703 1.0187, 0.2565 -1.5021 1.0187, 0.942 -1.2328 0.9793, 0.9526 -1.2466 0.9343, 1.0684 -1.1489 0.9343, -1.5154 0.4246 0.8865, -1.5455 0.3026 0.8865, -1.5397 0.3014 0.9343, -1.3441 0.8174 0.8865, -1.3944 0.7318 0.8865, -1.3892 0.7291 0.9343, -1.2232 0.9824 0.9343, -1.2278 0.9861 0.8865, -1.3173 0.863 0.8865, -1.2213 0.9935 0.8865, -0.7238 1.3968 0.8865, -0.7653 1.3763 0.8865, -0.7625 1.3712 0.9343, -0.3203 1.541 0.8865, -0.3398 1.5377 0.8865, -0.3385 1.5319 0.9343, -0.1073 1.5693 0.8865, -0.1898 1.5633 0.8865, -0.1891 1.5575 0.9343, 0.1075 1.5708 0.8865, -0.0381 1.5743 0.8865, -0.0379 1.5684 0.9343, 0.527 1.4827 0.8865, 0.4137 1.5195 0.8865, 0.4122 1.5138 0.9343, 0.9072 1.2851 0.8865, 0.8309 1.3377 0.8865, 0.8278 1.3327 0.9343, 1.2202 0.9927 0.8865, 1.1788 1.0443 0.8865, 1.1743 1.0404 0.9343, 1.3447 0.8177 0.8865, 1.274 0.9256 0.8865, 1.2693 0.9222 0.9343, 1.5149 0.4244 0.8865, 1.4855 0.5227 0.8865, 1.48 0.5207 0.9343, 1.5524 0.2267 0.9343, 1.5583 0.2275 0.8865, 1.529 0.3769 0.8865, 1.5596 0.2144 0.8865, 1.4431 -0.6269 0.8865, 1.4855 -0.5227 0.8865, 1.48 -0.5207 0.9343, 1.3523 -0.7954 0.9343, 1.3574 -0.7984 0.8865, 1.4281 -0.6636 0.8865, 1.3447 -0.8177 0.8865, 0.527 -1.4827 0.8865, 0.5584 -1.4725 0.8865, 0.5563 -1.467 0.9343, 0.1075 -1.5708 0.8865, 0.1141 -1.5707 0.8865, 0.1136 -1.5648 0.9343, -0.1073 -1.5693 0.8865, -0.0381 -1.5743 0.8865, -0.0379 -1.5684 0.9343, -0.3203 -1.541 0.8865, -0.1898 -1.5633 0.8865, -0.1891 -1.5575 0.9343, -0.7238 -1.3968 0.8865, -0.6289 -1.4438 0.8865, -0.6266 -1.4384 0.9343, -0.8912 -1.2912 0.9343, -0.8946 -1.296 0.8865, -0.7653 -1.3763 0.8865, -0.9077 -1.286 0.8865, -1.4432 -0.6268 0.8865, -1.3944 -0.7318 0.8865, -1.3892 -0.7291 0.9343, -1.5034 -0.4486 0.9343, -1.509 -0.4503 0.8865, -1.4585 -0.5938 0.8865, -1.5154 -0.4246 0.8865, -1.5689 0.0 0.9343, -1.5748 0.0 0.8865, -1.5675 -0.152 0.8865, -1.5616 -0.1514 0.9343, -1.5584 -0.2142 0.8865, -1.5455 -0.3026 0.8865, -1.5397 -0.3014 0.9343, -1.4531 -0.5916 0.9343, -1.3441 -0.8174 0.8865, -1.3123 -0.8598 0.9343, -1.3173 -0.863 0.8865, -1.2278 -0.9861 0.8865, -1.2232 -0.9824 0.9343, -1.2213 -0.9935 0.8865, -1.1269 -1.1 0.8865, -1.1227 -1.0959 0.9343, -1.0736 -1.1496 0.8865, -1.0155 -1.2036 0.8865, -1.0117 -1.1991 0.9343, -0.7625 -1.3712 0.9343, -0.5268 -1.4825 0.8865, -0.4848 -1.4921 0.9343, -0.4866 -1.4977 0.8865, -0.3398 -1.5377 0.8865, -0.3385 -1.5319 0.9343, 0.4137 -1.5195 0.8865, 0.8309 -1.3377 0.8865, 0.9072 -1.2851 0.8865, 0.9562 -1.2513 0.8865, 1.0725 -1.1532 0.8865, 1.0748 -1.1508 0.8865, 1.1788 -1.0443 0.8865, 1.1743 -1.0404 0.9343, 1.2202 -0.9927 0.8865, 1.274 -0.9256 0.8865, 1.2693 -0.9222 0.9343, 1.4228 -0.6611 0.9343, 1.5149 -0.4244 0.8865, 1.5233 -0.3755 0.9343, 1.529 -0.3769 0.8865, 1.5583 -0.2275 0.8865, 1.5524 -0.2267 0.9343, 1.5596 -0.2144 0.8865, 1.573 -0.0761 0.8865, 1.5671 -0.0758 0.9343, 1.573 0.0 0.8865, 1.573 0.0761 0.8865, 1.5671 0.0758 0.9343, 1.5233 0.3755 0.9343, 1.4431 0.6269 0.8865, 1.4228 0.6611 0.9343, 1.4281 0.6636 0.8865, 1.3574 0.7984 0.8865, 1.3523 0.7954 0.9343, 1.0748 1.1508 0.8865, 1.0684 1.1489 0.9343, 1.0725 1.1532 0.8865, 0.9562 1.2513 0.8865, 0.9526 1.2466 0.9343, 0.7239 1.3972 0.8865, 0.6953 1.4064 0.9343, 0.6979 1.4117 0.8865, 0.5584 1.4725 0.8865, 0.5563 1.467 0.9343, 0.32 1.5402 0.8865, 0.2641 1.5465 0.9343, 0.2651 1.5523 0.8865, 0.1141 1.5707 0.8865, 0.1136 1.5648 0.9343, -0.6289 1.4438 0.8865, -0.9077 1.286 0.8865, -1.0155 1.2036 0.8865, -1.0117 1.1991 0.9343, -1.1227 1.0959 0.9343, -1.0005 1.1859 0.9793, -1.0736 1.1496 0.8865, -1.1269 1.1 0.8865, -1.3123 0.8598 0.9343, -1.4432 0.6268 0.8865, -1.4531 0.5916 0.9343, -1.4585 0.5938 0.8865, -1.509 0.4503 0.8865, -1.5034 0.4486 0.9343, -1.5584 0.2142 0.8865, -1.5616 0.1514 0.9343, -1.5675 0.152 0.8865, 0.7239 -1.3972 0.8865, 0.8278 -1.3327 0.9343, 0.8187 -1.318 0.9793, -0.8946 1.296 0.8865, -0.8912 1.2912 0.9343, -0.8814 1.2769 0.9793, -0.187 -1.5402 0.9793, -0.1837 -1.5127 1.0187, -0.3288 -1.4879 1.0187, -0.0368 -1.5234 1.0187, -0.0375 -1.5511 0.9793, 0.1124 -1.5475 0.9793, 0.1104 -1.5198 1.0187, 0.1124 1.5475 0.9793, 0.1104 1.5198 1.0187, 0.2565 1.5021 1.0187, -0.0368 1.5234 1.0187, -0.0375 1.5511 0.9793, -0.187 1.5402 0.9793, -0.1837 1.5127 1.0187, -1.5167 -0.1471 1.0187, -1.5227 -0.2981 0.9793, -1.5443 -0.1497 0.9793, -1.5238 0.0 1.0187, -1.4954 -0.2928 1.0187, -1.4868 -0.4437 0.9793, -1.4602 -0.4357 1.0187, -1.437 -0.5851 0.9793, -1.4113 -0.5746 1.0187, -1.3738 -0.721 0.9793, -1.3493 -0.7081 1.0187, -1.2978 -0.8503 0.9793, -1.2746 -0.8351 1.0187, -1.2097 -0.9716 0.9793, -1.1881 -0.9542 1.0187, -1.1103 -1.0838 0.9793, -1.0904 -1.0644 1.0187, -1.0005 -1.1859 0.9793, -0.9826 -1.1647 1.0187, -0.8814 -1.2769 0.9793, -0.8656 -1.2541 1.0187, -0.754 -1.356 0.9793, -0.7405 -1.3318 1.0187, -0.6196 -1.4225 0.9793, -0.6086 -1.397 1.0187, -0.4795 -1.4756 0.9793, -0.4709 -1.4492 1.0187, -0.3348 -1.515 0.9793, 0.2612 -1.5294 0.9793, 0.2641 -1.5465 0.9343, 0.2651 -1.5523 0.8865, 0.4076 -1.4971 0.9793, 0.4122 -1.5138 0.9343, 0.32 -1.5402 0.8865, 0.5502 -1.4507 0.9793, 0.6876 -1.3909 0.9793, 0.6953 -1.4064 0.9343, 0.6979 -1.4117 0.8865, 1.0566 -1.1362 0.9793, 1.1614 -1.0289 0.9793, 1.2552 -0.912 0.9793, 1.3374 -0.7866 0.9793, 1.4071 -0.6538 0.9793, 1.4636 -0.515 0.9793, 1.5065 -0.3713 0.9793, 1.5353 -0.2242 0.9793, 1.5497 -0.075 0.9793, 1.5497 0.075 0.9793, 1.522 -0.0736 1.0187, 1.522 0.0736 1.0187, 1.5353 0.2242 0.9793, 1.5078 0.2202 1.0187, 1.5065 0.3713 0.9793, 1.4795 0.3647 1.0187, 1.4636 0.515 0.9793, 1.4374 0.5058 1.0187, 1.4071 0.6538 0.9793, 1.3819 0.6421 1.0187, 1.3374 0.7866 0.9793, 1.3135 0.7725 1.0187, 1.2552 0.912 0.9793, 1.2328 0.8957 1.0187, 1.1614 1.0289 0.9793, 1.1406 1.0105 1.0187, 1.0566 1.1362 0.9793, 1.0377 1.1158 1.0187, 0.942 1.2328 0.9793, 0.9252 1.2108 1.0187, 0.8187 1.318 0.9793, 0.804 1.2944 1.0187, 0.6876 1.3909 0.9793, 0.6753 1.366 1.0187, 0.5502 1.4507 0.9793, 0.5403 1.4248 1.0187, 0.4076 1.4971 0.9793, 0.4003 1.4703 1.0187, 0.2612 1.5294 0.9793, -0.3348 1.515 0.9793, -0.4795 1.4756 0.9793, -0.4848 1.4921 0.9343, -0.4866 1.4977 0.8865, -0.6196 1.4225 0.9793, -0.6266 1.4384 0.9343, -0.5268 1.4825 0.8865, -0.754 1.356 0.9793, -1.1103 1.0838 0.9793, -1.2097 0.9716 0.9793, -1.2978 0.8503 0.9793, -1.3738 0.721 0.9793, -1.437 0.5851 0.9793, -1.4868 0.4437 0.9793, -1.5227 0.2981 0.9793, -1.5443 0.1497 0.9793, -1.5516 0.0 0.9793, -1.3892 0.7291 1.4279, -1.1227 1.0959 1.4279, -1.0117 1.1991 1.4279, -0.1891 1.5575 1.4279, 0.8278 1.3327 1.4279, 1.1743 1.0404 1.4279, 1.2693 0.9222 1.4279, 1.5671 0.0758 1.4279, 0.8278 -1.3327 1.4279, 0.4122 -1.5138 1.4279, -0.0379 -1.5684 1.4279, -0.1891 -1.5575 1.4279, -1.0117 -1.1991 1.4279, -1.5227 0.2981 1.3829, -1.4954 0.2928 1.3435, -1.5167 0.1471 1.3435, -1.5238 0.0 1.3435, -1.4602 0.4357 1.3435, -1.4113 0.5746 1.3435, -1.3493 0.7081 1.3435, -1.2746 0.8351 1.3435, -1.1881 0.9542 1.3435, -1.0904 1.0644 1.3435, -0.9826 1.1647 1.3435, -0.8656 1.2541 1.3435, -0.7405 1.3318 1.3435, -0.6086 1.397 1.3435, -0.4709 1.4492 1.3435, -0.3288 1.4879 1.3435, 0.1104 1.5198 1.3435, 0.2565 1.5021 1.3435, 0.4003 1.4703 1.3435, 0.5403 1.4248 1.3435, 0.6753 1.366 1.3435, 0.804 1.2944 1.3435, 1.522 -0.0736 1.3435, 1.5078 -0.2202 1.3435, 1.4795 -0.3647 1.3435, 1.4374 -0.5058 1.3435, 1.3819 -0.6421 1.3435, 1.3135 -0.7725 1.3435, 1.2328 -0.8957 1.3435, 1.1406 -1.0105 1.3435, 1.0377 -1.1158 1.3435, 0.9252 -1.2108 1.3435, 0.804 -1.2944 1.3435, 0.6753 -1.366 1.3435, 0.5403 -1.4248 1.3435, 0.4003 -1.4703 1.3435, 0.2565 -1.5021 1.3435, -0.1837 -1.5127 1.3435, -0.3288 -1.4879 1.3435, -0.4709 -1.4492 1.3435, -0.6086 -1.397 1.3435, -0.7405 -1.3318 1.3435, -0.8656 -1.2541 1.3435, -1.5167 -0.1471 1.3435, -1.4954 -0.2928 1.3435, -1.4602 -0.4357 1.3435, -1.4113 -0.5746 1.3435, -1.3493 -0.7081 1.3435, -1.2746 -0.8351 1.3435, -1.1881 -0.9542 1.3435, -1.0904 -1.0644 1.3435, -0.9826 -1.1647 1.3435, 1.5078 0.2202 1.3435, 1.4795 0.3647 1.3435, 1.4374 0.5058 1.3435, 1.3819 0.6421 1.3435, 1.3135 0.7725 1.3435, 1.2328 0.8957 1.3435, 1.1406 1.0105 1.3435, 1.0377 1.1158 1.3435, 0.9252 1.2108 1.3435, -1.4868 0.4437 1.3829, -1.5034 0.4486 1.4279, -1.5443 0.1497 1.3829, -1.5516 0.0 1.3829, -1.5443 -0.1497 1.3829, -1.5227 -0.2981 1.3829, -1.437 -0.5851 1.3829, -1.3738 -0.721 1.3829, -1.4531 -0.5916 1.4279, -1.3892 -0.7291 1.4279, -1.2978 -0.8503 1.3829, -1.3123 -0.8598 1.4279, -1.2097 -0.9716 1.3829, -1.2232 -0.9824 1.4279, -1.1103 -1.0838 1.3829, -1.0005 -1.1859 1.3829, -1.1227 -1.0959 1.4279, -0.754 -1.356 1.3829, -0.6196 -1.4225 1.3829, -0.7625 -1.3712 1.4279, -0.6266 -1.4384 1.4279, -0.4795 -1.4756 1.3829, -0.4848 -1.4921 1.4279, -0.3348 -1.515 1.3829, -0.3385 -1.5319 1.4279, 0.2612 -1.5294 1.3829, 0.4076 -1.4971 1.3829, 0.2641 -1.5465 1.4279, 0.6876 -1.3909 1.3829, 0.8187 -1.318 1.3829, 0.6953 -1.4064 1.4279, 1.0566 -1.1362 1.3829, 1.1614 -1.0289 1.3829, 1.0684 -1.1489 1.4279, 1.1743 -1.0404 1.4279, 1.4071 -0.6538 1.3829, 1.4636 -0.515 1.3829, 1.4228 -0.6611 1.4279, 1.48 -0.5207 1.4279, 1.5065 -0.3713 1.3829, 1.5233 -0.3755 1.4279, 1.5353 -0.2242 1.3829, 1.5524 -0.2267 1.4279, 1.522 0.0736 1.3435, 1.5497 -0.075 1.3829, 1.5497 0.075 1.3829, 1.5671 -0.0758 1.4279, 1.5065 0.3713 1.3829, 1.4636 0.515 1.3829, 1.5233 0.3755 1.4279, 1.48 0.5207 1.4279, 1.4071 0.6538 1.3829, 1.4228 0.6611 1.4279, 1.3374 0.7866 1.3829, 1.3523 0.7954 1.4279, 0.942 1.2328 1.3829, 0.8187 1.318 1.3829, 0.9526 1.2466 1.4279, 0.5502 1.4507 1.3829, 0.4076 1.4971 1.3829, 0.5563 1.467 1.4279, 0.4122 1.5138 1.4279, 0.2612 1.5294 1.3829, 0.2641 1.5465 1.4279, 0.1124 1.5475 1.3829, 0.1136 1.5648 1.4279, -0.0368 1.5234 1.3435, -0.1837 1.5127 1.3435, -0.0375 1.5511 1.3829, -0.187 1.5402 1.3829, -0.0379 1.5684 1.4279, -0.4795 1.4756 1.3829, -0.6196 1.4225 1.3829, -0.4848 1.4921 1.4279, -0.6266 1.4384 1.4279, -0.754 1.356 1.3829, -0.7625 1.3712 1.4279, -0.8814 1.2769 1.3829, -0.8912 1.2912 1.4279, -1.2978 0.8503 1.3829, -1.3738 0.721 1.3829, -1.3123 0.8598 1.4279, -1.5397 0.3014 1.4279, -1.5616 0.1514 1.4279, -1.5689 0.0 1.4279, -1.5616 -0.1514 1.4279, -1.5397 -0.3014 1.4279, -1.5034 -0.4486 1.4279, -1.4868 -0.4437 1.3829, -0.8912 -1.2912 1.4279, -0.8814 -1.2769 1.3829, -0.187 -1.5402 1.3829, -0.0375 -1.5511 1.3829, -0.0368 -1.5234 1.3435, 0.1136 -1.5648 1.4279, 0.1124 -1.5475 1.3829, 0.1104 -1.5198 1.3435, 0.5563 -1.467 1.4279, 0.5502 -1.4507 1.3829, 0.9526 -1.2466 1.4279, 0.942 -1.2328 1.3829, 1.2693 -0.9222 1.4279, 1.2552 -0.912 1.3829, 1.3523 -0.7954 1.4279, 1.3374 -0.7866 1.3829, 1.5524 0.2267 1.4279, 1.5353 0.2242 1.3829, 1.2552 0.912 1.3829, 1.1614 1.0289 1.3829, 1.0684 1.1489 1.4279, 1.0566 1.1362 1.3829, 0.6953 1.4064 1.4279, 0.6876 1.3909 1.3829, -0.3385 1.5319 1.4279, -0.3348 1.515 1.3829, -1.0005 1.1859 1.3829, -1.1103 1.0838 1.3829, -1.2232 0.9824 1.4279, -1.2097 0.9716 1.3829, -1.4531 0.5916 1.4279, -1.437 0.5851 1.3829, 1.0345 0.9099 3.9764, 1.1148 0.8099 3.9764, 1.156 0.8399 3.9697, 1.2507 0.5779 3.9764, 1.2998 0.4574 3.9764, 1.3479 0.4743 3.9697, 1.3636 0.1981 3.9764, 1.3763 0.0666 3.9764, 1.4272 0.069 3.9697, 1.3763 0.0 3.9764, 1.3763 -0.0666 3.9764, 1.4272 -0.069 3.9697, 1.3636 -0.1981 3.9764, 1.3635 -0.1991 3.9764, 1.4139 -0.2065 3.9697, 1.3194 -0.3917 3.9764, 1.2998 -0.4574 3.9764, 1.3479 -0.4743 3.9697, 1.2507 -0.5779 3.9764, 1.2496 -0.5807 3.9764, 1.2958 -0.6021 3.9697, 1.1534 -0.7509 3.9764, 1.1148 -0.8099 3.9764, 1.156 -0.8399 3.9697, 1.0345 -0.9099 3.9764, 1.0314 -0.9138 3.9764, 1.0695 -0.9475 3.9697, 1.1737 1.0398 3.8305, 1.4221 0.6608 3.8305, 1.5516 0.2266 3.8305, 1.5663 0.0758 3.8305, 1.5663 -0.0758 3.8305, 1.5225 -0.3753 3.8305, 1.3517 -0.795 3.8305, 1.2686 -0.9217 3.8305, 1.1737 -1.0398 3.8305, -1.5026 -0.4484 3.8305, -1.5389 -0.3013 3.8305, -1.4523 -0.5913 3.8305, -1.3885 -0.7287 3.8305, -1.3117 -0.8593 3.8305, -1.2226 -0.9819 3.8305, -1.1221 -1.0953 3.8305, -1.0112 -1.1985 3.8305, -0.8908 -1.2905 3.8305, -0.7621 -1.3705 3.8305, -0.6262 -1.4376 3.8305, -0.4846 -1.4913 3.8305, -0.3384 -1.5312 3.8305, -0.189 -1.5567 3.8305, -0.0379 -1.5676 3.8305, 0.1136 -1.564 3.8305, 0.264 -1.5457 3.8305, 0.412 -1.513 3.8305, 0.5561 -1.4662 3.8305, 0.695 -1.4057 3.8305, 0.8274 -1.332 3.8305, 0.9521 -1.246 3.8305, 1.0679 1.1483 3.8305, 0.9521 1.246 3.8305, 0.8274 1.332 3.8305, 0.695 1.4057 3.8305, 0.5561 1.4662 3.8305, 0.412 1.513 3.8305, 0.264 1.5457 3.8305, 0.1136 1.564 3.8305, -0.0379 1.5676 3.8305, -0.189 1.5567 3.8305, -0.3384 1.5312 3.8305, -0.4846 1.4913 3.8305, -0.6262 1.4376 3.8305, -0.7621 1.3705 3.8305, -0.8908 1.2905 3.8305, -1.0112 1.1985 3.8305, -1.1221 1.0953 3.8305, -1.2226 0.9819 3.8305, -1.3117 0.8593 3.8305, -1.3885 0.7287 3.8305, -1.4523 0.5913 3.8305, -1.5026 0.4484 3.8305, -1.5389 0.3013 3.8305, -1.5608 0.1513 3.8305, -1.5681 0.0 3.8305, -1.5608 -0.1513 3.8305, 0.9401 -1.2303 3.878, 0.817 -1.3153 3.878, 0.6863 -1.3881 3.878, 0.5491 -1.4478 3.878, 0.4068 -1.494 3.878, 0.2607 -1.5263 3.878, 0.1122 -1.5444 3.878, -0.0374 -1.548 3.878, -0.1866 -1.5371 3.878, -0.3341 -1.512 3.878, -0.4785 -1.4726 3.878, -0.6184 -1.4196 3.878, -0.7525 -1.3533 3.878, -0.8796 -1.2743 3.878, -0.9985 -1.1835 3.878, -1.1081 -1.0816 3.878, -1.2073 -0.9696 3.878, -1.2952 -0.8486 3.878, -1.3711 -0.7196 3.878, -1.4341 -0.5839 3.878, -1.4838 -0.4428 3.878, -1.5196 -0.2975 3.878, -1.5412 -0.1494 3.878, -1.5484 0.0 3.878, -1.5412 0.1494 3.878, -1.5196 0.2975 3.878, -1.4838 0.4428 3.878, -1.4341 0.5839 3.878, -1.3711 0.7196 3.878, -1.2952 0.8486 3.878, -1.2073 0.9696 3.878, -1.1081 1.0816 3.878, -0.9985 1.1835 3.878, -0.8796 1.2743 3.878, -0.7525 1.3533 3.878, -0.6184 1.4196 3.878, -0.4785 1.4726 3.878, -0.3341 1.512 3.878, -0.1866 1.5371 3.878, -0.0374 1.548 3.878, 0.1122 1.5444 3.878, 0.2607 1.5263 3.878, 0.4068 1.494 3.878, 0.5491 1.4478 3.878, 0.6863 1.3881 3.878, 0.817 1.3153 3.878, 0.9401 1.2303 3.878, 1.0545 1.1339 3.878, 0.9212 -1.2055 3.9187, 0.8005 -1.2888 3.9187, 0.6724 -1.36 3.9187, 0.538 -1.4186 3.9187, 0.3986 -1.4639 3.9187, 0.2554 -1.4955 3.9187, 0.1099 -1.5132 3.9187, -0.0367 -1.5167 3.9187, -0.1829 -1.5061 3.9187, -0.3274 -1.4814 3.9187, -0.4688 -1.4429 3.9187, -0.6059 -1.3909 3.9187, -0.7373 -1.3259 3.9187, -0.8618 -1.2486 3.9187, -0.9783 -1.1596 3.9187, -1.0857 -1.0597 3.9187, -1.1829 -0.95 3.9187, -1.269 -0.8314 3.9187, -1.3434 -0.7051 3.9187, -1.4051 -0.5721 3.9187, -1.4538 -0.4338 3.9187, -1.4889 -0.2915 3.9187, -1.5101 -0.1464 3.9187, -1.5171 0.0 3.9187, -1.5101 0.1464 3.9187, -1.4889 0.2915 3.9187, -1.4538 0.4338 3.9187, -1.4051 0.5721 3.9187, -1.3434 0.7051 3.9187, -1.269 0.8314 3.9187, -1.1829 0.95 3.9187, -1.0857 1.0597 3.9187, -0.9783 1.1596 3.9187, -0.8618 1.2486 3.9187, -0.7373 1.3259 3.9187, -0.6059 1.3909 3.9187, -0.4688 1.4429 3.9187, -0.3274 1.4814 3.9187, -0.1829 1.5061 3.9187, -0.0367 1.5167 3.9187, 0.1099 1.5132 3.9187, 0.2554 1.4955 3.9187, 0.3986 1.4639 3.9187, 0.538 1.4186 3.9187, 0.6724 1.36 3.9187, 0.8005 1.2888 3.9187, 0.9212 1.2055 3.9187, 1.0332 1.111 3.9187, 0.8964 -1.1731 3.95, 0.779 -1.2541 3.95, 0.6543 -1.3235 3.95, 0.5235 -1.3804 3.95, 0.3879 -1.4245 3.95, 0.2486 -1.4553 3.95, 0.1069 -1.4725 3.95, -0.0357 -1.4759 3.95, -0.178 -1.4656 3.95, -0.3186 -1.4416 3.95, -0.4562 -1.4041 3.95, -0.5896 -1.3535 3.95, -0.7175 -1.2903 3.95, -0.8387 -1.215 3.95, -0.952 -1.1284 3.95, -1.0565 -1.0313 3.95, -1.1511 -0.9245 3.95, -1.2349 -0.8091 3.95, -1.3073 -0.6861 3.95, -1.3674 -0.5567 3.95, -1.4147 -0.4222 3.95, -1.4489 -0.2837 3.95, -1.4695 -0.1425 3.95, -1.4764 0.0 3.95, -1.4695 0.1425 3.95, -1.4489 0.2837 3.95, -1.4147 0.4222 3.95, -1.3674 0.5567 3.95, -1.3073 0.6861 3.95, -1.2349 0.8091 3.95, -1.1511 0.9245 3.95, -1.0565 1.0313 3.95, -0.952 1.1284 3.95, -0.8387 1.215 3.95, -0.7175 1.2903 3.95, -0.5896 1.3535 3.95, -0.4562 1.4041 3.95, -0.3186 1.4416 3.95, -0.178 1.4656 3.95, -0.0357 1.4759 3.95, 0.1069 1.4725 3.95, 0.2486 1.4553 3.95, 0.3879 1.4245 3.95, 0.5235 1.3804 3.95, 0.6543 1.3235 3.95, 0.779 1.2541 3.95, 0.8964 1.1731 3.95, 1.0054 1.0811 3.95, 0.8676 -1.1354 3.9697, 0.7539 -1.2138 3.9697, 1.5225 0.3753 3.8305, 1.4792 0.5205 3.8305, 1.5034 0.3706 3.878, 1.4607 0.5139 3.878, 1.4731 0.3631 3.9187, 1.4311 0.5036 3.9187, 1.4335 0.3533 3.95, 1.3927 0.49 3.95, 1.3874 0.342 3.9697, 1.3517 0.795 3.8305, 1.2686 0.9217 3.8305, 1.3347 0.785 3.878, 1.2527 0.9101 3.878, 1.3077 0.7691 3.9187, 1.2274 0.8918 3.9187, 1.2726 0.7485 3.95, 1.1944 0.8678 3.95, 1.2317 0.7244 3.9697, 0.6333 -1.2809 3.9697, 0.5067 -1.336 3.9697, 0.3754 -1.3787 3.9697, 0.2406 -1.4085 3.9697, 0.1035 -1.4251 3.9697, -0.0345 -1.4285 3.9697, -0.1722 -1.4185 3.9697, -0.3083 -1.3952 3.9697, -0.4416 -1.359 3.9697, -0.5707 -1.31 3.9697, -0.6944 -1.2488 3.9697, -0.8117 -1.176 3.9697, -0.9214 -1.0921 3.9697, -1.0225 -0.9981 3.9697, -1.1141 -0.8948 3.9697, -1.1952 -0.7831 3.9697, -1.2652 -0.664 3.9697, -1.3234 -0.5388 3.9697, -1.3692 -0.4086 3.9697, -1.4023 -0.2745 3.9697, -1.4222 -0.1379 3.9697, -1.4289 0.0 3.9697, -1.4222 0.1379 3.9697, -1.4023 0.2745 3.9697, -1.3692 0.4086 3.9697, -1.3234 0.5388 3.9697, -1.2652 0.664 3.9697, -1.1952 0.7831 3.9697, -1.1141 0.8948 3.9697, -1.0225 0.9981 3.9697, -0.9214 1.0921 3.9697, -0.8117 1.176 3.9697, -0.6944 1.2488 3.9697, -0.5707 1.31 3.9697, -0.4416 1.359 3.9697, -0.3083 1.3952 3.9697, -0.1722 1.4185 3.9697, -0.0345 1.4285 3.9697, 0.1035 1.4251 3.9697, 0.2406 1.4085 3.9697, 0.3754 1.3787 3.9697, 0.5067 1.336 3.9697, 0.6333 1.2809 3.9697, 0.7539 1.2138 3.9697, 0.8676 1.1354 3.9697, 0.9731 1.0463 3.9697, 0.7329 -1.1669 3.9764, 0.8366 -1.0949 3.9764, 0.8921 -1.0481 3.9764, 0.9384 -1.009 3.9764, 0.9731 -1.0463 3.9697, 1.0054 -1.0811 3.95, 1.0332 -1.111 3.9187, 1.0545 -1.1339 3.878, 1.0679 -1.1483 3.8305, 1.159 -1.0268 3.878, 1.1356 -1.0061 3.9187, 1.1051 -0.979 3.95, 1.1944 -0.8678 3.95, 1.2274 -0.8918 3.9187, 1.2527 -0.9101 3.878, 1.1878 -0.6986 3.9764, 1.2317 -0.7244 3.9697, 1.2726 -0.7485 3.95, 1.3077 -0.7691 3.9187, 1.3347 -0.785 3.878, 1.4221 -0.6608 3.8305, 1.4042 -0.6525 3.878, 1.3759 -0.6393 3.9187, 1.3389 -0.6221 3.95, 1.3927 -0.49 3.95, 1.4311 -0.5036 3.9187, 1.4607 -0.5139 3.878, 1.4792 -0.5205 3.8305, 1.3379 -0.3298 3.9764, 1.3874 -0.342 3.9697, 1.4335 -0.3533 3.95, 1.4731 -0.3631 3.9187, 1.5034 -0.3706 3.878, 1.5516 -0.2266 3.8305, 1.5322 -0.2237 3.878, 1.5012 -0.2192 3.9187, 1.4609 -0.2133 3.95, 1.4747 -0.0713 3.95, 1.5154 -0.0733 3.9187, 1.5466 -0.0748 3.878, 1.4747 0.0713 3.95, 1.5154 0.0733 3.9187, 1.5466 0.0748 3.878, 1.3635 0.1991 3.9764, 1.4139 0.2065 3.9697, 1.4609 0.2133 3.95, 1.5012 0.2192 3.9187, 1.5322 0.2237 3.878, 1.3379 0.3298 3.9764, 1.3194 0.3917 3.9764, 1.2496 0.5807 3.9764, 1.2958 0.6021 3.9697, 1.3389 0.6221 3.95, 1.3759 0.6393 3.9187, 1.4042 0.6525 3.878, 1.1878 0.6986 3.9764, 1.1534 0.7509 3.9764, 1.0314 0.9138 3.9764, 1.0695 0.9475 3.9697, 1.1051 0.979 3.95, 1.1356 1.0061 3.9187, 1.159 1.0268 3.878, 0.9384 1.009 3.9764, 0.7271 -1.1705 3.9764, 0.6107 -1.2352 3.9764, 0.4886 -1.2884 3.9764, 0.362 -1.3296 3.9764, 0.232 -1.3583 3.9764, 0.0998 -1.3743 3.9764, -0.0333 -1.3776 3.9764, -0.1661 -1.3679 3.9764, -0.2973 -1.3455 3.9764, -0.4258 -1.3105 3.9764, -0.5503 -1.2633 3.9764, -0.6697 -1.2043 3.9764, -0.7828 -1.134 3.9764, -0.8886 -1.0532 3.9764, -0.9861 -0.9625 3.9764, -1.0744 -0.8629 3.9764, -1.1526 -0.7551 3.9764, -1.2201 -0.6404 3.9764, -1.2762 -0.5196 3.9764, -1.3204 -0.394 3.9764, -1.3523 -0.2647 3.9764, -1.3715 -0.133 3.9764, -1.378 0.0 3.9764, -1.3715 0.133 3.9764, -1.3523 0.2647 3.9764, -1.3204 0.394 3.9764, -1.2762 0.5196 3.9764, -1.2201 0.6404 3.9764, -1.1526 0.7551 3.9764, -1.0744 0.8629 3.9764, -0.9861 0.9625 3.9764, -0.8886 1.0532 3.9764, -0.7828 1.134 3.9764, -0.6697 1.2043 3.9764, -0.5503 1.2633 3.9764, -0.4258 1.3105 3.9764, -0.2973 1.3455 3.9764, -0.1661 1.3679 3.9764, -0.0333 1.3776 3.9764, 0.0998 1.3743 3.9764, 0.232 1.3583 3.9764, 0.362 1.3296 3.9764, 0.4886 1.2884 3.9764, 0.6107 1.2352 3.9764, 0.7271 1.1705 3.9764, 0.7329 1.1669 3.9764, 0.8366 1.0949 3.9764, 0.8921 1.0481 3.9764
            ]
        }
        coordIndex [
            0,1,2,-1,3,4,5,-1,6,7,8,-1,9,10,11,-1,12,13,14,-1,15,16,17,-1,18,19,20,-1,21,22,23,-1,24,25,26,-1,27,28,29,-1,30,31,32,-1,33,34,35,-1,36,37,38,-1,39,40,41,-1,42,43,44,-1,45,46,47,-1,48,49,50,-1,51,52,53,-1,54,55,56,-1,57,58,59,-1,60,61,62,-1,63,64,65,-1,66,67,68,-1,69,70,71,-1,72,73,74,-1,75,76,77,-1,78,79,80,-1,81,82,83,-1,84,85,86,-1,87,88,89,-1,90,91,92,-1,93,94,95,-1,96,97,98,-1,99,100,101,-1,102,103,104,-1,105,106,107,-1,108,109,110,-1,111,112,113,-1,114,115,116,-1,117,118,119,-1,120,121,122,-1,123,124,125,-1,126,127,128,-1,129,130,131,-1,132,133,134,-1,135,136,137,-1,138,139,140,-1,141,142,143,-1,144,145,146,-1,147,148,149,-1,150,151,152,-1,153,154,155,-1,156,157,158,-1,159,160,161,-1,162,163,164,-1,165,166,167,-1,168,169,170,-1,171,172,173,-1,174,175,176,-1,177,178,179,-1,179,180,181,-1,181,180,182,-1,182,183,184,-1,184,183,174,-1,185,186,72,-1,72,186,187,-1,72,187,73,-1,73,187,188,-1,73,188,189,-1,190,191,192,-1,193,194,195,-1,196,197,198,-1,199,200,201,-1,202,203,204,-1,204,205,206,-1,206,205,207,-1,207,208,209,-1,209,208,210,-1,210,211,212,-1,212,211,213,-1,213,214,215,-1,215,214,156,-1,153,155,157,-1,150,152,154,-1,147,149,151,-1,144,146,148,-1,141,143,145,-1,138,140,142,-1,135,137,139,-1,132,134,136,-1,129,131,133,-1,126,128,130,-1,127,216,217,-1,217,216,218,-1,217,218,219,-1,219,220,221,-1,221,220,222,-1,222,223,224,-1,224,223,123,-1,225,226,69,-1,69,226,227,-1,69,227,70,-1,70,227,228,-1,70,228,229,-1,230,231,232,-1,233,234,235,-1,236,237,238,-1,239,240,241,-1,242,243,244,-1,244,245,246,-1,246,245,247,-1,247,248,249,-1,249,248,250,-1,250,251,252,-1,252,251,253,-1,253,254,255,-1,255,254,105,-1,102,104,106,-1,99,101,103,-1,96,98,100,-1,93,95,97,-1,90,92,94,-1,87,89,91,-1,84,86,88,-1,81,83,85,-1,78,80,82,-1,75,77,79,-1,76,256,257,-1,257,256,258,-1,257,258,259,-1,260,74,261,-1,261,74,73,-1,261,73,190,-1,190,73,189,-1,190,189,191,-1,262,71,263,-1,263,71,70,-1,263,70,230,-1,230,70,229,-1,230,229,231,-1,264,260,265,-1,265,260,261,-1,265,261,266,-1,266,261,190,-1,266,190,193,-1,193,190,192,-1,193,192,194,-1,267,262,268,-1,268,262,263,-1,268,263,269,-1,269,263,230,-1,269,230,233,-1,233,230,232,-1,233,232,234,-1,270,264,271,-1,271,264,265,-1,271,265,272,-1,272,265,266,-1,272,266,273,-1,273,266,193,-1,273,193,196,-1,196,193,195,-1,196,195,197,-1,274,267,275,-1,275,267,268,-1,275,268,276,-1,276,268,269,-1,276,269,277,-1,277,269,233,-1,277,233,236,-1,236,233,235,-1,236,235,237,-1,278,270,279,-1,279,270,271,-1,279,271,280,-1,280,271,272,-1,280,272,281,-1,281,272,273,-1,281,273,282,-1,282,273,196,-1,282,196,199,-1,199,196,198,-1,199,198,200,-1,283,274,284,-1,284,274,275,-1,284,275,285,-1,285,275,276,-1,285,276,286,-1,286,276,277,-1,286,277,287,-1,287,277,236,-1,287,236,239,-1,239,236,238,-1,239,238,240,-1,288,278,289,-1,289,278,279,-1,289,279,290,-1,290,279,280,-1,290,280,291,-1,291,280,281,-1,291,281,292,-1,292,281,282,-1,292,282,293,-1,293,282,199,-1,293,199,202,-1,202,199,201,-1,202,201,203,-1,294,283,295,-1,295,283,284,-1,295,284,296,-1,296,284,285,-1,296,285,297,-1,297,285,286,-1,297,286,298,-1,298,286,287,-1,298,287,299,-1,299,287,239,-1,299,239,242,-1,242,239,241,-1,242,241,243,-1,300,301,302,-1,303,304,305,-1,67,306,68,-1,68,306,307,-1,68,307,308,-1,308,307,309,-1,308,309,310,-1,310,309,311,-1,310,311,312,-1,312,311,313,-1,312,313,314,-1,314,313,315,-1,314,315,316,-1,316,315,257,-1,316,257,177,-1,177,257,259,-1,177,259,178,-1,179,181,177,-1,177,181,317,-1,177,317,316,-1,316,317,318,-1,316,318,314,-1,314,318,319,-1,314,319,312,-1,312,319,320,-1,312,320,310,-1,310,320,321,-1,310,321,308,-1,308,321,65,-1,308,65,68,-1,68,65,64,-1,68,64,66,-1,182,184,181,-1,181,184,322,-1,181,322,317,-1,317,322,323,-1,317,323,318,-1,318,323,324,-1,318,324,319,-1,319,324,325,-1,319,325,320,-1,320,325,326,-1,320,326,321,-1,321,326,62,-1,321,62,65,-1,65,62,61,-1,65,61,63,-1,174,176,184,-1,184,176,327,-1,184,327,322,-1,322,327,328,-1,322,328,323,-1,323,328,329,-1,323,329,324,-1,324,329,330,-1,324,330,325,-1,325,330,331,-1,325,331,326,-1,326,331,59,-1,326,59,62,-1,62,59,58,-1,62,58,60,-1,176,332,327,-1,327,332,333,-1,327,333,328,-1,328,333,334,-1,328,334,329,-1,329,334,335,-1,329,335,330,-1,330,335,336,-1,330,336,331,-1,331,336,56,-1,331,56,59,-1,59,56,55,-1,59,55,57,-1,332,337,333,-1,333,337,338,-1,333,338,334,-1,334,338,339,-1,334,339,335,-1,335,339,340,-1,335,340,336,-1,336,340,53,-1,336,53,56,-1,56,53,52,-1,56,52,54,-1,337,341,338,-1,338,341,342,-1,338,342,339,-1,339,342,343,-1,339,343,340,-1,340,343,50,-1,340,50,53,-1,53,50,49,-1,53,49,51,-1,341,344,342,-1,342,344,345,-1,342,345,343,-1,343,345,47,-1,343,47,50,-1,50,47,46,-1,50,46,48,-1,344,302,345,-1,345,302,301,-1,345,301,47,-1,47,301,346,-1,47,346,45,-1,347,348,349,-1,349,348,300,-1,349,300,350,-1,350,300,302,-1,350,302,351,-1,351,302,344,-1,351,344,352,-1,352,344,341,-1,352,341,353,-1,353,341,337,-1,353,337,354,-1,354,337,332,-1,354,332,173,-1,173,332,176,-1,173,176,171,-1,171,176,175,-1,348,355,300,-1,300,355,356,-1,300,356,301,-1,301,356,357,-1,301,357,346,-1,43,347,44,-1,44,347,349,-1,44,349,358,-1,358,349,350,-1,358,350,359,-1,359,350,351,-1,359,351,360,-1,360,351,352,-1,360,352,361,-1,361,352,353,-1,361,353,362,-1,362,353,354,-1,362,354,170,-1,170,354,173,-1,170,173,168,-1,168,173,172,-1,40,42,41,-1,41,42,44,-1,41,44,363,-1,363,44,358,-1,363,358,364,-1,364,358,359,-1,364,359,365,-1,365,359,360,-1,365,360,366,-1,366,360,361,-1,366,361,367,-1,367,361,362,-1,367,362,167,-1,167,362,170,-1,167,170,165,-1,165,170,169,-1,37,39,38,-1,38,39,41,-1,38,41,368,-1,368,41,363,-1,368,363,369,-1,369,363,364,-1,369,364,370,-1,370,364,365,-1,370,365,371,-1,371,365,366,-1,371,366,372,-1,372,366,367,-1,372,367,164,-1,164,367,167,-1,164,167,162,-1,162,167,166,-1,34,36,35,-1,35,36,38,-1,35,38,373,-1,373,38,368,-1,373,368,374,-1,374,368,369,-1,374,369,375,-1,375,369,370,-1,375,370,376,-1,376,370,371,-1,376,371,377,-1,377,371,372,-1,377,372,161,-1,161,372,164,-1,161,164,159,-1,159,164,163,-1,378,33,288,-1,288,33,35,-1,288,35,278,-1,278,35,373,-1,278,373,270,-1,270,373,374,-1,270,374,264,-1,264,374,375,-1,264,375,260,-1,260,375,376,-1,260,376,74,-1,74,376,377,-1,74,377,72,-1,72,377,161,-1,72,161,185,-1,185,161,160,-1,379,380,381,-1,204,206,202,-1,202,206,382,-1,202,382,293,-1,293,382,383,-1,293,383,292,-1,292,383,384,-1,292,384,291,-1,291,384,385,-1,291,385,290,-1,290,385,386,-1,290,386,289,-1,289,386,379,-1,289,379,288,-1,288,379,381,-1,288,381,378,-1,387,388,389,-1,207,209,206,-1,206,209,390,-1,206,390,382,-1,382,390,391,-1,382,391,383,-1,383,391,392,-1,383,392,384,-1,384,392,393,-1,384,393,385,-1,385,393,394,-1,385,394,386,-1,386,394,387,-1,386,387,379,-1,379,387,389,-1,379,389,380,-1,395,396,397,-1,210,212,209,-1,209,212,398,-1,209,398,390,-1,390,398,399,-1,390,399,391,-1,391,399,400,-1,391,400,392,-1,392,400,401,-1,392,401,393,-1,393,401,402,-1,393,402,394,-1,394,402,395,-1,394,395,387,-1,387,395,397,-1,387,397,388,-1,403,404,405,-1,213,215,212,-1,212,215,406,-1,212,406,398,-1,398,406,407,-1,398,407,399,-1,399,407,408,-1,399,408,400,-1,400,408,409,-1,400,409,401,-1,401,409,410,-1,401,410,402,-1,402,410,403,-1,402,403,395,-1,395,403,405,-1,395,405,396,-1,411,412,413,-1,156,158,215,-1,215,158,414,-1,215,414,406,-1,406,414,415,-1,406,415,407,-1,407,415,416,-1,407,416,408,-1,408,416,417,-1,408,417,409,-1,409,417,418,-1,409,418,410,-1,410,418,411,-1,410,411,403,-1,403,411,413,-1,403,413,404,-1,419,420,421,-1,157,155,158,-1,158,155,422,-1,158,422,414,-1,414,422,423,-1,414,423,415,-1,415,423,424,-1,415,424,416,-1,416,424,425,-1,416,425,417,-1,417,425,426,-1,417,426,418,-1,418,426,419,-1,418,419,411,-1,411,419,421,-1,411,421,412,-1,427,428,429,-1,154,152,155,-1,155,152,430,-1,155,430,422,-1,422,430,431,-1,422,431,423,-1,423,431,432,-1,423,432,424,-1,424,432,433,-1,424,433,425,-1,425,433,434,-1,425,434,426,-1,426,434,427,-1,426,427,419,-1,419,427,429,-1,419,429,420,-1,435,436,437,-1,151,149,152,-1,152,149,438,-1,152,438,430,-1,430,438,439,-1,430,439,431,-1,431,439,440,-1,431,440,432,-1,432,440,441,-1,432,441,433,-1,433,441,442,-1,433,442,434,-1,434,442,435,-1,434,435,427,-1,427,435,437,-1,427,437,428,-1,443,444,445,-1,148,146,149,-1,149,146,446,-1,149,446,438,-1,438,446,447,-1,438,447,439,-1,439,447,448,-1,439,448,440,-1,440,448,449,-1,440,449,441,-1,441,449,450,-1,441,450,442,-1,442,450,443,-1,442,443,435,-1,435,443,445,-1,435,445,436,-1,451,452,453,-1,145,143,146,-1,146,143,454,-1,146,454,446,-1,446,454,455,-1,446,455,447,-1,447,455,456,-1,447,456,448,-1,448,456,457,-1,448,457,449,-1,449,457,458,-1,449,458,450,-1,450,458,451,-1,450,451,443,-1,443,451,453,-1,443,453,444,-1,459,460,461,-1,142,140,143,-1,143,140,462,-1,143,462,454,-1,454,462,463,-1,454,463,455,-1,455,463,464,-1,455,464,456,-1,456,464,465,-1,456,465,457,-1,457,465,466,-1,457,466,458,-1,458,466,459,-1,458,459,451,-1,451,459,461,-1,451,461,452,-1,467,468,469,-1,139,137,140,-1,140,137,470,-1,140,470,462,-1,462,470,471,-1,462,471,463,-1,463,471,472,-1,463,472,464,-1,464,472,473,-1,464,473,465,-1,465,473,474,-1,465,474,466,-1,466,474,467,-1,466,467,459,-1,459,467,469,-1,459,469,460,-1,475,476,477,-1,136,134,137,-1,137,134,478,-1,137,478,470,-1,470,478,479,-1,470,479,471,-1,471,479,480,-1,471,480,472,-1,472,480,481,-1,472,481,473,-1,473,481,482,-1,473,482,474,-1,474,482,475,-1,474,475,467,-1,467,475,477,-1,467,477,468,-1,483,484,485,-1,133,131,134,-1,134,131,486,-1,134,486,478,-1,478,486,487,-1,478,487,479,-1,479,487,488,-1,479,488,480,-1,480,488,489,-1,480,489,481,-1,481,489,490,-1,481,490,482,-1,482,490,483,-1,482,483,475,-1,475,483,485,-1,475,485,476,-1,491,492,493,-1,130,128,131,-1,131,128,494,-1,131,494,486,-1,486,494,495,-1,486,495,487,-1,487,495,496,-1,487,496,488,-1,488,496,497,-1,488,497,489,-1,489,497,498,-1,489,498,490,-1,490,498,491,-1,490,491,483,-1,483,491,493,-1,483,493,484,-1,499,500,501,-1,501,500,502,-1,127,217,128,-1,128,217,503,-1,128,503,494,-1,494,503,504,-1,494,504,495,-1,495,504,505,-1,495,505,496,-1,496,505,506,-1,496,506,497,-1,497,506,507,-1,497,507,498,-1,498,507,501,-1,498,501,491,-1,491,501,502,-1,491,502,492,-1,219,221,217,-1,217,221,508,-1,217,508,503,-1,503,508,509,-1,503,509,504,-1,504,509,510,-1,504,510,505,-1,505,510,511,-1,505,511,506,-1,506,511,512,-1,506,512,507,-1,507,512,32,-1,507,32,501,-1,501,32,31,-1,501,31,499,-1,222,224,221,-1,221,224,513,-1,221,513,508,-1,508,513,514,-1,508,514,509,-1,509,514,515,-1,509,515,510,-1,510,515,516,-1,510,516,511,-1,511,516,517,-1,511,517,512,-1,512,517,29,-1,512,29,32,-1,32,29,28,-1,32,28,30,-1,123,125,224,-1,224,125,518,-1,224,518,513,-1,513,518,519,-1,513,519,514,-1,514,519,520,-1,514,520,515,-1,515,520,521,-1,515,521,516,-1,516,521,522,-1,516,522,517,-1,517,522,26,-1,517,26,29,-1,29,26,25,-1,29,25,27,-1,125,523,518,-1,518,523,524,-1,518,524,519,-1,519,524,525,-1,519,525,520,-1,520,525,526,-1,520,526,521,-1,521,526,527,-1,521,527,522,-1,522,527,23,-1,522,23,26,-1,26,23,22,-1,26,22,24,-1,523,528,524,-1,524,528,529,-1,524,529,525,-1,525,529,530,-1,525,530,526,-1,526,530,531,-1,526,531,527,-1,527,531,20,-1,527,20,23,-1,23,20,19,-1,23,19,21,-1,528,532,529,-1,529,532,533,-1,529,533,530,-1,530,533,534,-1,530,534,531,-1,531,534,17,-1,531,17,20,-1,20,17,16,-1,20,16,18,-1,532,535,533,-1,533,535,536,-1,533,536,534,-1,534,536,14,-1,534,14,17,-1,17,14,13,-1,17,13,15,-1,535,305,536,-1,536,305,304,-1,536,304,14,-1,14,304,537,-1,14,537,12,-1,538,539,540,-1,540,539,303,-1,540,303,541,-1,541,303,305,-1,541,305,542,-1,542,305,535,-1,542,535,543,-1,543,535,532,-1,543,532,544,-1,544,532,528,-1,544,528,545,-1,545,528,523,-1,545,523,122,-1,122,523,125,-1,122,125,120,-1,120,125,124,-1,539,546,303,-1,303,546,547,-1,303,547,304,-1,304,547,548,-1,304,548,537,-1,10,538,11,-1,11,538,540,-1,11,540,549,-1,549,540,541,-1,549,541,550,-1,550,541,542,-1,550,542,551,-1,551,542,543,-1,551,543,552,-1,552,543,544,-1,552,544,553,-1,553,544,545,-1,553,545,119,-1,119,545,122,-1,119,122,117,-1,117,122,121,-1,7,9,8,-1,8,9,11,-1,8,11,554,-1,554,11,549,-1,554,549,555,-1,555,549,550,-1,555,550,556,-1,556,550,551,-1,556,551,557,-1,557,551,552,-1,557,552,558,-1,558,552,553,-1,558,553,116,-1,116,553,119,-1,116,119,114,-1,114,119,118,-1,4,6,5,-1,5,6,8,-1,5,8,559,-1,559,8,554,-1,559,554,560,-1,560,554,555,-1,560,555,561,-1,561,555,556,-1,561,556,562,-1,562,556,557,-1,562,557,563,-1,563,557,558,-1,563,558,113,-1,113,558,116,-1,113,116,111,-1,111,116,115,-1,1,3,2,-1,2,3,5,-1,2,5,564,-1,564,5,559,-1,564,559,565,-1,565,559,560,-1,565,560,566,-1,566,560,561,-1,566,561,567,-1,567,561,562,-1,567,562,568,-1,568,562,563,-1,568,563,110,-1,110,563,113,-1,110,113,108,-1,108,113,112,-1,569,0,294,-1,294,0,2,-1,294,2,283,-1,283,2,564,-1,283,564,274,-1,274,564,565,-1,274,565,267,-1,267,565,566,-1,267,566,262,-1,262,566,567,-1,262,567,71,-1,71,567,568,-1,71,568,69,-1,69,568,110,-1,69,110,225,-1,225,110,109,-1,570,571,572,-1,244,246,242,-1,242,246,573,-1,242,573,299,-1,299,573,574,-1,299,574,298,-1,298,574,575,-1,298,575,297,-1,297,575,576,-1,297,576,296,-1,296,576,577,-1,296,577,295,-1,295,577,570,-1,295,570,294,-1,294,570,572,-1,294,572,569,-1,578,579,580,-1,247,249,246,-1,246,249,581,-1,246,581,573,-1,573,581,582,-1,573,582,574,-1,574,582,583,-1,574,583,575,-1,575,583,584,-1,575,584,576,-1,576,584,585,-1,576,585,577,-1,577,585,578,-1,577,578,570,-1,570,578,580,-1,570,580,571,-1,586,587,588,-1,250,252,249,-1,249,252,589,-1,249,589,581,-1,581,589,590,-1,581,590,582,-1,582,590,591,-1,582,591,583,-1,583,591,592,-1,583,592,584,-1,584,592,593,-1,584,593,585,-1,585,593,586,-1,585,586,578,-1,578,586,588,-1,578,588,579,-1,594,595,596,-1,253,255,252,-1,252,255,597,-1,252,597,589,-1,589,597,598,-1,589,598,590,-1,590,598,599,-1,590,599,591,-1,591,599,600,-1,591,600,592,-1,592,600,601,-1,592,601,593,-1,593,601,594,-1,593,594,586,-1,586,594,596,-1,586,596,587,-1,602,603,604,-1,105,107,255,-1,255,107,605,-1,255,605,597,-1,597,605,606,-1,597,606,598,-1,598,606,607,-1,598,607,599,-1,599,607,608,-1,599,608,600,-1,600,608,609,-1,600,609,601,-1,601,609,602,-1,601,602,594,-1,594,602,604,-1,594,604,595,-1,610,611,612,-1,106,104,107,-1,107,104,613,-1,107,613,605,-1,605,613,614,-1,605,614,606,-1,606,614,615,-1,606,615,607,-1,607,615,616,-1,607,616,608,-1,608,616,617,-1,608,617,609,-1,609,617,610,-1,609,610,602,-1,602,610,612,-1,602,612,603,-1,618,619,620,-1,103,101,104,-1,104,101,621,-1,104,621,613,-1,613,621,622,-1,613,622,614,-1,614,622,623,-1,614,623,615,-1,615,623,624,-1,615,624,616,-1,616,624,625,-1,616,625,617,-1,617,625,618,-1,617,618,610,-1,610,618,620,-1,610,620,611,-1,626,627,628,-1,100,98,101,-1,101,98,629,-1,101,629,621,-1,621,629,630,-1,621,630,622,-1,622,630,631,-1,622,631,623,-1,623,631,632,-1,623,632,624,-1,624,632,633,-1,624,633,625,-1,625,633,626,-1,625,626,618,-1,618,626,628,-1,618,628,619,-1,634,635,636,-1,97,95,98,-1,98,95,637,-1,98,637,629,-1,629,637,638,-1,629,638,630,-1,630,638,639,-1,630,639,631,-1,631,639,640,-1,631,640,632,-1,632,640,641,-1,632,641,633,-1,633,641,634,-1,633,634,626,-1,626,634,636,-1,626,636,627,-1,642,643,644,-1,94,92,95,-1,95,92,645,-1,95,645,637,-1,637,645,646,-1,637,646,638,-1,638,646,647,-1,638,647,639,-1,639,647,648,-1,639,648,640,-1,640,648,649,-1,640,649,641,-1,641,649,642,-1,641,642,634,-1,634,642,644,-1,634,644,635,-1,650,651,652,-1,91,89,92,-1,92,89,653,-1,92,653,645,-1,645,653,654,-1,645,654,646,-1,646,654,655,-1,646,655,647,-1,647,655,656,-1,647,656,648,-1,648,656,657,-1,648,657,649,-1,649,657,650,-1,649,650,642,-1,642,650,652,-1,642,652,643,-1,658,659,660,-1,88,86,89,-1,89,86,661,-1,89,661,653,-1,653,661,662,-1,653,662,654,-1,654,662,663,-1,654,663,655,-1,655,663,664,-1,655,664,656,-1,656,664,665,-1,656,665,657,-1,657,665,658,-1,657,658,650,-1,650,658,660,-1,650,660,651,-1,666,667,668,-1,85,83,86,-1,86,83,669,-1,86,669,661,-1,661,669,670,-1,661,670,662,-1,662,670,671,-1,662,671,663,-1,663,671,672,-1,663,672,664,-1,664,672,673,-1,664,673,665,-1,665,673,666,-1,665,666,658,-1,658,666,668,-1,658,668,659,-1,674,675,676,-1,82,80,83,-1,83,80,677,-1,83,677,669,-1,669,677,678,-1,669,678,670,-1,670,678,679,-1,670,679,671,-1,671,679,680,-1,671,680,672,-1,672,680,681,-1,672,681,673,-1,673,681,674,-1,673,674,666,-1,666,674,676,-1,666,676,667,-1,682,683,684,-1,79,77,80,-1,80,77,685,-1,80,685,677,-1,677,685,686,-1,677,686,678,-1,678,686,687,-1,678,687,679,-1,679,687,688,-1,679,688,680,-1,680,688,689,-1,680,689,681,-1,681,689,682,-1,681,682,674,-1,674,682,684,-1,674,684,675,-1,67,690,306,-1,306,690,691,-1,306,691,692,-1,76,257,77,-1,77,257,315,-1,77,315,685,-1,685,315,313,-1,685,313,686,-1,686,313,311,-1,686,311,687,-1,687,311,309,-1,687,309,688,-1,688,309,307,-1,688,307,689,-1,689,307,306,-1,689,306,682,-1,682,306,692,-1,682,692,683,-1,693,694,695,-1,695,694,696,-1,695,696,697,-1,697,696,698,-1,697,698,699,-1,699,698,700,-1,699,700,701,-1,701,700,702,-1,701,702,703,-1,703,702,704,-1,703,704,705,-1,705,704,706,-1,705,706,707,-1,707,706,708,-1,707,708,709,-1,709,708,710,-1,709,710,711,-1,711,710,712,-1,711,712,713,-1,713,712,714,-1,713,714,715,-1,715,714,716,-1,715,716,717,-1,717,716,718,-1,717,718,719,-1,719,718,720,-1,719,720,721,-1,721,720,722,-1,721,722,723,-1,723,722,724,-1,723,724,725,-1,725,724,726,-1,725,726,727,-1,727,726,728,-1,727,728,729,-1,729,728,730,-1,729,730,731,-1,731,730,732,-1,731,732,733,-1,733,732,734,-1,733,734,735,-1,735,734,736,-1,735,736,737,-1,737,736,738,-1,737,738,739,-1,739,738,740,-1,739,740,741,-1,741,740,742,-1,741,742,743,-1,743,742,744,-1,743,744,745,-1,745,744,746,-1,745,746,747,-1,747,746,748,-1,747,748,749,-1,749,748,750,-1,749,750,751,-1,751,750,752,-1,751,752,753,-1,753,752,754,-1,753,754,755,-1,755,754,756,-1,755,756,757,-1,757,756,758,-1,757,758,759,-1,759,758,760,-1,759,760,761,-1,761,760,762,-1,761,762,763,-1,763,762,764,-1,763,764,765,-1,765,764,766,-1,765,766,767,-1,767,766,768,-1,767,768,769,-1,769,768,770,-1,769,770,771,-1,771,770,772,-1,771,772,773,-1,773,772,774,-1,773,774,775,-1,775,774,776,-1,775,776,777,-1,777,776,778,-1,777,778,779,-1,779,778,780,-1,779,780,781,-1,781,780,782,-1,781,782,783,-1,783,782,784,-1,783,784,785,-1,785,784,786,-1,785,786,787,-1,787,786,788,-1,787,788,789,-1,789,788,790,-1,789,790,791,-1,791,790,792,-1,791,792,793,-1,793,792,794,-1,793,794,795,-1,795,794,796,-1,795,796,797,-1,797,796,798,-1,797,798,799,-1,799,798,800,-1,799,800,801,-1,801,800,802,-1,801,802,803,-1,803,802,804,-1,803,804,805,-1,805,804,806,-1,805,806,807,-1,807,806,808,-1,807,808,809,-1,809,808,810,-1,809,810,811,-1,811,810,812,-1,811,812,813,-1,813,812,814,-1,813,814,815,-1,815,814,816,-1,815,816,817,-1,817,816,818,-1,817,818,819,-1,819,818,820,-1,819,820,821,-1,821,820,822,-1,821,822,823,-1,823,822,824,-1,823,824,825,-1,825,824,826,-1,825,826,827,-1,827,826,828,-1,827,828,829,-1,829,828,830,-1,829,830,831,-1,831,830,832,-1,831,832,833,-1,833,832,834,-1,833,834,835,-1,835,834,836,-1,835,836,837,-1,837,836,838,-1,837,838,839,-1,839,838,840,-1,839,840,841,-1,841,840,842,-1,841,842,843,-1,843,842,844,-1,843,844,845,-1,845,844,846,-1,845,846,847,-1,847,846,848,-1,847,848,849,-1,849,848,850,-1,849,850,851,-1,851,850,852,-1,851,852,853,-1,853,852,854,-1,853,854,855,-1,855,854,856,-1,855,856,857,-1,857,856,858,-1,857,858,859,-1,859,858,860,-1,859,860,861,-1,861,860,862,-1,861,862,863,-1,863,862,864,-1,863,864,865,-1,865,864,866,-1,865,866,867,-1,867,866,868,-1,867,868,869,-1,869,868,870,-1,869,870,871,-1,871,870,872,-1,871,872,873,-1,873,872,874,-1,873,874,875,-1,875,874,876,-1,875,876,877,-1,877,876,878,-1,877,878,879,-1,879,878,880,-1,879,880,881,-1,881,880,882,-1,881,882,883,-1,883,882,884,-1,883,884,885,-1,885,884,886,-1,885,886,887,-1,887,886,888,-1,887,888,889,-1,889,888,890,-1,889,890,891,-1,891,890,892,-1,891,892,893,-1,893,892,894,-1,893,894,895,-1,895,894,896,-1,895,896,897,-1,897,896,898,-1,897,898,899,-1,899,898,900,-1,899,900,901,-1,901,900,902,-1,901,902,903,-1,903,902,904,-1,903,904,905,-1,905,904,906,-1,905,906,907,-1,907,906,908,-1,907,908,909,-1,909,908,910,-1,909,910,911,-1,911,910,912,-1,911,912,693,-1,693,912,694,-1,500,499,913,-1,31,30,914,-1,28,27,915,-1,25,24,916,-1,22,21,917,-1,19,18,918,-1,16,15,919,-1,13,12,920,-1,537,548,921,-1,547,546,922,-1,539,538,923,-1,10,9,924,-1,7,6,925,-1,4,3,926,-1,67,66,927,-1,64,63,928,-1,61,60,929,-1,58,57,930,-1,55,54,931,-1,52,51,932,-1,49,48,933,-1,46,45,934,-1,346,357,935,-1,356,355,936,-1,348,347,937,-1,43,42,938,-1,40,39,939,-1,37,36,940,-1,941,942,943,-1,944,945,946,-1,947,948,949,-1,950,951,952,-1,951,950,953,-1,954,955,956,-1,957,958,959,-1,960,961,962,-1,963,964,965,-1,966,967,968,-1,969,970,971,-1,972,973,974,-1,975,976,977,-1,978,979,980,-1,981,982,983,-1,982,981,984,-1,985,986,987,-1,988,989,990,-1,989,988,991,-1,992,993,994,-1,995,996,997,-1,998,999,1000,-1,1001,1002,1003,-1,1004,1005,1006,-1,1007,1008,1009,-1,1008,1007,1010,-1,1011,1012,1013,-1,1014,1015,1016,-1,1015,1014,1017,-1,1018,1019,1020,-1,1021,1020,1022,-1,1022,1023,1024,-1,1024,1023,1017,-1,1025,1016,1011,-1,1012,1026,1027,-1,1027,1026,1028,-1,1027,1028,1029,-1,1030,1029,1031,-1,1031,1032,1033,-1,1033,1032,1034,-1,1034,1035,1036,-1,1036,1035,1010,-1,1037,1009,1004,-1,1005,1038,1039,-1,1039,1038,1040,-1,1039,1040,1041,-1,1042,1041,1001,-1,998,1000,1002,-1,992,994,1043,-1,1044,1045,942,-1,1045,1046,942,-1,942,1046,1047,-1,942,1047,943,-1,943,1047,1048,-1,1048,1049,1050,-1,1050,1049,1051,-1,1051,1052,1053,-1,1053,1052,991,-1,1054,990,985,-1,986,1055,1056,-1,1056,1055,1057,-1,1056,1057,1058,-1,1059,1058,1060,-1,1060,1061,1062,-1,1062,1061,1063,-1,1063,1064,1065,-1,1065,1064,984,-1,1066,983,978,-1,979,1067,1068,-1,1068,1067,1069,-1,1068,1069,1070,-1,1071,1070,975,-1,972,974,976,-1,973,1072,1073,-1,1073,1072,1074,-1,1073,1074,1075,-1,1076,1075,969,-1,970,1077,1078,-1,1078,1077,1079,-1,1078,1079,1080,-1,1081,1080,966,-1,967,1082,1083,-1,1083,1082,1084,-1,1083,1084,1085,-1,1086,1085,963,-1,954,956,1087,-1,1088,1089,1090,-1,1090,1089,1091,-1,1090,1091,1092,-1,1089,1093,1091,-1,1091,1093,1094,-1,1091,1094,953,-1,1095,952,947,-1,948,1096,1097,-1,1097,1096,1098,-1,1097,1098,1099,-1,1100,1099,944,-1,945,1101,1102,-1,1102,1101,1103,-1,1102,1103,1019,-1,1104,1044,1105,-1,1105,1044,942,-1,1105,942,1106,-1,1106,942,941,-1,1106,941,936,-1,1107,1088,1108,-1,1108,1088,1090,-1,1108,1090,1109,-1,1109,1090,1092,-1,1109,1092,922,-1,1110,1111,1112,-1,1113,1111,1114,-1,1114,1111,1110,-1,1114,1110,1000,-1,999,995,1000,-1,1000,995,997,-1,1000,997,1114,-1,1114,997,1115,-1,1114,1115,1113,-1,1113,1115,1116,-1,1117,1118,1119,-1,1120,1118,1121,-1,1121,1118,1117,-1,1121,1117,965,-1,964,960,965,-1,965,960,962,-1,965,962,1121,-1,1121,962,1122,-1,1121,1122,1120,-1,1120,1122,1123,-1,1124,493,492,-1,1017,1014,1024,-1,1024,1014,1125,-1,1024,1125,1126,-1,1126,1125,1124,-1,1126,1124,1127,-1,1127,1124,492,-1,1127,492,502,-1,1128,485,484,-1,1016,1025,1014,-1,1014,1025,1129,-1,1014,1129,1125,-1,1125,1129,1128,-1,1125,1128,1124,-1,1124,1128,484,-1,1124,484,493,-1,1130,477,476,-1,1011,1013,1025,-1,1025,1013,1131,-1,1025,1131,1129,-1,1129,1131,1130,-1,1129,1130,1128,-1,1128,1130,476,-1,1128,476,485,-1,1132,469,468,-1,1012,1027,1013,-1,1013,1027,1133,-1,1013,1133,1131,-1,1131,1133,1132,-1,1131,1132,1130,-1,1130,1132,468,-1,1130,468,477,-1,1134,461,460,-1,1029,1030,1027,-1,1027,1030,1135,-1,1027,1135,1133,-1,1133,1135,1134,-1,1133,1134,1132,-1,1132,1134,460,-1,1132,460,469,-1,1136,453,452,-1,1031,1033,1030,-1,1030,1033,1137,-1,1030,1137,1135,-1,1135,1137,1136,-1,1135,1136,1134,-1,1134,1136,452,-1,1134,452,461,-1,1138,445,444,-1,1034,1036,1033,-1,1033,1036,1139,-1,1033,1139,1137,-1,1137,1139,1138,-1,1137,1138,1136,-1,1136,1138,444,-1,1136,444,453,-1,1140,437,436,-1,1010,1007,1036,-1,1036,1007,1141,-1,1036,1141,1139,-1,1139,1141,1140,-1,1139,1140,1138,-1,1138,1140,436,-1,1138,436,445,-1,1142,429,428,-1,1009,1037,1007,-1,1007,1037,1143,-1,1007,1143,1141,-1,1141,1143,1142,-1,1141,1142,1140,-1,1140,1142,428,-1,1140,428,437,-1,1144,421,420,-1,1004,1006,1037,-1,1037,1006,1145,-1,1037,1145,1143,-1,1143,1145,1144,-1,1143,1144,1142,-1,1142,1144,420,-1,1142,420,429,-1,1146,413,412,-1,1005,1039,1006,-1,1006,1039,1147,-1,1006,1147,1145,-1,1145,1147,1146,-1,1145,1146,1144,-1,1144,1146,412,-1,1144,412,421,-1,1148,405,404,-1,1041,1042,1039,-1,1039,1042,1149,-1,1039,1149,1147,-1,1147,1149,1148,-1,1147,1148,1146,-1,1146,1148,404,-1,1146,404,413,-1,1150,397,396,-1,1001,1003,1042,-1,1042,1003,1151,-1,1042,1151,1149,-1,1149,1151,1150,-1,1149,1150,1148,-1,1148,1150,396,-1,1148,396,405,-1,1002,1000,1003,-1,1003,1000,1110,-1,1003,1110,1151,-1,1151,1110,1112,-1,1151,1112,1150,-1,1150,1112,388,-1,1150,388,397,-1,34,33,1116,-1,1116,33,378,-1,1116,378,1113,-1,1113,378,381,-1,1113,381,1111,-1,1111,381,380,-1,1111,380,1112,-1,1112,380,389,-1,1112,389,388,-1,36,34,940,-1,940,34,1116,-1,940,1116,1152,-1,1152,1116,1115,-1,1152,1115,1153,-1,1153,1115,997,-1,1153,997,1154,-1,1154,997,996,-1,39,37,939,-1,939,37,940,-1,939,940,1155,-1,1155,940,1152,-1,1155,1152,1156,-1,1156,1152,1153,-1,1156,1153,1157,-1,1157,1153,1154,-1,42,40,938,-1,938,40,939,-1,938,939,1158,-1,1158,939,1155,-1,1158,1155,994,-1,994,1155,1156,-1,994,1156,1043,-1,1043,1156,1157,-1,347,43,937,-1,937,43,938,-1,937,938,1159,-1,1159,938,1158,-1,1159,1158,1160,-1,1160,1158,994,-1,1160,994,1161,-1,1161,994,993,-1,355,348,936,-1,936,348,937,-1,936,937,1106,-1,1106,937,1159,-1,1106,1159,1105,-1,1105,1159,1160,-1,1105,1160,1104,-1,1104,1160,1161,-1,1048,1050,943,-1,943,1050,1162,-1,943,1162,941,-1,941,1162,935,-1,941,935,936,-1,936,935,357,-1,936,357,356,-1,1051,1053,1050,-1,1050,1053,1163,-1,1050,1163,1162,-1,1162,1163,934,-1,1162,934,935,-1,935,934,45,-1,935,45,346,-1,991,988,1053,-1,1053,988,1164,-1,1053,1164,1163,-1,1163,1164,933,-1,1163,933,934,-1,934,933,48,-1,934,48,46,-1,990,1054,988,-1,988,1054,1165,-1,988,1165,1164,-1,1164,1165,932,-1,1164,932,933,-1,933,932,51,-1,933,51,49,-1,985,987,1054,-1,1054,987,1166,-1,1054,1166,1165,-1,1165,1166,931,-1,1165,931,932,-1,932,931,54,-1,932,54,52,-1,986,1056,987,-1,987,1056,1167,-1,987,1167,1166,-1,1166,1167,930,-1,1166,930,931,-1,931,930,57,-1,931,57,55,-1,1058,1059,1056,-1,1056,1059,1168,-1,1056,1168,1167,-1,1167,1168,929,-1,1167,929,930,-1,930,929,60,-1,930,60,58,-1,1060,1062,1059,-1,1059,1062,1169,-1,1059,1169,1168,-1,1168,1169,928,-1,1168,928,929,-1,929,928,63,-1,929,63,61,-1,1063,1065,1062,-1,1062,1065,1170,-1,1062,1170,1169,-1,1169,1170,927,-1,1169,927,928,-1,928,927,66,-1,928,66,64,-1,984,981,1065,-1,1065,981,1171,-1,1065,1171,1170,-1,1170,1171,1172,-1,1170,1172,927,-1,927,1172,690,-1,927,690,67,-1,1173,692,691,-1,983,1066,981,-1,981,1066,1174,-1,981,1174,1171,-1,1171,1174,1173,-1,1171,1173,1172,-1,1172,1173,691,-1,1172,691,690,-1,1175,684,683,-1,978,980,1066,-1,1066,980,1176,-1,1066,1176,1174,-1,1174,1176,1175,-1,1174,1175,1173,-1,1173,1175,683,-1,1173,683,692,-1,1177,676,675,-1,979,1068,980,-1,980,1068,1178,-1,980,1178,1176,-1,1176,1178,1177,-1,1176,1177,1175,-1,1175,1177,675,-1,1175,675,684,-1,1179,668,667,-1,1070,1071,1068,-1,1068,1071,1180,-1,1068,1180,1178,-1,1178,1180,1179,-1,1178,1179,1177,-1,1177,1179,667,-1,1177,667,676,-1,1181,660,659,-1,975,977,1071,-1,1071,977,1182,-1,1071,1182,1180,-1,1180,1182,1181,-1,1180,1181,1179,-1,1179,1181,659,-1,1179,659,668,-1,1183,652,651,-1,976,974,977,-1,977,974,1184,-1,977,1184,1182,-1,1182,1184,1183,-1,1182,1183,1181,-1,1181,1183,651,-1,1181,651,660,-1,1185,644,643,-1,973,1073,974,-1,974,1073,1186,-1,974,1186,1184,-1,1184,1186,1185,-1,1184,1185,1183,-1,1183,1185,643,-1,1183,643,652,-1,1187,636,635,-1,1075,1076,1073,-1,1073,1076,1188,-1,1073,1188,1186,-1,1186,1188,1187,-1,1186,1187,1185,-1,1185,1187,635,-1,1185,635,644,-1,1189,628,627,-1,969,971,1076,-1,1076,971,1190,-1,1076,1190,1188,-1,1188,1190,1189,-1,1188,1189,1187,-1,1187,1189,627,-1,1187,627,636,-1,1191,620,619,-1,970,1078,971,-1,971,1078,1192,-1,971,1192,1190,-1,1190,1192,1191,-1,1190,1191,1189,-1,1189,1191,619,-1,1189,619,628,-1,1193,612,611,-1,1080,1081,1078,-1,1078,1081,1194,-1,1078,1194,1192,-1,1192,1194,1193,-1,1192,1193,1191,-1,1191,1193,611,-1,1191,611,620,-1,1195,604,603,-1,966,968,1081,-1,1081,968,1196,-1,1081,1196,1194,-1,1194,1196,1195,-1,1194,1195,1193,-1,1193,1195,603,-1,1193,603,612,-1,1197,596,595,-1,967,1083,968,-1,968,1083,1198,-1,968,1198,1196,-1,1196,1198,1197,-1,1196,1197,1195,-1,1195,1197,595,-1,1195,595,604,-1,1199,588,587,-1,1085,1086,1083,-1,1083,1086,1200,-1,1083,1200,1198,-1,1198,1200,1199,-1,1198,1199,1197,-1,1197,1199,587,-1,1197,587,596,-1,963,965,1086,-1,1086,965,1117,-1,1086,1117,1200,-1,1200,1117,1119,-1,1200,1119,1199,-1,1199,1119,579,-1,1199,579,588,-1,1,0,1123,-1,1123,0,569,-1,1123,569,1120,-1,1120,569,572,-1,1120,572,1118,-1,1118,572,571,-1,1118,571,1119,-1,1119,571,580,-1,1119,580,579,-1,3,1,926,-1,926,1,1123,-1,926,1123,1201,-1,1201,1123,1122,-1,1201,1122,959,-1,959,1122,962,-1,959,962,957,-1,957,962,961,-1,6,4,925,-1,925,4,926,-1,925,926,1202,-1,1202,926,1201,-1,1202,1201,1203,-1,1203,1201,959,-1,1203,959,1204,-1,1204,959,958,-1,9,7,924,-1,924,7,925,-1,924,925,1205,-1,1205,925,1202,-1,1205,1202,1206,-1,1206,1202,1203,-1,1206,1203,1207,-1,1207,1203,1204,-1,538,10,923,-1,923,10,924,-1,923,924,1208,-1,1208,924,1205,-1,1208,1205,956,-1,956,1205,1206,-1,956,1206,1087,-1,1087,1206,1207,-1,546,539,922,-1,922,539,923,-1,922,923,1109,-1,1109,923,1208,-1,1109,1208,1108,-1,1108,1208,956,-1,1108,956,1107,-1,1107,956,955,-1,953,950,1091,-1,1091,950,1209,-1,1091,1209,1092,-1,1092,1209,921,-1,1092,921,922,-1,922,921,548,-1,922,548,547,-1,952,1095,950,-1,950,1095,1210,-1,950,1210,1209,-1,1209,1210,920,-1,1209,920,921,-1,921,920,12,-1,921,12,537,-1,947,949,1095,-1,1095,949,1211,-1,1095,1211,1210,-1,1210,1211,919,-1,1210,919,920,-1,920,919,15,-1,920,15,13,-1,948,1097,949,-1,949,1097,1212,-1,949,1212,1211,-1,1211,1212,918,-1,1211,918,919,-1,919,918,18,-1,919,18,16,-1,1099,1100,1097,-1,1097,1100,1213,-1,1097,1213,1212,-1,1212,1213,917,-1,1212,917,918,-1,918,917,21,-1,918,21,19,-1,944,946,1100,-1,1100,946,1214,-1,1100,1214,1213,-1,1213,1214,916,-1,1213,916,917,-1,917,916,24,-1,917,24,22,-1,945,1102,946,-1,946,1102,1215,-1,946,1215,1214,-1,1214,1215,915,-1,1214,915,916,-1,916,915,27,-1,916,27,25,-1,1019,1018,1102,-1,1102,1018,1216,-1,1102,1216,1215,-1,1215,1216,914,-1,1215,914,915,-1,915,914,30,-1,915,30,28,-1,1020,1021,1018,-1,1018,1021,1217,-1,1018,1217,1216,-1,1216,1217,913,-1,1216,913,914,-1,914,913,499,-1,914,499,31,-1,1022,1024,1021,-1,1021,1024,1126,-1,1021,1126,1217,-1,1217,1126,1127,-1,1217,1127,913,-1,913,1127,502,-1,913,502,500,-1,902,900,1218,-1,892,890,1219,-1,888,886,1220,-1,868,866,1221,-1,844,842,1222,-1,834,832,1223,-1,830,828,1224,-1,810,808,1225,-1,772,770,1226,-1,762,760,1227,-1,752,750,1228,-1,748,746,1229,-1,728,726,1230,-1,1231,1232,1233,-1,218,216,1234,-1,124,123,1235,-1,121,120,1236,-1,118,117,1237,-1,115,114,1238,-1,112,111,1239,-1,109,108,1240,-1,226,225,1241,-1,228,227,1242,-1,231,229,1243,-1,234,232,1244,-1,237,235,1245,-1,240,238,1246,-1,245,244,1247,-1,248,247,1248,-1,251,250,1249,-1,254,253,1250,-1,106,105,1251,-1,103,102,1252,-1,178,259,1253,-1,180,179,1254,-1,183,182,1255,-1,175,174,1256,-1,172,171,1257,-1,169,168,1258,-1,166,165,1259,-1,163,162,1260,-1,160,159,1261,-1,186,185,1262,-1,188,187,1263,-1,191,189,1264,-1,194,192,1265,-1,197,195,1266,-1,200,198,1267,-1,205,204,1268,-1,208,207,1269,-1,211,210,1270,-1,214,213,1271,-1,157,156,1272,-1,154,153,1273,-1,1234,216,1274,-1,216,127,1274,-1,1274,127,126,-1,1274,126,1275,-1,1275,126,130,-1,129,133,1276,-1,132,136,1277,-1,135,139,1278,-1,138,142,1279,-1,141,145,1280,-1,144,148,1281,-1,147,151,1282,-1,154,1273,150,-1,256,76,1283,-1,75,79,1284,-1,78,82,1285,-1,81,85,1286,-1,84,88,1287,-1,87,91,1288,-1,90,94,1289,-1,93,97,1290,-1,96,100,1291,-1,103,1252,99,-1,223,222,1232,-1,1232,222,220,-1,1232,220,1233,-1,1233,220,219,-1,1233,219,218,-1,123,223,1235,-1,1235,223,1232,-1,1235,1232,1292,-1,1292,1232,1231,-1,1292,1231,1293,-1,1294,1234,1295,-1,1295,1234,1274,-1,1295,1274,1296,-1,1296,1274,1275,-1,1296,1275,1297,-1,136,135,1277,-1,1277,135,1278,-1,1277,1278,1298,-1,1298,1278,1299,-1,1298,1299,1300,-1,1300,1299,1301,-1,139,138,1278,-1,1278,138,1279,-1,1278,1279,1299,-1,1299,1279,1302,-1,1299,1302,1301,-1,1301,1302,1303,-1,142,141,1279,-1,1279,141,1280,-1,1279,1280,1302,-1,1302,1280,1304,-1,1302,1304,1303,-1,1303,1304,1305,-1,148,147,1281,-1,1281,147,1282,-1,1281,1282,1306,-1,1306,1282,1307,-1,1306,1307,1308,-1,1308,1307,1230,-1,156,214,1272,-1,1272,214,1271,-1,1272,1271,1309,-1,1309,1271,1310,-1,1309,1310,1311,-1,1311,1310,1312,-1,213,211,1271,-1,1271,211,1270,-1,1271,1270,1310,-1,1310,1270,1313,-1,1310,1313,1312,-1,1312,1313,1314,-1,210,208,1270,-1,1270,208,1269,-1,1270,1269,1313,-1,1313,1269,1315,-1,1313,1315,1314,-1,1314,1315,1316,-1,198,197,1267,-1,1267,197,1266,-1,1267,1266,1317,-1,1317,1266,1318,-1,1317,1318,1319,-1,1319,1318,1227,-1,189,188,1264,-1,1264,188,1263,-1,1264,1263,1320,-1,1320,1263,1321,-1,1320,1321,1322,-1,1322,1321,1226,-1,159,163,1261,-1,1261,163,1260,-1,1261,1260,1323,-1,1323,1260,1324,-1,1323,1324,1325,-1,1325,1324,1326,-1,171,175,1257,-1,1257,175,1256,-1,1257,1256,1327,-1,1327,1256,1328,-1,1327,1328,1329,-1,1329,1328,1330,-1,174,183,1256,-1,1256,183,1255,-1,1256,1255,1328,-1,1328,1255,1331,-1,1328,1331,1330,-1,1330,1331,1332,-1,182,180,1255,-1,1255,180,1254,-1,1255,1254,1331,-1,1331,1254,1333,-1,1331,1333,1332,-1,1332,1333,1334,-1,259,258,1253,-1,1253,258,1335,-1,1253,1335,1336,-1,1336,1335,1337,-1,1336,1337,1338,-1,1338,1337,1225,-1,79,78,1284,-1,1284,78,1285,-1,1284,1285,1339,-1,1339,1285,1340,-1,1339,1340,1341,-1,1341,1340,1342,-1,82,81,1285,-1,1285,81,1286,-1,1285,1286,1340,-1,1340,1286,1343,-1,1340,1343,1342,-1,1342,1343,1344,-1,85,84,1286,-1,1286,84,1287,-1,1286,1287,1343,-1,1343,1287,1345,-1,1343,1345,1344,-1,1344,1345,1346,-1,100,99,1291,-1,1291,99,1252,-1,1291,1252,1347,-1,1347,1252,1348,-1,1347,1348,1349,-1,1349,1348,1222,-1,253,251,1250,-1,1250,251,1249,-1,1250,1249,1350,-1,1350,1249,1351,-1,1350,1351,1352,-1,1352,1351,1353,-1,250,248,1249,-1,1249,248,1248,-1,1249,1248,1351,-1,1351,1248,1354,-1,1351,1354,1353,-1,1353,1354,1355,-1,247,245,1248,-1,1248,245,1247,-1,1248,1247,1354,-1,1354,1247,1356,-1,1354,1356,1355,-1,1355,1356,1357,-1,243,241,1358,-1,1358,241,1359,-1,1358,1359,1360,-1,1360,1359,1361,-1,1360,1361,1362,-1,1362,1361,1221,-1,235,234,1245,-1,1245,234,1244,-1,1245,1244,1363,-1,1363,1244,1364,-1,1363,1364,1365,-1,1365,1364,1366,-1,232,231,1244,-1,1244,231,1243,-1,1244,1243,1364,-1,1364,1243,1367,-1,1364,1367,1366,-1,1366,1367,1368,-1,229,228,1243,-1,1243,228,1242,-1,1243,1242,1367,-1,1367,1242,1369,-1,1367,1369,1368,-1,1368,1369,1370,-1,114,118,1238,-1,1238,118,1237,-1,1238,1237,1371,-1,1371,1237,1372,-1,1371,1372,1373,-1,1373,1372,1218,-1,1374,1294,1375,-1,1375,1294,1295,-1,1375,1295,1376,-1,1376,1295,1296,-1,1376,1296,1377,-1,1377,1296,1297,-1,1377,1297,1378,-1,700,1377,702,-1,702,1377,1378,-1,702,1378,704,-1,706,704,1379,-1,1379,704,1378,-1,1379,1378,1380,-1,1380,1378,1297,-1,1380,1297,1276,-1,1276,1297,1275,-1,1276,1275,129,-1,129,1275,130,-1,133,132,1276,-1,1276,132,1277,-1,1276,1277,1380,-1,1380,1277,1298,-1,1380,1298,1379,-1,1379,1298,1300,-1,1379,1300,706,-1,706,1300,708,-1,720,718,1305,-1,1305,718,716,-1,1305,716,1303,-1,1303,716,714,-1,1303,714,1301,-1,1301,714,712,-1,1301,712,1300,-1,1300,712,710,-1,1300,710,708,-1,722,720,1308,-1,1308,720,1305,-1,1308,1305,1306,-1,1306,1305,1304,-1,1306,1304,1281,-1,1281,1304,1280,-1,1281,1280,144,-1,144,1280,145,-1,1230,726,1308,-1,1308,726,724,-1,1308,724,722,-1,730,728,1381,-1,1381,728,1230,-1,1381,1230,1382,-1,1382,1230,1307,-1,1382,1307,1273,-1,1273,1307,1282,-1,1273,1282,150,-1,150,1282,151,-1,153,157,1273,-1,1273,157,1272,-1,1273,1272,1382,-1,1382,1272,1309,-1,1382,1309,1381,-1,1381,1309,1311,-1,1381,1311,730,-1,730,1311,732,-1,744,742,1316,-1,1316,742,740,-1,1316,740,1314,-1,1314,740,738,-1,1314,738,1312,-1,1312,738,736,-1,1312,736,1311,-1,1311,736,734,-1,1311,734,732,-1,746,744,1229,-1,1229,744,1316,-1,1229,1316,1383,-1,1383,1316,1315,-1,1383,1315,1268,-1,1268,1315,1269,-1,1268,1269,205,-1,205,1269,207,-1,750,748,1228,-1,1228,748,1229,-1,1228,1229,1384,-1,1384,1229,1383,-1,1384,1383,1385,-1,1385,1383,1268,-1,1385,1268,203,-1,203,1268,204,-1,754,752,1386,-1,1386,752,1228,-1,1386,1228,1387,-1,1387,1228,1384,-1,1387,1384,1388,-1,1388,1384,1385,-1,1388,1385,201,-1,201,1385,203,-1,201,200,1388,-1,1388,200,1267,-1,1388,1267,1387,-1,1387,1267,1317,-1,1387,1317,1386,-1,1386,1317,1319,-1,1386,1319,754,-1,754,1319,756,-1,1227,760,1319,-1,1319,760,758,-1,1319,758,756,-1,764,762,1389,-1,1389,762,1227,-1,1389,1227,1390,-1,1390,1227,1318,-1,1390,1318,1265,-1,1265,1318,1266,-1,1265,1266,194,-1,194,1266,195,-1,192,191,1265,-1,1265,191,1264,-1,1265,1264,1390,-1,1390,1264,1320,-1,1390,1320,1389,-1,1389,1320,1322,-1,1389,1322,764,-1,764,1322,766,-1,1226,770,1322,-1,1322,770,768,-1,1322,768,766,-1,774,772,1391,-1,1391,772,1226,-1,1391,1226,1392,-1,1392,1226,1321,-1,1392,1321,1262,-1,1262,1321,1263,-1,1262,1263,186,-1,186,1263,187,-1,185,160,1262,-1,1262,160,1261,-1,1262,1261,1392,-1,1392,1261,1323,-1,1392,1323,1391,-1,1391,1323,1325,-1,1391,1325,774,-1,774,1325,776,-1,786,784,1393,-1,1393,784,1326,-1,1393,1326,1394,-1,1394,1326,1324,-1,1394,1324,1259,-1,1259,1324,1260,-1,1259,1260,166,-1,166,1260,162,-1,784,782,1326,-1,1326,782,780,-1,1326,780,1325,-1,1325,780,778,-1,1325,778,776,-1,788,786,1395,-1,1395,786,1393,-1,1395,1393,1396,-1,1396,1393,1394,-1,1396,1394,1258,-1,1258,1394,1259,-1,1258,1259,169,-1,169,1259,165,-1,168,172,1258,-1,1258,172,1257,-1,1258,1257,1396,-1,1396,1257,1327,-1,1396,1327,1395,-1,1395,1327,1329,-1,1395,1329,788,-1,788,1329,790,-1,802,800,1334,-1,1334,800,798,-1,1334,798,1332,-1,1332,798,796,-1,1332,796,1330,-1,1330,796,794,-1,1330,794,1329,-1,1329,794,792,-1,1329,792,790,-1,804,802,1338,-1,1338,802,1334,-1,1338,1334,1336,-1,1336,1334,1333,-1,1336,1333,1253,-1,1253,1333,1254,-1,1253,1254,178,-1,178,1254,179,-1,1225,808,1338,-1,1338,808,806,-1,1338,806,804,-1,812,810,1397,-1,1397,810,1225,-1,1397,1225,1398,-1,1398,1225,1337,-1,1398,1337,1283,-1,1283,1337,1335,-1,1283,1335,256,-1,256,1335,258,-1,76,75,1283,-1,1283,75,1284,-1,1283,1284,1398,-1,1398,1284,1339,-1,1398,1339,1397,-1,1397,1339,1341,-1,1397,1341,812,-1,812,1341,814,-1,826,824,1346,-1,1346,824,822,-1,1346,822,1344,-1,1344,822,820,-1,1344,820,1342,-1,1342,820,818,-1,1342,818,1341,-1,1341,818,816,-1,1341,816,814,-1,828,826,1224,-1,1224,826,1346,-1,1224,1346,1399,-1,1399,1346,1345,-1,1399,1345,1288,-1,1288,1345,1287,-1,1288,1287,87,-1,87,1287,88,-1,832,830,1223,-1,1223,830,1224,-1,1223,1224,1400,-1,1400,1224,1399,-1,1400,1399,1289,-1,1289,1399,1288,-1,1289,1288,90,-1,90,1288,91,-1,836,834,1401,-1,1401,834,1223,-1,1401,1223,1402,-1,1402,1223,1400,-1,1402,1400,1290,-1,1290,1400,1289,-1,1290,1289,93,-1,93,1289,94,-1,97,96,1290,-1,1290,96,1291,-1,1290,1291,1402,-1,1402,1291,1347,-1,1402,1347,1401,-1,1401,1347,1349,-1,1401,1349,836,-1,836,1349,838,-1,1222,842,1349,-1,1349,842,840,-1,1349,840,838,-1,846,844,1403,-1,1403,844,1222,-1,1403,1222,1404,-1,1404,1222,1348,-1,1404,1348,1251,-1,1251,1348,1252,-1,1251,1252,106,-1,106,1252,102,-1,105,254,1251,-1,1251,254,1250,-1,1251,1250,1404,-1,1404,1250,1350,-1,1404,1350,1403,-1,1403,1350,1352,-1,1403,1352,846,-1,846,1352,848,-1,860,858,1357,-1,1357,858,856,-1,1357,856,1355,-1,1355,856,854,-1,1355,854,1353,-1,1353,854,852,-1,1353,852,1352,-1,1352,852,850,-1,1352,850,848,-1,862,860,1362,-1,1362,860,1357,-1,1362,1357,1360,-1,1360,1357,1356,-1,1360,1356,1358,-1,1358,1356,1247,-1,1358,1247,243,-1,243,1247,244,-1,1221,866,1362,-1,1362,866,864,-1,1362,864,862,-1,870,868,1405,-1,1405,868,1221,-1,1405,1221,1406,-1,1406,1221,1361,-1,1406,1361,1246,-1,1246,1361,1359,-1,1246,1359,240,-1,240,1359,241,-1,238,237,1246,-1,1246,237,1245,-1,1246,1245,1406,-1,1406,1245,1363,-1,1406,1363,1405,-1,1405,1363,1365,-1,1405,1365,870,-1,870,1365,872,-1,884,882,1370,-1,1370,882,880,-1,1370,880,1368,-1,1368,880,878,-1,1368,878,1366,-1,1366,878,876,-1,1366,876,1365,-1,1365,876,874,-1,1365,874,872,-1,886,884,1220,-1,1220,884,1370,-1,1220,1370,1407,-1,1407,1370,1369,-1,1407,1369,1241,-1,1241,1369,1242,-1,1241,1242,226,-1,226,1242,227,-1,890,888,1219,-1,1219,888,1220,-1,1219,1220,1408,-1,1408,1220,1407,-1,1408,1407,1240,-1,1240,1407,1241,-1,1240,1241,109,-1,109,1241,225,-1,894,892,1409,-1,1409,892,1219,-1,1409,1219,1410,-1,1410,1219,1408,-1,1410,1408,1239,-1,1239,1408,1240,-1,1239,1240,112,-1,112,1240,108,-1,111,115,1239,-1,1239,115,1238,-1,1239,1238,1410,-1,1410,1238,1371,-1,1410,1371,1409,-1,1409,1371,1373,-1,1409,1373,894,-1,894,1373,896,-1,1218,900,1373,-1,1373,900,898,-1,1373,898,896,-1,904,902,1411,-1,1411,902,1218,-1,1411,1218,1412,-1,1412,1218,1372,-1,1412,1372,1236,-1,1236,1372,1237,-1,1236,1237,121,-1,121,1237,117,-1,120,124,1236,-1,1236,124,1235,-1,1236,1235,1412,-1,1412,1235,1292,-1,1412,1292,1411,-1,1411,1292,1293,-1,1411,1293,904,-1,904,1293,906,-1,218,1234,1233,-1,1233,1234,1294,-1,1233,1294,1231,-1,1231,1294,1374,-1,1231,1374,1293,-1,1293,1374,908,-1,1293,908,906,-1,700,698,1377,-1,1377,698,696,-1,1377,696,1376,-1,1376,696,694,-1,1376,694,1375,-1,1375,694,912,-1,1375,912,1374,-1,1374,912,910,-1,1374,910,908,-1,1413,1414,1415,-1,1416,1417,1418,-1,1419,1420,1421,-1,1422,1423,1424,-1,1425,1426,1427,-1,1428,1429,1430,-1,1431,1432,1433,-1,1434,1435,1436,-1,1437,1438,1439,-1,829,831,1440,-1,819,821,1441,-1,809,811,1442,-1,805,807,1443,-1,801,803,1444,-1,795,797,1445,-1,785,787,1446,-1,781,783,1447,-1,777,779,1448,-1,703,1449,1450,-1,703,705,1449,-1,1449,705,707,-1,1449,707,1451,-1,1451,707,709,-1,1451,709,1452,-1,1452,709,711,-1,1452,711,1453,-1,1453,711,713,-1,713,715,1453,-1,1453,715,717,-1,1453,717,1454,-1,1454,717,719,-1,1454,719,1455,-1,719,721,1455,-1,1455,721,723,-1,1455,723,1456,-1,723,725,1456,-1,1456,725,727,-1,1456,727,1457,-1,727,729,1457,-1,1457,729,731,-1,1457,731,1458,-1,1458,731,733,-1,1458,733,1459,-1,1459,733,735,-1,1459,735,1460,-1,1460,735,737,-1,737,739,1460,-1,1460,739,741,-1,1460,741,1461,-1,1461,741,743,-1,1461,743,1462,-1,1462,743,745,-1,1462,745,1463,-1,1463,745,747,-1,747,749,1463,-1,1463,749,751,-1,1463,751,1464,-1,751,753,1464,-1,1464,753,755,-1,1464,755,1465,-1,1465,755,757,-1,1465,757,1466,-1,1466,757,759,-1,1466,759,1467,-1,1467,759,761,-1,761,763,1467,-1,1467,763,765,-1,1467,765,1468,-1,1468,765,767,-1,1468,767,1469,-1,1469,767,769,-1,1469,769,1470,-1,1470,769,771,-1,1470,771,773,-1,795,1445,793,-1,819,1441,817,-1,829,1440,827,-1,833,835,1471,-1,1471,835,837,-1,1471,837,1472,-1,1472,837,839,-1,1472,839,1473,-1,839,841,1473,-1,1473,841,843,-1,1473,843,1474,-1,843,845,1474,-1,1474,845,847,-1,1474,847,1475,-1,1475,847,849,-1,1475,849,1476,-1,1476,849,851,-1,1476,851,1477,-1,1477,851,853,-1,853,855,1477,-1,1477,855,857,-1,1477,857,1478,-1,1478,857,859,-1,1478,859,1479,-1,859,861,1479,-1,1479,861,863,-1,1479,863,1480,-1,863,865,1480,-1,1480,865,867,-1,1480,867,1481,-1,867,869,1481,-1,1481,869,871,-1,1481,871,1482,-1,1482,871,873,-1,1482,873,1483,-1,1483,873,875,-1,1483,875,1484,-1,1484,875,877,-1,877,879,1484,-1,1484,879,881,-1,1484,881,1485,-1,1485,881,883,-1,1485,883,1486,-1,1486,883,885,-1,1486,885,1487,-1,1487,885,887,-1,887,889,1487,-1,1487,889,891,-1,1487,891,1488,-1,891,893,1488,-1,1488,893,895,-1,1488,895,1489,-1,1489,895,897,-1,1489,897,1490,-1,1490,897,899,-1,1490,899,1491,-1,1491,899,901,-1,901,903,1491,-1,1491,903,905,-1,1491,905,1492,-1,1492,905,907,-1,1492,907,1493,-1,1493,907,909,-1,1493,909,1494,-1,1494,909,911,-1,911,693,1494,-1,1494,693,695,-1,1494,695,1495,-1,1495,695,697,-1,1495,697,1496,-1,1496,697,699,-1,1496,699,1450,-1,1450,699,701,-1,1450,701,703,-1,1470,1497,1498,-1,1470,1498,1469,-1,1469,1498,1499,-1,1469,1499,1468,-1,1468,1499,1500,-1,1468,1500,1467,-1,1467,1500,1501,-1,1467,1501,1466,-1,1466,1501,1502,-1,1466,1502,1465,-1,1465,1502,1503,-1,1465,1503,1464,-1,1464,1503,1504,-1,1464,1504,1463,-1,1463,1504,1505,-1,1463,1505,1462,-1,1462,1505,1506,-1,1462,1506,1461,-1,1461,1506,1507,-1,1461,1507,1460,-1,1460,1507,1508,-1,1460,1508,1459,-1,1459,1508,1509,-1,1459,1509,1458,-1,1458,1509,1510,-1,1458,1510,1457,-1,1457,1510,1511,-1,1457,1511,1456,-1,1456,1511,1512,-1,1456,1512,1455,-1,1455,1512,1513,-1,1455,1513,1454,-1,1454,1513,1514,-1,1454,1514,1453,-1,1453,1514,1515,-1,1453,1515,1452,-1,1452,1515,1516,-1,1452,1516,1451,-1,1451,1516,1517,-1,1451,1517,1449,-1,1449,1517,1518,-1,1449,1518,1450,-1,1450,1518,1519,-1,1450,1519,1496,-1,1496,1519,1520,-1,1496,1520,1495,-1,1495,1520,1521,-1,1495,1521,1494,-1,1494,1521,1522,-1,1494,1522,1493,-1,1493,1522,1523,-1,1493,1523,1492,-1,1492,1523,1524,-1,1492,1524,1491,-1,1491,1524,1525,-1,1491,1525,1490,-1,1490,1525,1526,-1,1490,1526,1489,-1,1489,1526,1527,-1,1489,1527,1488,-1,1488,1527,1528,-1,1488,1528,1487,-1,1487,1528,1529,-1,1487,1529,1486,-1,1486,1529,1530,-1,1486,1530,1485,-1,1485,1530,1531,-1,1485,1531,1484,-1,1484,1531,1532,-1,1484,1532,1483,-1,1483,1532,1533,-1,1483,1533,1482,-1,1482,1533,1534,-1,1482,1534,1481,-1,1481,1534,1535,-1,1481,1535,1480,-1,1480,1535,1536,-1,1480,1536,1479,-1,1479,1536,1537,-1,1479,1537,1478,-1,1478,1537,1538,-1,1478,1538,1477,-1,1477,1538,1539,-1,1477,1539,1476,-1,1476,1539,1540,-1,1476,1540,1475,-1,1475,1540,1541,-1,1475,1541,1474,-1,1474,1541,1542,-1,1474,1542,1473,-1,1473,1542,1543,-1,1473,1543,1472,-1,1472,1543,1544,-1,1472,1544,1471,-1,1497,1545,1546,-1,1497,1546,1498,-1,1498,1546,1547,-1,1498,1547,1499,-1,1499,1547,1548,-1,1499,1548,1500,-1,1500,1548,1549,-1,1500,1549,1501,-1,1501,1549,1550,-1,1501,1550,1502,-1,1502,1550,1551,-1,1502,1551,1503,-1,1503,1551,1552,-1,1503,1552,1504,-1,1504,1552,1553,-1,1504,1553,1505,-1,1505,1553,1554,-1,1505,1554,1506,-1,1506,1554,1555,-1,1506,1555,1507,-1,1507,1555,1556,-1,1507,1556,1508,-1,1508,1556,1557,-1,1508,1557,1509,-1,1509,1557,1558,-1,1509,1558,1510,-1,1510,1558,1559,-1,1510,1559,1511,-1,1511,1559,1560,-1,1511,1560,1512,-1,1512,1560,1561,-1,1512,1561,1513,-1,1513,1561,1562,-1,1513,1562,1514,-1,1514,1562,1563,-1,1514,1563,1515,-1,1515,1563,1564,-1,1515,1564,1516,-1,1516,1564,1565,-1,1516,1565,1517,-1,1517,1565,1566,-1,1517,1566,1518,-1,1518,1566,1567,-1,1518,1567,1519,-1,1519,1567,1568,-1,1519,1568,1520,-1,1520,1568,1569,-1,1520,1569,1521,-1,1521,1569,1570,-1,1521,1570,1522,-1,1522,1570,1571,-1,1522,1571,1523,-1,1523,1571,1572,-1,1523,1572,1524,-1,1524,1572,1573,-1,1524,1573,1525,-1,1525,1573,1574,-1,1525,1574,1526,-1,1526,1574,1575,-1,1526,1575,1527,-1,1527,1575,1576,-1,1527,1576,1528,-1,1528,1576,1577,-1,1528,1577,1529,-1,1529,1577,1578,-1,1529,1578,1530,-1,1530,1578,1579,-1,1530,1579,1531,-1,1531,1579,1580,-1,1531,1580,1532,-1,1532,1580,1581,-1,1532,1581,1533,-1,1533,1581,1582,-1,1533,1582,1534,-1,1534,1582,1583,-1,1534,1583,1535,-1,1535,1583,1584,-1,1535,1584,1536,-1,1536,1584,1585,-1,1536,1585,1537,-1,1537,1585,1586,-1,1537,1586,1538,-1,1538,1586,1587,-1,1538,1587,1539,-1,1539,1587,1588,-1,1539,1588,1540,-1,1540,1588,1589,-1,1540,1589,1541,-1,1541,1589,1590,-1,1541,1590,1542,-1,1542,1590,1591,-1,1542,1591,1543,-1,1543,1591,1592,-1,1543,1592,1544,-1,1545,1593,1594,-1,1545,1594,1546,-1,1546,1594,1595,-1,1546,1595,1547,-1,1547,1595,1596,-1,1547,1596,1548,-1,1548,1596,1597,-1,1548,1597,1549,-1,1549,1597,1598,-1,1549,1598,1550,-1,1550,1598,1599,-1,1550,1599,1551,-1,1551,1599,1600,-1,1551,1600,1552,-1,1552,1600,1601,-1,1552,1601,1553,-1,1553,1601,1602,-1,1553,1602,1554,-1,1554,1602,1603,-1,1554,1603,1555,-1,1555,1603,1604,-1,1555,1604,1556,-1,1556,1604,1605,-1,1556,1605,1557,-1,1557,1605,1606,-1,1557,1606,1558,-1,1558,1606,1607,-1,1558,1607,1559,-1,1559,1607,1608,-1,1559,1608,1560,-1,1560,1608,1609,-1,1560,1609,1561,-1,1561,1609,1610,-1,1561,1610,1562,-1,1562,1610,1611,-1,1562,1611,1563,-1,1563,1611,1612,-1,1563,1612,1564,-1,1564,1612,1613,-1,1564,1613,1565,-1,1565,1613,1614,-1,1565,1614,1566,-1,1566,1614,1615,-1,1566,1615,1567,-1,1567,1615,1616,-1,1567,1616,1568,-1,1568,1616,1617,-1,1568,1617,1569,-1,1569,1617,1618,-1,1569,1618,1570,-1,1570,1618,1619,-1,1570,1619,1571,-1,1571,1619,1620,-1,1571,1620,1572,-1,1572,1620,1621,-1,1572,1621,1573,-1,1573,1621,1622,-1,1573,1622,1574,-1,1574,1622,1623,-1,1574,1623,1575,-1,1575,1623,1624,-1,1575,1624,1576,-1,1576,1624,1625,-1,1576,1625,1577,-1,1577,1625,1626,-1,1577,1626,1578,-1,1578,1626,1627,-1,1578,1627,1579,-1,1579,1627,1628,-1,1579,1628,1580,-1,1580,1628,1629,-1,1580,1629,1581,-1,1581,1629,1630,-1,1581,1630,1582,-1,1582,1630,1631,-1,1582,1631,1583,-1,1583,1631,1632,-1,1583,1632,1584,-1,1584,1632,1633,-1,1584,1633,1585,-1,1585,1633,1634,-1,1585,1634,1586,-1,1586,1634,1635,-1,1586,1635,1587,-1,1587,1635,1636,-1,1587,1636,1588,-1,1588,1636,1637,-1,1588,1637,1589,-1,1589,1637,1638,-1,1589,1638,1590,-1,1590,1638,1639,-1,1590,1639,1591,-1,1591,1639,1640,-1,1591,1640,1592,-1,1593,1641,1642,-1,813,815,1643,-1,1643,815,1644,-1,1643,1644,1645,-1,1645,1644,1646,-1,1645,1646,1647,-1,1647,1646,1648,-1,1647,1648,1649,-1,1649,1648,1650,-1,1649,1650,1651,-1,1651,1650,1418,-1,823,825,1652,-1,1652,825,1653,-1,1652,1653,1654,-1,1654,1653,1655,-1,1654,1655,1656,-1,1656,1655,1657,-1,1656,1657,1658,-1,1658,1657,1659,-1,1658,1659,1660,-1,1660,1659,1415,-1,1593,1642,1594,-1,1594,1642,1661,-1,1594,1661,1595,-1,1595,1661,1662,-1,1595,1662,1596,-1,1596,1662,1663,-1,1596,1663,1597,-1,1597,1663,1664,-1,1597,1664,1598,-1,1598,1664,1665,-1,1598,1665,1599,-1,1599,1665,1666,-1,1599,1666,1600,-1,1600,1666,1667,-1,1600,1667,1601,-1,1601,1667,1668,-1,1601,1668,1602,-1,1602,1668,1669,-1,1602,1669,1603,-1,1603,1669,1670,-1,1603,1670,1604,-1,1604,1670,1671,-1,1604,1671,1605,-1,1605,1671,1672,-1,1605,1672,1606,-1,1606,1672,1673,-1,1606,1673,1607,-1,1607,1673,1674,-1,1607,1674,1608,-1,1608,1674,1675,-1,1608,1675,1609,-1,1609,1675,1676,-1,1609,1676,1610,-1,1610,1676,1677,-1,1610,1677,1611,-1,1611,1677,1678,-1,1611,1678,1612,-1,1612,1678,1679,-1,1612,1679,1613,-1,1613,1679,1680,-1,1613,1680,1614,-1,1614,1680,1681,-1,1614,1681,1615,-1,1615,1681,1682,-1,1615,1682,1616,-1,1616,1682,1683,-1,1616,1683,1617,-1,1617,1683,1684,-1,1617,1684,1618,-1,1618,1684,1685,-1,1618,1685,1619,-1,1619,1685,1686,-1,1619,1686,1620,-1,1620,1686,1687,-1,1620,1687,1621,-1,1621,1687,1688,-1,1621,1688,1622,-1,1622,1688,1689,-1,1622,1689,1623,-1,1623,1689,1690,-1,1623,1690,1624,-1,1624,1690,1691,-1,1624,1691,1625,-1,1625,1691,1692,-1,1625,1692,1626,-1,1626,1692,1693,-1,1626,1693,1627,-1,1627,1693,1694,-1,1627,1694,1628,-1,1628,1694,1695,-1,1628,1695,1629,-1,1629,1695,1696,-1,1629,1696,1630,-1,1630,1696,1697,-1,1630,1697,1631,-1,1631,1697,1698,-1,1631,1698,1632,-1,1632,1698,1699,-1,1632,1699,1633,-1,1633,1699,1700,-1,1633,1700,1634,-1,1634,1700,1701,-1,1634,1701,1635,-1,1635,1701,1702,-1,1635,1702,1636,-1,1636,1702,1703,-1,1636,1703,1637,-1,1637,1703,1704,-1,1637,1704,1638,-1,1638,1704,1705,-1,1638,1705,1639,-1,1639,1705,1706,-1,1639,1706,1640,-1,1707,1642,1708,-1,1708,1642,1641,-1,1708,1641,1709,-1,1710,1709,1711,-1,1711,1709,1641,-1,1711,1641,1712,-1,1712,1641,1593,-1,1712,1593,1713,-1,1713,1593,1545,-1,1713,1545,1714,-1,1714,1545,1497,-1,1714,1497,1715,-1,1715,1497,1470,-1,1715,1470,775,-1,775,1470,773,-1,775,777,1715,-1,1715,777,1448,-1,1715,1448,1714,-1,1714,1448,1716,-1,1714,1716,1713,-1,1713,1716,1717,-1,1713,1717,1712,-1,1712,1717,1718,-1,1712,1718,1711,-1,1711,1718,1439,-1,1711,1439,1710,-1,1710,1439,1438,-1,1435,1437,1436,-1,1436,1437,1439,-1,1436,1439,1719,-1,1719,1439,1718,-1,1719,1718,1720,-1,1720,1718,1717,-1,1720,1717,1721,-1,1721,1717,1716,-1,1721,1716,1447,-1,1447,1716,1448,-1,1447,1448,781,-1,781,1448,779,-1,1722,1434,1723,-1,1723,1434,1436,-1,1723,1436,1724,-1,1724,1436,1719,-1,1724,1719,1725,-1,1725,1719,1720,-1,1725,1720,1726,-1,1726,1720,1721,-1,1726,1721,1446,-1,1446,1721,1447,-1,1446,1447,785,-1,785,1447,783,-1,787,789,1446,-1,1446,789,1727,-1,1446,1727,1726,-1,1726,1727,1728,-1,1726,1728,1725,-1,1725,1728,1729,-1,1725,1729,1724,-1,1724,1729,1730,-1,1724,1730,1723,-1,1723,1730,1433,-1,1723,1433,1722,-1,1722,1433,1432,-1,1429,1431,1430,-1,1430,1431,1433,-1,1430,1433,1731,-1,1731,1433,1730,-1,1731,1730,1732,-1,1732,1730,1729,-1,1732,1729,1733,-1,1733,1729,1728,-1,1733,1728,1734,-1,1734,1728,1727,-1,1734,1727,791,-1,791,1727,789,-1,1735,1428,1736,-1,1736,1428,1430,-1,1736,1430,1737,-1,1737,1430,1731,-1,1737,1731,1738,-1,1738,1731,1732,-1,1738,1732,1739,-1,1739,1732,1733,-1,1739,1733,1445,-1,1445,1733,1734,-1,1445,1734,793,-1,793,1734,791,-1,797,799,1445,-1,1445,799,1740,-1,1445,1740,1739,-1,1739,1740,1741,-1,1739,1741,1738,-1,1738,1741,1742,-1,1738,1742,1737,-1,1737,1742,1743,-1,1737,1743,1736,-1,1736,1743,1427,-1,1736,1427,1735,-1,1735,1427,1426,-1,1423,1425,1424,-1,1424,1425,1427,-1,1424,1427,1744,-1,1744,1427,1743,-1,1744,1743,1745,-1,1745,1743,1742,-1,1745,1742,1746,-1,1746,1742,1741,-1,1746,1741,1444,-1,1444,1741,1740,-1,1444,1740,801,-1,801,1740,799,-1,1420,1422,1421,-1,1421,1422,1424,-1,1421,1424,1747,-1,1747,1424,1744,-1,1747,1744,1748,-1,1748,1744,1745,-1,1748,1745,1749,-1,1749,1745,1746,-1,1749,1746,1443,-1,1443,1746,1444,-1,1443,1444,805,-1,805,1444,803,-1,1750,1419,1751,-1,1751,1419,1421,-1,1751,1421,1752,-1,1752,1421,1747,-1,1752,1747,1753,-1,1753,1747,1748,-1,1753,1748,1754,-1,1754,1748,1749,-1,1754,1749,1442,-1,1442,1749,1443,-1,1442,1443,809,-1,809,1443,807,-1,811,813,1442,-1,1442,813,1643,-1,1442,1643,1754,-1,1754,1643,1645,-1,1754,1645,1753,-1,1753,1645,1647,-1,1753,1647,1752,-1,1752,1647,1649,-1,1752,1649,1751,-1,1751,1649,1651,-1,1751,1651,1750,-1,1750,1651,1755,-1,1418,1417,1651,-1,1651,1417,1756,-1,1651,1756,1755,-1,1757,1416,1758,-1,1758,1416,1418,-1,1758,1418,1759,-1,1759,1418,1650,-1,1759,1650,1760,-1,1760,1650,1648,-1,1760,1648,1761,-1,1761,1648,1646,-1,1761,1646,1441,-1,1441,1646,1644,-1,1441,1644,817,-1,817,1644,815,-1,821,823,1441,-1,1441,823,1652,-1,1441,1652,1761,-1,1761,1652,1654,-1,1761,1654,1760,-1,1760,1654,1656,-1,1760,1656,1759,-1,1759,1656,1658,-1,1759,1658,1758,-1,1758,1658,1660,-1,1758,1660,1757,-1,1757,1660,1762,-1,1415,1414,1660,-1,1660,1414,1763,-1,1660,1763,1762,-1,1764,1413,1765,-1,1765,1413,1415,-1,1765,1415,1766,-1,1766,1415,1659,-1,1766,1659,1767,-1,1767,1659,1657,-1,1767,1657,1768,-1,1768,1657,1655,-1,1768,1655,1440,-1,1440,1655,1653,-1,1440,1653,827,-1,827,1653,825,-1,831,833,1440,-1,1440,833,1471,-1,1440,1471,1768,-1,1768,1471,1544,-1,1768,1544,1767,-1,1767,1544,1592,-1,1767,1592,1766,-1,1766,1592,1640,-1,1766,1640,1765,-1,1765,1640,1706,-1,1765,1706,1764,-1,1764,1706,1769,-1,1707,1770,1642,-1,1642,1770,1771,-1,1642,1771,1661,-1,1661,1771,1772,-1,1661,1772,1662,-1,1662,1772,1773,-1,1662,1773,1663,-1,1663,1773,1774,-1,1663,1774,1664,-1,1664,1774,1775,-1,1664,1775,1665,-1,1665,1775,1776,-1,1665,1776,1666,-1,1666,1776,1777,-1,1666,1777,1667,-1,1667,1777,1778,-1,1667,1778,1668,-1,1668,1778,1779,-1,1668,1779,1669,-1,1669,1779,1780,-1,1669,1780,1670,-1,1670,1780,1781,-1,1670,1781,1671,-1,1671,1781,1782,-1,1671,1782,1672,-1,1672,1782,1783,-1,1672,1783,1673,-1,1673,1783,1784,-1,1673,1784,1674,-1,1674,1784,1785,-1,1674,1785,1675,-1,1675,1785,1786,-1,1675,1786,1676,-1,1676,1786,1787,-1,1676,1787,1677,-1,1677,1787,1788,-1,1677,1788,1678,-1,1678,1788,1789,-1,1678,1789,1679,-1,1679,1789,1790,-1,1679,1790,1680,-1,1680,1790,1791,-1,1680,1791,1681,-1,1681,1791,1792,-1,1681,1792,1682,-1,1682,1792,1793,-1,1682,1793,1683,-1,1683,1793,1794,-1,1683,1794,1684,-1,1684,1794,1795,-1,1684,1795,1685,-1,1685,1795,1796,-1,1685,1796,1686,-1,1686,1796,1797,-1,1686,1797,1687,-1,1687,1797,1798,-1,1687,1798,1688,-1,1688,1798,1799,-1,1688,1799,1689,-1,1689,1799,1800,-1,1689,1800,1690,-1,1690,1800,1801,-1,1690,1801,1691,-1,1691,1801,1802,-1,1691,1802,1692,-1,1692,1802,1803,-1,1692,1803,1693,-1,1693,1803,1804,-1,1693,1804,1694,-1,1694,1804,1805,-1,1694,1805,1695,-1,1695,1805,1806,-1,1695,1806,1696,-1,1696,1806,1807,-1,1696,1807,1697,-1,1697,1807,1808,-1,1697,1808,1698,-1,1698,1808,1809,-1,1698,1809,1699,-1,1699,1809,1810,-1,1699,1810,1700,-1,1700,1810,1811,-1,1700,1811,1701,-1,1701,1811,1812,-1,1701,1812,1702,-1,1702,1812,1813,-1,1702,1813,1703,-1,1703,1813,1814,-1,1703,1814,1704,-1,1704,1814,1815,-1,1704,1815,1705,-1,1705,1815,1816,-1,1705,1816,1706,-1,1706,1816,1817,-1,1706,1817,1769,-1,
        ]
    }
}
Shape{
    appearance Appearance {
        material  Material 	{
            diffuseColor 0.2235294117647059 0.2235294117647059 0.2235294117647059
            specularColor 0.11372549019607843 0.11372549019607843 0.11372549019607843
            ambientIntensity 0.2235
            transparency 0.0
            shininess 0.5
        }
    }
    geometry IndexedFaceSet {
        ccw TRUE
        solid FALSE
        coord DEF co Coordinate {
            point [
                0.8921 -1.0481 3.9764, 0.8931 -1.0494 3.9768, 0.8366 -1.0949 3.9764, 0.7329 -1.1669 3.9768, 0.7329 -1.1669 3.9764, 0.9384 -1.009 3.9764, 1.0314 -0.9138 3.9764, 1.0347 -0.91 3.9768, 1.1534 -0.7509 3.9764, 1.1548 -0.7518 3.9768, 1.1148 -0.8099 3.9764, 1.0345 -0.9099 3.9764, 1.1878 -0.6986 3.9764, 1.2496 -0.5807 3.9764, 1.2509 -0.578 3.9768, 1.3194 -0.3917 3.9764, 1.321 -0.3921 3.9768, 1.2998 -0.4574 3.9764, 1.2507 -0.5779 3.9764, 1.3379 -0.3298 3.9764, 1.3635 -0.1991 3.9764, 1.3636 -0.1981 3.9768, 1.3636 0.1981 3.9764, 1.3636 0.1981 3.9768, 1.378 0.0 3.9768, 1.3763 0.0666 3.9764, 1.3636 -0.1981 3.9764, 1.3763 -0.0666 3.9764, 1.3763 0.0 3.9764, 1.2507 0.5779 3.9764, 1.2509 0.578 3.9768, 1.321 0.3921 3.9768, 1.2998 0.4574 3.9764, 1.3635 0.1991 3.9764, 1.3379 0.3298 3.9764, 1.3194 0.3917 3.9764, 1.0345 0.9099 3.9764, 1.0347 0.91 3.9768, 1.1548 0.7518 3.9768, 1.1148 0.8099 3.9764, 1.2496 0.5807 3.9764, 1.1878 0.6986 3.9764, 1.1534 0.7509 3.9764, 0.7329 1.1669 3.9764, 0.7329 1.1669 3.9768, 0.8931 1.0494 3.9768, 0.8366 1.0949 3.9764, 1.0314 0.9138 3.9764, 0.9384 1.009 3.9764, 0.8921 1.0481 3.9764
            ]
        }
        coordIndex [
            0,1,2,-1,2,1,3,-1,2,3,4,-1,0,5,1,-1,1,5,6,-1,1,6,7,-1,8,9,10,-1,10,9,7,-1,10,7,11,-1,11,7,6,-1,8,12,9,-1,9,12,13,-1,9,13,14,-1,15,16,17,-1,17,16,14,-1,17,14,18,-1,18,14,13,-1,15,19,16,-1,16,19,20,-1,16,20,21,-1,22,23,24,-1,22,24,25,-1,20,26,21,-1,21,26,27,-1,21,27,24,-1,24,27,28,-1,24,28,25,-1,29,30,31,-1,29,31,32,-1,22,33,23,-1,23,33,34,-1,23,34,31,-1,31,34,35,-1,31,35,32,-1,36,37,38,-1,36,38,39,-1,29,40,30,-1,30,40,41,-1,30,41,38,-1,38,41,42,-1,38,42,39,-1,43,44,45,-1,43,45,46,-1,36,47,37,-1,37,47,48,-1,37,48,45,-1,45,48,49,-1,45,49,46,-1,3,44,4,-1,4,44,43,-1,44,3,1,-1,30,38,9,-1,9,38,37,-1,1,7,44,-1,44,7,9,-1,44,9,45,-1,45,9,37,-1,14,16,21,-1,21,24,14,-1,14,24,23,-1,14,23,9,-1,9,23,31,-1,9,31,30,-1,
        ]
    }
}
Shape{
    appearance Appearance {
        material  Material 	{
            diffuseColor 0.8509803921568627 0.8509803921568627 0.8509803921568627
            specularColor 0.4235294117647059 0.4235294117647059 0.4235294117647059
            ambientIntensity 0.851
            transparency 0.0
            shininess 0.5
        }
    }
    geometry IndexedFaceSet {
        ccw TRUE
        solid FALSE
        coord DEF co Coordinate {
            point [
                -0.1973 -0.4185 0.0433, -0.2434 -0.5366 0.0433, -0.1973 -0.4185 0.0394, -0.2434 -0.5366 0.0394, -0.2262 -0.5366 0.0433, -0.2262 -0.5366 0.0394, -0.2142 -0.5034 0.0433, -0.2142 -0.5034 0.0394, -0.1654 -0.5034 0.0433, -0.1654 -0.5034 0.0394, -0.1541 -0.5366 0.0433, -0.1541 -0.5366 0.0394, -0.1368 -0.5366 0.0433, -0.1368 -0.5366 0.0394, -0.1815 -0.4185 0.0433, -0.1815 -0.4185 0.0394, -0.1694 -0.4905 0.0433, -0.2089 -0.4905 0.0433, -0.187 -0.4411 0.0433, -0.1882 -0.437 0.0433, -0.1889 -0.4329 0.0433, -0.1893 -0.4329 0.0433, -0.1901 -0.437 0.0433, -0.1911 -0.4411 0.0433, -0.1694 -0.4905 0.0394, -0.2089 -0.4905 0.0394, -0.187 -0.4411 0.0394, -0.1882 -0.437 0.0394, -0.1889 -0.4329 0.0394, -0.1893 -0.4329 0.0394, -0.1901 -0.437 0.0394, -0.1911 -0.4411 0.0394, -0.0653 -0.5366 0.0433, -0.0331 -0.5366 0.0433, -0.0653 -0.5366 0.0394, -0.0331 -0.5366 0.0394, -0.0331 -0.4185 0.0433, -0.0331 -0.4185 0.0394, -0.0665 -0.4185 0.0433, -0.0665 -0.4185 0.0394, -0.1282 -0.476 0.0433, -0.1282 -0.476 0.0394, -0.1273 -0.4649 0.0394, -0.1273 -0.4649 0.0433, -0.1242 -0.4533 0.0394, -0.1242 -0.4533 0.0433, -0.1187 -0.4431 0.0394, -0.1187 -0.4431 0.0433, -0.1103 -0.4339 0.0394, -0.1103 -0.4339 0.0433, -0.1102 -0.4337 0.0394, -0.1102 -0.4337 0.0433, -0.0974 -0.4251 0.0394, -0.0974 -0.4251 0.0433, -0.0835 -0.4203 0.0394, -0.0835 -0.4203 0.0433, -0.0799 -0.5353 0.0394, -0.0799 -0.5353 0.0433, -0.0935 -0.5312 0.0394, -0.0935 -0.5312 0.0433, -0.1058 -0.5241 0.0394, -0.1058 -0.5241 0.0433, -0.1155 -0.5148 0.0394, -0.1155 -0.5148 0.0433, -0.1223 -0.5042 0.0394, -0.1223 -0.5042 0.0433, -0.1266 -0.4918 0.0394, -0.1266 -0.4918 0.0433, -0.1045 -0.448 0.0433, -0.0988 -0.4419 0.0433, -0.0901 -0.4363 0.0433, -0.0804 -0.4329 0.0433, -0.0664 -0.4314 0.0433, -0.049 -0.4314 0.0433, -0.049 -0.5236 0.0433, -0.0658 -0.5236 0.0433, -0.0782 -0.5224 0.0433, -0.0882 -0.5193 0.0433, -0.0962 -0.5146 0.0433, -0.1028 -0.508 0.0433, -0.1078 -0.4999 0.0433, -0.1113 -0.4888 0.0433, -0.1124 -0.4764 0.0433, -0.1114 -0.4646 0.0433, -0.1086 -0.4553 0.0433, -0.0664 -0.4314 0.0394, -0.049 -0.4314 0.0394, -0.0804 -0.4329 0.0394, -0.0901 -0.4363 0.0394, -0.0988 -0.4419 0.0394, -0.1045 -0.448 0.0394, -0.1086 -0.4553 0.0394, -0.1114 -0.4646 0.0394, -0.1124 -0.4764 0.0394, -0.1113 -0.4888 0.0394, -0.1078 -0.4999 0.0394, -0.1028 -0.508 0.0394, -0.0962 -0.5146 0.0394, -0.0882 -0.5193 0.0394, -0.0782 -0.5224 0.0394, -0.0658 -0.5236 0.0394, -0.049 -0.5236 0.0394, -0.0101 -0.5236 0.0433, -0.0101 -0.5366 0.0433, -0.0101 -0.5236 0.0394, -0.0101 -0.5366 0.0394, 0.0533 -0.5366 0.0433, 0.0533 -0.5366 0.0394, 0.0533 -0.4185 0.0433, 0.0533 -0.4185 0.0394, -0.0072 -0.4185 0.0433, -0.0072 -0.4185 0.0394, -0.0072 -0.4314 0.0433, -0.0072 -0.4314 0.0394, 0.0374 -0.4314 0.0433, 0.0374 -0.4314 0.0394, 0.0374 -0.4703 0.0433, 0.0374 -0.4703 0.0394, -0.0043 -0.4703 0.0433, -0.0043 -0.4703 0.0394, -0.0043 -0.4833 0.0433, -0.0043 -0.4833 0.0394, 0.0374 -0.4833 0.0433, 0.0374 -0.4833 0.0394, 0.0374 -0.5236 0.0433, 0.0374 -0.5236 0.0394, 0.0763 -0.5175 0.0433, 0.0763 -0.5304 0.0433, 0.0763 -0.5175 0.0394, 0.0763 -0.5304 0.0394, 0.0889 -0.5356 0.0433, 0.1088 -0.538 0.0433, 0.1088 -0.538 0.0394, 0.1056 -0.5379 0.0394, 0.1056 -0.5379 0.0433, 0.1008 -0.5373 0.0394, 0.0889 -0.5356 0.0394, 0.1642 -0.4797 0.0433, 0.1642 -0.4797 0.0394, 0.163 -0.4934 0.0394, 0.163 -0.4934 0.0433, 0.1595 -0.5059 0.0394, 0.1595 -0.5059 0.0433, 0.1532 -0.5171 0.0394, 0.1532 -0.5171 0.0433, 0.1443 -0.5265 0.0394, 0.1443 -0.5265 0.0433, 0.1348 -0.5326 0.0394, 0.1348 -0.5326 0.0433, 0.1234 -0.5365 0.0394, 0.1234 -0.5365 0.0433, 0.1158 -0.5373 0.0394, 0.1041 -0.417 0.0433, 0.1041 -0.417 0.0394, 0.116 -0.418 0.0394, 0.116 -0.418 0.0433, 0.1291 -0.4218 0.0394, 0.1291 -0.4218 0.0433, 0.1404 -0.4283 0.0394, 0.1404 -0.4283 0.0433, 0.151 -0.4385 0.0394, 0.151 -0.4385 0.0433, 0.158 -0.4496 0.0394, 0.158 -0.4496 0.0433, 0.1625 -0.4629 0.0394, 0.1625 -0.4629 0.0433, 0.0763 -0.4217 0.0433, 0.0763 -0.4217 0.0394, 0.09 -0.418 0.0394, 0.09 -0.418 0.0433, 0.0763 -0.4375 0.0433, 0.0763 -0.4375 0.0394, 0.104 -0.43 0.0433, 0.104 -0.43 0.0394, 0.0896 -0.4318 0.0394, 0.0896 -0.4318 0.0433, 0.1483 -0.4788 0.0433, 0.1483 -0.4788 0.0394, 0.1478 -0.4696 0.0394, 0.1478 -0.4696 0.0433, 0.1446 -0.4569 0.0394, 0.1446 -0.4569 0.0433, 0.1398 -0.4478 0.0394, 0.1398 -0.4478 0.0433, 0.1326 -0.4399 0.0394, 0.1326 -0.4399 0.0433, 0.1245 -0.4345 0.0394, 0.1245 -0.4345 0.0433, 0.1156 -0.4313 0.0394, 0.1156 -0.4313 0.0433, 0.1066 -0.525 0.0433, 0.1066 -0.525 0.0394, 0.1177 -0.5238 0.0394, 0.1177 -0.5238 0.0433, 0.1263 -0.5206 0.0394, 0.1263 -0.5206 0.0433, 0.1335 -0.5158 0.0394, 0.1335 -0.5158 0.0433, 0.1391 -0.5099 0.0394, 0.1391 -0.5099 0.0433, 0.1439 -0.5017 0.0394, 0.1439 -0.5017 0.0433, 0.1471 -0.4916 0.0394, 0.1471 -0.4916 0.0433, 0.0784 -0.5187 0.0394, 0.0784 -0.5187 0.0433, 0.091 -0.5233 0.0394, 0.091 -0.5233 0.0433, 0.1743 -0.5236 0.0433, 0.1743 -0.5366 0.0433, 0.1743 -0.5236 0.0394, 0.1743 -0.5366 0.0394, 0.2348 -0.5366 0.0433, 0.2348 -0.5366 0.0394, 0.2348 -0.4185 0.0433, 0.2348 -0.4185 0.0394, 0.2189 -0.4185 0.0433, 0.2189 -0.4185 0.0394, 0.2189 -0.5236 0.0433, 0.2189 -0.5236 0.0394
            ]
        }
        coordIndex [
            0,1,2,-1,2,1,3,-1,1,4,3,-1,3,4,5,-1,4,6,5,-1,5,6,7,-1,6,8,7,-1,7,8,9,-1,8,10,9,-1,9,10,11,-1,10,12,11,-1,11,12,13,-1,12,14,13,-1,13,14,15,-1,14,0,15,-1,15,0,2,-1,16,8,17,-1,17,8,6,-1,18,14,16,-1,16,14,12,-1,16,12,8,-1,8,12,10,-1,18,19,14,-1,14,19,20,-1,14,20,0,-1,0,20,21,-1,0,21,22,-1,22,23,0,-1,0,23,17,-1,0,17,1,-1,1,17,6,-1,1,6,4,-1,16,17,24,-1,24,17,25,-1,18,16,26,-1,26,16,24,-1,18,26,27,-1,18,27,19,-1,19,27,28,-1,19,28,20,-1,21,20,29,-1,29,20,28,-1,21,29,30,-1,21,30,22,-1,22,30,31,-1,22,31,23,-1,17,23,25,-1,25,23,31,-1,32,33,34,-1,34,33,35,-1,33,36,35,-1,35,36,37,-1,36,38,37,-1,37,38,39,-1,40,41,42,-1,40,42,43,-1,43,42,44,-1,43,44,45,-1,45,44,46,-1,45,46,47,-1,47,46,48,-1,47,48,49,-1,49,48,50,-1,49,50,51,-1,51,50,52,-1,51,52,53,-1,53,52,54,-1,53,54,55,-1,55,54,39,-1,55,39,38,-1,32,34,56,-1,32,56,57,-1,57,56,58,-1,57,58,59,-1,59,58,60,-1,59,60,61,-1,61,60,62,-1,61,62,63,-1,63,62,64,-1,63,64,65,-1,65,64,66,-1,65,66,67,-1,67,66,41,-1,67,41,40,-1,45,47,68,-1,68,47,49,-1,68,49,69,-1,69,49,51,-1,69,51,70,-1,70,51,53,-1,70,53,71,-1,71,53,55,-1,71,55,72,-1,72,55,38,-1,72,38,73,-1,73,38,36,-1,73,36,74,-1,74,36,33,-1,74,33,75,-1,75,33,32,-1,75,32,76,-1,76,32,57,-1,76,57,77,-1,77,57,59,-1,77,59,78,-1,78,59,61,-1,78,61,79,-1,79,61,63,-1,79,63,80,-1,80,63,65,-1,80,65,81,-1,81,65,67,-1,81,67,82,-1,82,67,40,-1,82,40,83,-1,83,40,43,-1,83,43,84,-1,84,43,45,-1,84,45,68,-1,72,73,85,-1,85,73,86,-1,72,85,87,-1,72,87,71,-1,71,87,88,-1,71,88,70,-1,70,88,89,-1,70,89,69,-1,69,89,90,-1,69,90,68,-1,68,90,91,-1,68,91,84,-1,84,91,92,-1,84,92,83,-1,83,92,93,-1,83,93,82,-1,82,93,94,-1,82,94,81,-1,81,94,95,-1,81,95,80,-1,80,95,96,-1,80,96,79,-1,79,96,97,-1,79,97,78,-1,78,97,98,-1,78,98,77,-1,77,98,99,-1,77,99,76,-1,76,99,100,-1,76,100,75,-1,74,75,101,-1,101,75,100,-1,73,74,86,-1,86,74,101,-1,102,103,104,-1,104,103,105,-1,103,106,105,-1,105,106,107,-1,106,108,107,-1,107,108,109,-1,108,110,109,-1,109,110,111,-1,110,112,111,-1,111,112,113,-1,112,114,113,-1,113,114,115,-1,114,116,115,-1,115,116,117,-1,116,118,117,-1,117,118,119,-1,118,120,119,-1,119,120,121,-1,120,122,121,-1,121,122,123,-1,122,124,123,-1,123,124,125,-1,124,102,125,-1,125,102,104,-1,106,103,102,-1,102,124,106,-1,106,124,122,-1,106,122,108,-1,112,110,114,-1,114,110,108,-1,114,108,116,-1,116,108,122,-1,116,122,118,-1,118,122,120,-1,126,127,128,-1,128,127,129,-1,129,127,130,-1,131,132,133,-1,131,133,134,-1,134,133,135,-1,134,135,130,-1,130,135,136,-1,130,136,129,-1,137,138,139,-1,137,139,140,-1,140,139,141,-1,140,141,142,-1,142,141,143,-1,142,143,144,-1,144,143,145,-1,144,145,146,-1,146,145,147,-1,146,147,148,-1,148,147,149,-1,148,149,150,-1,150,149,131,-1,131,149,151,-1,131,151,132,-1,152,153,154,-1,152,154,155,-1,155,154,156,-1,155,156,157,-1,157,156,158,-1,157,158,159,-1,159,158,160,-1,159,160,161,-1,161,160,162,-1,161,162,163,-1,163,162,164,-1,163,164,165,-1,165,164,138,-1,165,138,137,-1,166,167,168,-1,166,168,169,-1,169,168,153,-1,169,153,152,-1,166,170,167,-1,167,170,171,-1,172,173,174,-1,172,174,175,-1,175,174,171,-1,175,171,170,-1,176,177,178,-1,176,178,179,-1,179,178,180,-1,179,180,181,-1,181,180,182,-1,181,182,183,-1,183,182,184,-1,183,184,185,-1,185,184,186,-1,185,186,187,-1,187,186,188,-1,187,188,189,-1,189,188,173,-1,189,173,172,-1,190,191,192,-1,190,192,193,-1,193,192,194,-1,193,194,195,-1,195,194,196,-1,195,196,197,-1,197,196,198,-1,197,198,199,-1,199,198,200,-1,199,200,201,-1,201,200,202,-1,201,202,203,-1,203,202,177,-1,203,177,176,-1,126,128,204,-1,126,204,205,-1,205,204,206,-1,205,206,207,-1,207,206,191,-1,207,191,190,-1,193,131,190,-1,190,131,134,-1,190,134,207,-1,207,134,130,-1,207,130,205,-1,205,130,127,-1,205,127,126,-1,170,166,175,-1,175,166,169,-1,175,169,172,-1,172,169,152,-1,172,152,189,-1,189,152,155,-1,189,155,187,-1,187,155,157,-1,187,157,185,-1,185,157,159,-1,185,159,183,-1,183,159,161,-1,183,161,181,-1,181,161,163,-1,181,163,179,-1,179,163,165,-1,179,165,176,-1,176,165,137,-1,176,137,203,-1,203,137,140,-1,203,140,201,-1,201,140,142,-1,201,142,199,-1,199,142,144,-1,199,144,197,-1,197,144,146,-1,197,146,195,-1,195,146,148,-1,195,148,193,-1,193,148,150,-1,193,150,131,-1,208,209,210,-1,210,209,211,-1,209,212,211,-1,211,212,213,-1,212,214,213,-1,213,214,215,-1,214,216,215,-1,215,216,217,-1,216,218,217,-1,217,218,219,-1,218,208,219,-1,219,208,210,-1,216,214,218,-1,218,214,212,-1,218,212,208,-1,208,212,209,-1,
        ]
    }
}
Shape{
    appearance Appearance {
        material  Material 	{
            diffuseColor 0.2235294117647059 0.2235294117647059 0.2235294117647059
            specularColor 0.11372549019607843 0.11372549019607843 0.11372549019607843
            ambientIntensity 0.2235
            transparency 0.0
            shininess 0.5
        }
    }
    geometry IndexedFaceSet {
        ccw TRUE
        solid FALSE
        coord DEF co Coordinate {
            point [
                -0.1694 -0.4905 0.0394, -0.2089 -0.4905 0.0394, -0.187 -0.4411 0.0394, -0.1911 -0.4411 0.0394, -0.1882 -0.437 0.0394, -0.1901 -0.437 0.0394, -0.1889 -0.4329 0.0394, -0.1893 -0.4329 0.0394, -0.049 -0.4314 0.0394, -0.049 -0.5236 0.0394, -0.0664 -0.4314 0.0394, -0.0658 -0.5236 0.0394, -0.0782 -0.5224 0.0394, -0.1124 -0.4764 0.0394, -0.1114 -0.4646 0.0394, -0.1086 -0.4553 0.0394, -0.0804 -0.4329 0.0394, -0.0882 -0.5193 0.0394, -0.0962 -0.5146 0.0394, -0.1028 -0.508 0.0394, -0.1078 -0.4999 0.0394, -0.1113 -0.4888 0.0394, -0.1045 -0.448 0.0394, -0.0988 -0.4419 0.0394, -0.0901 -0.4363 0.0394
            ]
        }
        coordIndex [
            0,1,2,-1,2,1,3,-1,2,3,4,-1,4,3,5,-1,4,5,6,-1,6,5,7,-1,8,9,10,-1,10,9,11,-1,10,11,12,-1,13,14,10,-1,10,14,15,-1,10,15,16,-1,12,17,10,-1,10,17,18,-1,10,18,19,-1,19,20,10,-1,10,20,21,-1,10,21,13,-1,22,23,15,-1,15,23,24,-1,15,24,16,-1,
        ]
    }
}
Shape{
    appearance Appearance {
        material  Material 	{
            diffuseColor 0.8509803921568627 0.8509803921568627 0.8509803921568627
            specularColor 0.4235294117647059 0.4235294117647059 0.4235294117647059
            ambientIntensity 0.851
            transparency 0.0
            shininess 0.5
        }
    }
    geometry IndexedFaceSet {
        ccw TRUE
        solid FALSE
        coord DEF co Coordinate {
            point [
                1.8307 0.2165 0.1181, 1.8307 0.2165 0.0, 0.2559 0.2165 0.1181, 0.2559 0.2165 0.0, 1.8307 -0.2165 0.1181, 1.8307 -0.2165 0.0, 0.2559 -0.2165 0.1181, 0.2559 -0.2165 0.0
            ]
        }
        coordIndex [
            0,1,2,-1,2,1,3,-1,4,5,0,-1,0,5,1,-1,6,7,4,-1,4,7,5,-1,2,3,6,-1,6,3,7,-1,5,7,1,-1,1,7,3,-1,6,4,2,-1,2,4,0,-1,
        ]
    }
}