#VRML V2.0 utf8
# 3D model generated by easyeda2kicad.py (https://github.com/uPesy/easyeda2kicad.py)

Shape{
    appearance Appearance {
        material  Material 	{
            diffuseColor 0.6470588235294118 0.6196078431372549 0.5882352941176471
            specularColor 0.45098039215686275 0.43529411764705883 0.4117647058823529
            ambientIntensity 0.6242
            transparency 0.0
            shininess 0.5
        }
    }
    geometry IndexedFaceSet {
        ccw TRUE
        solid FALSE
        coord DEF co Coordinate {
            point [
                -1.7362 -0.1181 -1.7323, -1.7362 0.1181 -1.7323, -1.7282 0.1181 -1.7934, -1.7282 -0.1181 -1.7934, -1.7046 0.1181 -1.8504, -1.7046 -0.1181 -1.8504, -1.667 0.1181 -1.8993, -1.667 -0.1181 -1.8993, -1.6181 0.1181 -1.9369, -1.6181 -0.1181 -1.9369, -1.5611 0.1181 -1.9605, -1.5611 -0.1181 -1.9605, -1.5 0.1181 -1.9685, -1.5 -0.1181 -1.9685, -1.4389 0.1181 -1.9605, -1.4389 -0.1181 -1.9605, -1.3819 0.1181 -1.9369, -1.3819 -0.1181 -1.9369, -1.333 0.1181 -1.8993, -1.333 -0.1181 -1.8993, -1.2954 0.1181 -1.8504, -1.2954 -0.1181 -1.8504, -1.2718 0.1181 -1.7934, -1.2718 -0.1181 -1.7934, -1.2638 0.1181 -1.7323, -1.2638 -0.1181 -1.7323
            ]
        }
        coordIndex [
            0,1,2,-1,0,2,3,-1,3,2,4,-1,3,4,5,-1,5,4,6,-1,5,6,7,-1,7,6,8,-1,7,8,9,-1,9,8,10,-1,9,10,11,-1,11,10,12,-1,11,12,13,-1,13,12,14,-1,13,14,15,-1,15,14,16,-1,15,16,17,-1,17,16,18,-1,17,18,19,-1,19,18,20,-1,19,20,21,-1,21,20,22,-1,21,22,23,-1,23,22,24,-1,23,24,25,-1,
        ]
    }
}
Shape{
    appearance Appearance {
        material  Material 	{
            diffuseColor 0.10980392156862745 0.10980392156862745 0.10980392156862745
            specularColor 0.00784313725490196 0.00784313725490196 0.00784313725490196
            ambientIntensity 0.1569
            transparency 0.0
            shininess 0.5
        }
    }
    geometry IndexedFaceSet {
        ccw TRUE
        solid FALSE
        coord DEF co Coordinate {
            point [
                -1.2561 0.3937 0.0787, -0.3574 0.3937 0.0787, -0.3574 -0.5601 0.0787, -2.022 -1.3971 0.0787, -2.0138 -1.3868 0.0787, -1.8781 -1.3868 0.0787, -1.2638 -0.1181 0.0787, -1.2561 -0.5601 0.0787, -1.478 -0.1181 0.0787, -1.478 -0.5601 0.0787, -1.6761 -0.1181 0.0787, -1.6761 -0.5601 0.0787, -1.7362 -0.1181 0.0787, -1.8781 -0.5601 0.0787, -1.2638 0.1181 0.0787, -1.478 0.3937 0.0787, -1.478 0.1181 0.0787, -1.6761 0.3937 0.0787, -1.6761 0.1181 0.0787, -1.8781 0.3937 0.0787, -1.7362 0.1181 0.0787, -1.1297 -1.1671 0.0787, -1.2067 -1.1485 0.0787, -1.0963 -1.0296 0.0787, -1.2248 -1.0641 0.0787, -1.0938 -1.0152 0.0787, -1.0872 -1.0046 0.0787, -1.0875 -1.004 0.0787, -1.2426 -1.0034 0.0787, -1.243 -1.0049 0.0787, -1.2561 -1.0152 0.0787, -1.244 -1.012 0.0787, -1.2411 -1.0021 0.0787, -1.2415 -1.0022 0.0787, -1.2419 -1.0025 0.0787, -1.2423 -1.0028 0.0787, -1.087 -1.0055 0.0787, -1.0894 -1.0029 0.0787, -1.2367 -1.0075 0.0787, -1.2375 -1.0055 0.0787, -1.2348 -1.0152 0.0787, -1.0899 -1.003 0.0787, -1.0905 -1.0033 0.0787, -1.2334 -1.0211 0.0787, -1.0924 -1.0069 0.0787, -1.092 -1.0054 0.0787, -1.0858 -1.0152 0.0787, -1.0861 -1.012 0.0787, -0.3574 -1.0152 0.0787, -1.0864 -1.009 0.0787, -1.0867 -1.0069 0.0787, -1.091 -1.0037 0.0787, -1.0915 -1.0044 0.0787, -1.2398 -1.0023 0.0787, -1.2402 -1.0021 0.0787, -1.2407 -1.002 0.0787, -1.2381 -1.0042 0.0787, -1.2387 -1.0033 0.0787, -1.2393 -1.0027 0.0787, -1.0877 -1.0035 0.0787, -1.0881 -1.0032 0.0787, -1.0886 -1.003 0.0787, -1.089 -1.0029 0.0787, -1.0818 -1.0606 0.0787, -1.0827 -1.0473 0.0787, -1.0829 -1.0648 0.0787, -1.0823 -1.0639 0.0787, -0.3574 -1.3835 0.0787, -1.0819 -1.0633 0.0787, -1.0818 -1.0627 0.0787, -1.0827 -1.0471 0.0787, -1.085 -1.0217 0.0787, -0.3574 -1.3868 0.0787, -1.1619 -1.3835 0.0787, -1.1082 -1.1462 0.0787, -1.1014 -1.1179 0.0787, -1.0984 -1.1045 0.0787, -1.0946 -1.0913 0.0787, -1.0907 -1.0806 0.0787, -1.0871 -1.0705 0.0787, -1.0847 -1.0669 0.0787, -1.2561 -2.4702 0.0787, -1.171 -1.3891 0.0787, -0.3574 -2.4702 0.0787, -1.1632 -1.3891 0.0787, -1.1626 -1.3868 0.0787, -1.2294 -1.1191 0.0787, -1.1723 -1.3835 0.0787, -1.2561 -1.3835 0.0787, -1.2429 -1.0692 0.0787, -1.2355 -1.094 0.0787, -1.2458 -1.0641 0.0787, -1.2469 -1.0619 0.0787, -1.2443 -1.0152 0.0787, -1.2447 -1.0188 0.0787, -1.2475 -1.0426 0.0787, -1.248 -1.0588 0.0787, -1.2482 -1.0536 0.0787, -1.456 -1.0437 0.0787, -1.4557 -1.044 0.0787, -1.478 -1.3835 0.0787, -1.3346 -1.3725 0.0787, -1.3242 -1.3671 0.0787, -1.3352 -1.0356 0.0787, -1.3459 -1.0314 0.0787, -1.4567 -1.0401 0.0787, -1.4568 -1.0407 0.0787, -1.478 -1.0152 0.0787, -1.3473 -1.3756 0.0787, -1.4535 -1.0445 0.0787, -1.4345 -1.341 0.0787, -1.4549 -1.0444 0.0787, -1.4554 -1.0442 0.0787, -1.4574 -1.3608 0.0787, -1.4573 -1.3622 0.0787, -1.4569 -1.3636 0.0787, -1.4564 -1.3645 0.0787, -1.3148 -1.3588 0.0787, -1.3058 -1.3457 0.0787, -1.297 -1.3226 0.0787, -1.4357 -1.0181 0.0787, -1.4439 -1.0256 0.0787, -1.4419 -1.345 0.0787, -1.4521 -1.3535 0.0787, -1.4515 -1.0443 0.0787, -1.4436 -1.0443 0.0787, -1.4345 -1.0443 0.0787, -1.3649 -1.3767 0.0787, -1.3775 -1.3757 0.0787, -1.387 -1.025 0.0787, -1.4119 -1.0222 0.0787, -1.4211 -1.0197 0.0787, -1.4569 -1.0414 0.0787, -1.4567 -1.0421 0.0787, -1.4563 -1.0433 0.0787, -1.4384 -1.3428 0.0787, -1.4546 -1.3555 0.0787, -1.4561 -1.3574 0.0787, -1.4571 -1.3595 0.0787, -1.3027 -1.0764 0.0787, -1.3144 -1.0554 0.0787, -1.3243 -1.0437 0.0787, -1.4547 -1.0373 0.0787, -1.4556 -1.0385 0.0787, -1.4563 -1.0394 0.0787, -1.4465 -1.0285 0.0787, -1.4533 -1.0358 0.0787, -1.4232 -1.366 0.0787, -1.4113 -1.367 0.0787, -1.3898 -1.3733 0.0787, -1.4556 -1.3654 0.0787, -1.4549 -1.366 0.0787, -1.4447 -1.3642 0.0787, -1.2887 -1.2592 0.0787, -1.2861 -1.1807 0.0787, -1.2919 -1.1139 0.0787, -1.4329 -1.3642 0.0787, -1.428 -1.3651 0.0787, -1.431 -1.015 0.0787, -1.4316 -1.0152 0.0787, -1.4321 -1.0154 0.0787, -1.4294 -1.0149 0.0787, -1.4289 -1.015 0.0787, -1.4286 -1.0152 0.0787, -1.4271 -1.0161 0.0787, -1.6523 -1.3663 0.0787, -1.6521 -1.3665 0.0787, -1.6761 -1.3835 0.0787, -1.5144 -1.2134 0.0787, -1.5154 -1.2129 0.0787, -1.5168 -1.0647 0.0787, -1.6525 -1.3658 0.0787, -1.6221 -1.2176 0.0787, -1.5746 -1.2238 0.0787, -1.6221 -1.3421 0.0787, -1.5549 -1.2277 0.0787, -1.5315 -1.2385 0.0787, -1.5151 -1.3586 0.0787, -1.5241 -1.3574 0.0787, -1.6519 -1.3667 0.0787, -1.6516 -1.3669 0.0787, -1.6508 -1.3671 0.0787, -1.5375 -1.3556 0.0787, -1.5508 -1.354 0.0787, -1.5366 -1.2357 0.0787, -1.5424 -1.2322 0.0787, -1.5136 -1.2142 0.0787, -1.6761 -1.0152 0.0787, -1.6391 -1.0179 0.0787, -1.6404 -1.0185 0.0787, -1.6511 -1.3577 0.0787, -1.652 -1.3596 0.0787, -1.6525 -1.3624 0.0787, -1.5102 -1.3634 0.0787, -1.5101 -1.3626 0.0787, -1.5139 -1.2205 0.0787, -1.5132 -1.2193 0.0787, -1.5138 -1.3587 0.0787, -1.5127 -1.2181 0.0787, -1.5126 -1.359 0.0787, -1.5126 -1.2172 0.0787, -1.5116 -1.3596 0.0787, -1.5108 -1.3603 0.0787, -1.6418 -1.0196 0.0787, -1.643 -1.021 0.0787, -1.6436 -1.0223 0.0787, -1.6526 -1.364 0.0787, -1.6526 -1.3653 0.0787, -1.5287 -1.3846 0.0787, -1.5277 -1.3835 0.0787, -1.5123 -1.3676 0.0787, -1.6221 -1.1978 0.0787, -1.6221 -1.0443 0.0787, -1.5377 -1.0561 0.0787, -1.5151 -1.2221 0.0787, -1.501 -1.0471 0.0787, -1.4987 -1.0416 0.0787, -1.499 -1.0407 0.0787, -1.4995 -1.0396 0.0787, -1.6375 -1.0176 0.0787, -1.6347 -1.0178 0.0787, -1.644 -1.0246 0.0787, -1.6439 -1.0278 0.0787, -1.6437 -1.029 0.0787, -1.5101 -1.3618 0.0787, -1.5104 -1.361 0.0787, -1.5165 -1.2125 0.0787, -1.5179 -1.2124 0.0787, -1.5219 -1.0618 0.0787, -1.5295 -1.0583 0.0787, -1.6449 -1.3497 0.0787, -1.6488 -1.3544 0.0787, -1.6492 -1.3672 0.0787, -1.6476 -1.367 0.0787, -1.6369 -1.3654 0.0787, -1.5126 -1.2163 0.0787, -1.5129 -1.2154 0.0787, -1.4993 -1.0447 0.0787, -1.4988 -1.0434 0.0787, -1.4986 -1.0424 0.0787, -1.4999 -1.0391 0.0787, -1.5003 -1.0387 0.0787, -1.501 -1.0384 0.0787, -1.501 -1.0384 0.0787, -1.5026 -1.0381 0.0787, -1.5043 -1.038 0.0787, -1.6273 -1.3642 0.0787, -1.6176 -1.3642 0.0787, -1.6159 -1.3642 0.0787, -1.5112 -1.3658 0.0787, -1.5105 -1.3644 0.0787, -1.5984 -1.0256 0.0787, -1.6244 -1.0211 0.0787, -1.6307 -1.0188 0.0787, -1.64 -1.0432 0.0787, -1.6386 -1.0579 0.0787, -1.6386 -1.0686 0.0787, -1.6048 -1.3645 0.0787, -1.5939 -1.366 0.0787, -1.5717 -1.3699 0.0787, -1.5522 -1.3738 0.0787, -1.5368 -1.3794 0.0787, -1.5338 -1.3812 0.0787, -1.5128 -1.0375 0.0787, -1.5557 -1.0323 0.0787, -1.6386 -1.3421 0.0787, -1.638 -1.0828 0.0787, -1.6382 -1.0757 0.0787, -2.0207 -1.3596 0.0787, -2.0244 -1.3835 0.0787, -2.3343 -1.3835 0.0787, -2.0249 -1.3868 0.0787, -2.3343 -1.3868 0.0787, -2.026 -1.3925 0.0787, -2.0056 -1.3302 0.0787, -1.9232 -1.0576 0.0787, -1.9213 -1.0584 0.0787, -1.8781 -1.3835 0.0787, -2.0112 -1.3835 0.0787, -1.9971 -1.366 0.0787, -1.8781 -1.0152 0.0787, -1.898 -1.033 0.0787, -1.8987 -1.0317 0.0787, -2.003 -1.3535 0.0787, -2.0054 -1.3375 0.0787, -1.9018 -1.041 0.0787, -1.8997 -1.0387 0.0787, -1.8988 -1.037 0.0787, -1.8983 -1.035 0.0787, -1.9081 -1.0468 0.0787, -2.0056 -1.0415 0.0787, -1.962 -1.0451 0.0787, -1.9412 -1.0483 0.0787, -1.9342 -1.0499 0.0787, -1.9302 -1.0519 0.0787, -1.9249 -1.0564 0.0787, -2.0198 -1.0186 0.0787, -2.0206 -1.0189 0.0787, -2.3343 -1.0152 0.0787, -2.0213 -1.0194 0.0787, -2.0233 -1.0234 0.0787, -2.0233 -1.0265 0.0787, -2.0217 -1.0404 0.0787, -2.022 -1.0202 0.0787, -2.0229 -1.0219 0.0787, -2.0215 -1.0437 0.0787, -2.0204 -1.0771 0.0787, -2.0204 -1.332 0.0787, -1.8992 -1.0312 0.0787, -1.8999 -1.0307 0.0787, -1.9013 -1.0302 0.0787, -1.9034 -1.0299 0.0787, -1.9134 -1.0297 0.0787, -1.9277 -1.0276 0.0787, -1.965 -1.0238 0.0787, -1.9773 -1.0228 0.0787, -2.0011 -1.0205 0.0787, -2.0186 -1.0184 0.0787, -2.0171 -1.0185 0.0787, -2.0142 -1.0194 0.0787, -1.1715 -1.3868 0.0787, -1.2561 -1.3868 0.0787, -1.478 -1.3868 0.0787, -1.6761 -1.3868 0.0787, -1.5303 -1.3835 0.0787, -1.7084 -1.3761 0.0787, -1.7084 -1.2249 0.0787, -1.7735 -1.3823 0.0787, -1.7568 -1.378 0.0787, -1.7168 -1.3761 0.0787, -1.7438 -1.3708 0.0787, -1.7042 -1.0877 0.0787, -1.7106 -1.0624 0.0787, -1.7386 -1.0246 0.0787, -1.7522 -1.0182 0.0787, -1.7656 -1.016 0.0787, -1.7801 -1.0165 0.0787, -1.7951 -1.0211 0.0787, -1.8391 -1.3208 0.0787, -1.8271 -1.3479 0.0787, -1.6999 -1.1553 0.0787, -1.7204 -1.0427 0.0787, -1.7277 -1.0333 0.0787, -1.7325 -1.3606 0.0787, -1.7259 -1.3518 0.0787, -1.7209 -1.3427 0.0787, -1.8155 -1.3629 0.0787, -1.798 -1.3765 0.0787, -1.7896 -1.3806 0.0787, -1.8397 -1.1717 0.0787, -1.7118 -1.1259 0.0787, -1.8377 -1.2617 0.0787, -1.709 -1.1558 0.0787, -1.8325 -1.2913 0.0787, -1.8082 -1.0288 0.0787, -1.8176 -1.0384 0.0787, -1.8306 -1.0596 0.0787, -1.7735 -1.0347 0.0787, -1.8257 -1.0908 0.0787, -1.7191 -1.2249 0.0787, -1.7239 -1.3047 0.0787, -1.7814 -1.3822 0.0787, -1.7381 -1.0474 0.0787, -1.7298 -1.057 0.0787, -1.7604 -1.3618 0.0787, -1.8004 -1.3536 0.0787, -1.8095 -1.3447 0.0787, -1.7608 -1.0356 0.0787, -1.7483 -1.0403 0.0787, -1.7224 -1.0717 0.0787, -1.7143 -1.1091 0.0787, -1.7689 -1.3637 0.0787, -1.7807 -1.363 0.0787, -1.7909 -1.3596 0.0787, -1.8464 -1.107 0.0787, -1.8526 -1.1454 0.0787, -1.8527 -1.2595 0.0787, -1.7961 -1.042 0.0787, -1.8042 -1.0495 0.0787, -1.8172 -1.0677 0.0787, -1.7888 -1.0377 0.0787, -1.7814 -1.0354 0.0787, -1.7309 -1.3304 0.0787, -1.738 -1.3443 0.0787, -1.7448 -1.3525 0.0787, -1.8193 -1.3293 0.0787, -1.7524 -1.3583 0.0787, -1.478 -2.4702 0.0787, -1.6761 -2.4702 0.0787, -1.8781 -2.4702 0.0787, -2.3343 -2.4702 0.0787, -2.3343 0.3937 0.0787, -2.3343 -0.5601 0.0787, -2.6426 0.3937 0.0787, -2.6426 -0.5601 0.0787, -2.6426 -1.0152 0.0787, -2.6426 -1.3835 0.0787, -2.6426 -1.3868 0.0787, -2.6426 -2.4702 0.0787, -0.3574 -3.5433 0.0787, -1.2561 -3.5433 0.0787, -1.478 -3.5433 0.0787, -1.6761 -3.5433 0.0787, -1.8781 -3.5433 0.0787, -2.3343 -3.5433 0.0787, -2.6426 -3.5433 0.0787
            ]
        }
        coordIndex [
            0,1,2,-1,3,4,5,-1,6,7,8,-1,8,7,9,-1,8,9,10,-1,10,9,11,-1,10,11,12,-1,12,11,13,-1,0,14,15,-1,15,14,16,-1,15,16,17,-1,17,16,18,-1,17,18,19,-1,19,18,20,-1,21,22,23,-1,23,22,24,-1,23,24,25,-1,26,27,2,-1,28,29,30,-1,30,29,31,-1,32,33,7,-1,7,33,34,-1,7,34,30,-1,30,34,35,-1,30,35,28,-1,26,2,36,-1,37,38,39,-1,38,37,40,-1,40,37,41,-1,40,41,42,-1,24,43,25,-1,25,43,40,-1,25,40,44,-1,44,40,45,-1,46,47,48,-1,48,47,49,-1,48,49,2,-1,2,49,50,-1,2,50,36,-1,42,51,40,-1,40,51,52,-1,40,52,45,-1,53,54,7,-1,7,54,55,-1,7,55,32,-1,39,56,37,-1,37,56,57,-1,37,57,58,-1,59,60,7,-1,7,60,61,-1,61,62,7,-1,7,62,37,-1,7,37,53,-1,53,37,58,-1,63,64,48,-1,65,66,67,-1,67,66,68,-1,67,68,48,-1,48,68,69,-1,48,69,63,-1,64,70,48,-1,48,70,71,-1,48,71,46,-1,72,73,67,-1,67,73,74,-1,67,74,75,-1,75,76,67,-1,67,76,77,-1,67,77,78,-1,78,79,67,-1,67,79,80,-1,67,80,65,-1,81,82,83,-1,83,82,84,-1,83,84,72,-1,72,84,85,-1,72,85,73,-1,86,87,88,-1,89,90,91,-1,91,90,92,-1,31,93,30,-1,30,93,94,-1,30,94,95,-1,90,86,92,-1,92,86,88,-1,92,88,96,-1,96,88,30,-1,96,30,97,-1,97,30,95,-1,98,99,100,-1,101,102,88,-1,30,103,104,-1,105,106,107,-1,101,88,108,-1,109,110,111,-1,111,110,112,-1,113,114,100,-1,100,114,115,-1,100,115,116,-1,102,117,88,-1,88,117,118,-1,88,118,119,-1,107,120,121,-1,99,122,123,-1,109,124,110,-1,110,124,125,-1,110,125,126,-1,108,88,127,-1,127,88,100,-1,127,100,128,-1,104,129,30,-1,30,129,130,-1,30,130,131,-1,106,132,107,-1,107,132,133,-1,107,133,100,-1,100,133,134,-1,100,134,98,-1,112,110,99,-1,99,110,135,-1,99,135,122,-1,123,136,99,-1,99,136,137,-1,99,137,100,-1,100,137,138,-1,100,138,113,-1,139,140,30,-1,30,140,141,-1,30,141,103,-1,142,143,107,-1,107,143,144,-1,107,144,105,-1,121,145,107,-1,107,145,146,-1,107,146,142,-1,147,148,100,-1,100,148,149,-1,100,149,128,-1,116,150,100,-1,100,150,151,-1,100,151,152,-1,119,153,88,-1,88,153,154,-1,88,154,30,-1,30,154,155,-1,30,155,139,-1,152,156,100,-1,100,156,157,-1,100,157,147,-1,158,159,107,-1,107,159,160,-1,107,160,120,-1,161,9,162,-1,162,9,7,-1,162,7,163,-1,163,7,30,-1,163,30,164,-1,164,30,131,-1,165,166,167,-1,168,169,170,-1,165,167,171,-1,172,173,174,-1,174,173,175,-1,176,177,178,-1,166,179,167,-1,167,179,180,-1,167,180,181,-1,178,182,176,-1,176,182,183,-1,176,183,184,-1,184,183,174,-1,184,174,185,-1,185,174,175,-1,168,170,186,-1,187,188,189,-1,190,191,167,-1,167,191,192,-1,193,194,100,-1,195,196,197,-1,197,196,198,-1,197,198,199,-1,199,198,200,-1,199,200,201,-1,201,200,202,-1,189,203,187,-1,187,203,204,-1,187,204,205,-1,192,206,167,-1,167,206,207,-1,167,207,171,-1,208,209,100,-1,100,209,210,-1,211,212,213,-1,177,176,197,-1,197,176,214,-1,197,214,195,-1,100,170,215,-1,216,217,107,-1,107,217,218,-1,188,187,219,-1,219,187,107,-1,219,107,220,-1,205,221,187,-1,187,221,222,-1,187,222,223,-1,194,224,100,-1,100,224,225,-1,100,225,202,-1,169,226,170,-1,170,226,227,-1,170,227,228,-1,228,227,211,-1,228,211,229,-1,229,211,213,-1,230,231,187,-1,181,232,167,-1,167,232,233,-1,167,233,234,-1,202,200,100,-1,100,200,235,-1,100,235,170,-1,170,235,236,-1,170,236,186,-1,215,237,100,-1,100,237,238,-1,100,238,107,-1,107,238,239,-1,107,239,216,-1,218,240,107,-1,107,240,241,-1,107,241,242,-1,242,243,107,-1,107,243,244,-1,107,244,245,-1,234,246,167,-1,167,246,247,-1,167,247,248,-1,210,249,100,-1,100,249,250,-1,100,250,193,-1,251,252,107,-1,107,252,253,-1,107,253,220,-1,223,254,187,-1,187,254,255,-1,187,255,256,-1,248,257,167,-1,167,257,258,-1,167,258,259,-1,259,260,167,-1,167,260,261,-1,167,261,262,-1,245,263,107,-1,107,263,264,-1,107,264,251,-1,265,230,266,-1,266,230,187,-1,266,187,267,-1,267,187,256,-1,268,269,270,-1,270,269,271,-1,270,271,272,-1,272,271,273,-1,272,273,3,-1,274,275,276,-1,277,278,279,-1,280,281,282,-1,279,283,277,-1,277,283,284,-1,277,284,274,-1,285,286,277,-1,277,286,287,-1,277,287,280,-1,280,287,288,-1,280,288,281,-1,274,276,277,-1,277,276,289,-1,277,289,285,-1,290,291,274,-1,274,291,292,-1,274,292,293,-1,293,294,274,-1,274,294,295,-1,274,295,275,-1,296,297,298,-1,298,297,299,-1,300,301,298,-1,298,301,302,-1,299,303,298,-1,298,303,304,-1,298,304,300,-1,302,305,298,-1,298,305,306,-1,298,306,270,-1,270,306,307,-1,270,307,268,-1,282,308,280,-1,280,308,309,-1,280,309,310,-1,310,311,280,-1,280,311,312,-1,280,312,313,-1,313,314,280,-1,280,314,315,-1,280,315,316,-1,296,298,317,-1,317,298,280,-1,317,280,318,-1,318,280,316,-1,318,316,319,-1,27,59,2,-1,2,59,7,-1,2,7,0,-1,0,7,6,-1,0,6,14,-1,87,320,88,-1,88,320,321,-1,88,321,100,-1,100,321,322,-1,100,322,208,-1,208,322,323,-1,208,323,324,-1,167,325,326,-1,327,328,329,-1,329,328,330,-1,331,332,187,-1,333,334,187,-1,187,334,335,-1,187,335,280,-1,280,335,336,-1,280,336,337,-1,338,339,277,-1,331,187,340,-1,332,341,187,-1,187,341,342,-1,187,342,333,-1,330,343,329,-1,329,343,344,-1,329,344,345,-1,339,346,277,-1,277,346,347,-1,277,347,348,-1,349,350,351,-1,351,350,352,-1,351,352,353,-1,337,354,280,-1,280,354,355,-1,280,355,356,-1,357,349,358,-1,231,190,187,-1,187,190,167,-1,187,167,340,-1,340,167,326,-1,340,326,352,-1,352,326,359,-1,352,359,353,-1,353,359,360,-1,348,361,277,-1,277,361,327,-1,277,327,167,-1,167,327,329,-1,167,329,325,-1,349,362,363,-1,364,365,366,-1,357,367,349,-1,349,367,368,-1,349,368,362,-1,363,369,349,-1,349,369,370,-1,349,370,350,-1,371,372,364,-1,364,372,373,-1,364,373,365,-1,356,374,280,-1,280,374,375,-1,280,375,277,-1,277,375,376,-1,277,376,338,-1,377,358,378,-1,378,358,379,-1,377,380,358,-1,358,380,381,-1,358,381,357,-1,360,382,353,-1,353,382,383,-1,353,383,384,-1,366,385,364,-1,364,385,353,-1,364,353,386,-1,386,353,384,-1,262,324,167,-1,167,324,323,-1,167,323,277,-1,277,323,5,-1,277,5,278,-1,278,5,4,-1,320,82,321,-1,321,82,81,-1,321,81,322,-1,322,81,387,-1,322,387,323,-1,323,387,388,-1,323,388,5,-1,5,388,389,-1,5,389,3,-1,3,389,390,-1,3,390,272,-1,20,12,19,-1,19,12,13,-1,19,13,391,-1,391,13,392,-1,391,392,393,-1,161,158,9,-1,9,158,107,-1,9,107,11,-1,11,107,187,-1,11,187,13,-1,13,187,280,-1,13,280,392,-1,392,280,298,-1,393,392,394,-1,394,392,298,-1,394,298,395,-1,395,298,270,-1,395,270,396,-1,396,270,272,-1,396,272,397,-1,397,272,390,-1,397,390,398,-1,83,399,81,-1,81,399,400,-1,81,400,387,-1,387,400,401,-1,387,401,388,-1,388,401,402,-1,388,402,389,-1,389,402,403,-1,389,403,390,-1,390,403,404,-1,390,404,398,-1,398,404,405,-1,
        ]
    }
}
Shape{
    appearance Appearance {
        material  Material 	{
            diffuseColor 0.6470588235294118 0.6196078431372549 0.5882352941176471
            specularColor 0.45098039215686275 0.43529411764705883 0.4117647058823529
            ambientIntensity 0.6242
            transparency 0.0
            shininess 0.5
        }
    }
    geometry IndexedFaceSet {
        ccw TRUE
        solid FALSE
        coord DEF co Coordinate {
            point [
                -2.0634 -1.752 4.3701, -2.0516 -1.7858 4.3701, -1.6772 -1.752 4.3701, -2.015 -1.8638 4.3701, -1.9674 -1.9357 4.3701, -1.9099 -1.9999 4.3701, -1.8436 -2.0551 4.3701, -1.77 -2.1 4.3701, -1.6907 -2.1337 4.3701, -1.6772 -2.1382 4.3701, -1.6772 -1.0115 4.3701, -1.6907 -1.0159 4.3701, -1.6772 -1.3976 4.3701, -1.77 -1.0496 4.3701, -1.8436 -1.0945 4.3701, -1.9099 -1.1497 4.3701, -1.9674 -1.2139 4.3701, -2.015 -1.2858 4.3701, -2.0516 -1.3638 4.3701, -2.0634 -1.3976 4.3701, -1.269 -1.0313 4.3701, -1.3228 -1.0115 4.3701, -1.3228 -1.3976 4.3701, -1.1924 -1.0707 4.3701, -0.9366 -1.3976 4.3701, -0.9653 -1.3241 4.3701, -1.0075 -1.249 4.3701, -1.0602 -1.1807 4.3701, -1.1222 -1.1209 4.3701, -1.9607 -1.2054 2.9742, -1.9951 -1.2528 2.9752, -1.9951 -0.7874 2.9752, -1.6934 -2.1328 2.8571, -1.6934 -2.3622 2.8571, -1.7578 -2.1061 2.9002, -1.8226 -2.3622 2.9349, -1.8063 -2.0787 2.9262, -1.8226 -2.0694 2.9349, -1.8735 -2.0322 2.9554, -1.9217 -2.3622 2.9685, -1.9217 -1.9882 2.9685, -1.9244 -1.9852 2.9689, -1.9951 -2.3622 2.9752, -1.9606 -1.9443 2.9742, -2.058 -2.3622 2.966, -2.0138 -1.8638 2.9734, -1.9951 -1.8968 2.9752, -2.09 -1.5994 2.9555, -2.0824 -1.6727 2.9584, -2.1247 -2.3622 2.9391, -2.0699 -1.4255 2.9624, -2.1247 -0.7874 2.9391, -2.058 -1.3814 2.966, -2.058 -0.7874 2.966, -2.0304 -1.3152 2.9718, -2.0899 -1.5748 2.9555, -2.0795 -1.4613 2.9594, -2.0898 -1.5442 2.9556, -2.0693 -1.7239 2.9625, -2.058 -1.7682 2.966, -2.0306 -1.8341 2.9718, -2.0138 -1.2858 2.9734, -1.9217 -0.7874 2.9685, -1.9217 -1.1614 2.9685, -1.9244 -1.1644 2.9689, -1.6934 -0.7874 2.8571, -1.6934 -1.0168 2.8571, -1.8226 -0.7874 2.9349, -1.7578 -1.0435 2.9002, -1.8063 -1.0709 2.9262, -1.8226 -1.0802 2.9349, -1.8737 -1.1175 2.9554, -2.1923 -2.3622 2.8914, -2.1923 -0.7874 2.8914, -2.2804 -2.3622 2.7953, -2.2804 -0.7874 2.7953, -1.1459 -2.0474 2.9484, -1.0919 -2.0017 2.9655, -1.0919 -2.3622 2.9655, -1.0522 -1.9598 2.9729, -1.0166 -1.914 2.9753, -1.0166 -2.3622 2.9753, -1.3066 -1.0168 2.8571, -1.3066 -0.7874 2.8571, -1.255 -1.0375 2.8923, -1.2032 -0.7874 2.9222, -1.0919 -1.1479 2.9655, -1.146 -1.1021 2.9483, -1.0919 -0.7874 2.9655, -1.1936 -1.0706 2.9266, -1.2032 -1.0643 2.9222, -1.0759 -1.1648 2.9684, -1.0166 -0.7874 2.9753, -1.0521 -1.1899 2.9729, -0.9474 -0.7874 2.9674, -0.986 -1.2857 2.9735, -1.0166 -1.2356 2.9753, -0.91 -1.5482 2.9555, -0.919 -1.469 2.9589, -0.8836 -0.7874 2.9435, -0.9301 -1.724 2.9623, -0.8836 -2.3622 2.9435, -0.9474 -1.783 2.9674, -0.9474 -2.3622 2.9674, -0.9779 -1.8508 2.973, -0.9223 -1.6972 2.96, -0.9104 -1.6079 2.9556, -0.9102 -1.5748 2.9556, -0.931 -1.4258 2.9625, -0.9474 -1.3666 2.9674, -0.9777 -1.2992 2.973, -0.9859 -1.8639 2.9735, -1.0759 -1.9848 2.9684, -1.2032 -2.3622 2.9222, -1.3066 -2.3622 2.8571, -1.3066 -2.1328 2.8571, -1.255 -2.1121 2.8923, -1.2032 -2.0853 2.9222, -1.1936 -2.079 2.9266, -0.7196 -0.7874 2.7953, -0.7196 -2.3622 2.7953, -0.8109 -2.3622 2.8941, -0.8109 -0.7874 2.8941, -1.4693 -0.985 2.7953, -1.4693 -0.7874 2.7953, -1.4117 -0.7874 2.806, -1.4117 -0.9909 2.806, -1.3569 -0.7874 2.8268, -1.3569 -1.0019 2.8268, -1.3313 -1.0094 2.8422, -1.3313 -2.1402 2.8422, -1.3569 -2.3622 2.8268, -1.3569 -2.1477 2.8268, -1.4117 -2.3622 2.806, -1.4117 -2.1587 2.806, -1.4693 -2.3622 2.7953, -1.4693 -2.1646 2.7953, -1.5307 -2.1646 2.7953, -1.5307 -2.3622 2.7953, -1.5883 -2.3622 2.806, -1.5883 -2.1587 2.806, -1.6431 -2.3622 2.8268, -1.6431 -2.1477 2.8268, -1.6687 -2.1402 2.8422, -1.6687 -1.0094 2.8422, -1.6431 -0.7874 2.8268, -1.6431 -1.0019 2.8268, -1.5883 -0.7874 2.806, -1.5883 -0.9909 2.806, -1.5307 -0.7874 2.7953, -1.5307 -0.985 2.7953, -1.9243 -1.9856 3.1285, -1.9767 -1.9234 3.1326, -1.9767 -2.3622 3.1326, -1.6003 -0.9928 2.9841, -1.6003 -0.7874 2.9841, -1.6526 -1.0052 3.0194, -1.7443 -0.7874 3.0721, -1.6718 -1.0098 3.0323, -1.8641 -1.1098 3.1167, -1.8056 -1.0695 3.0984, -1.8641 -0.7874 3.1167, -1.795 -1.0639 3.0938, -1.7443 -1.0372 3.0721, -1.9172 -1.1576 3.1271, -1.9767 -0.7874 3.1326, -1.9239 -1.1636 3.1284, -2.0702 -1.422 3.1247, -2.0696 -1.4188 3.1248, -2.0842 -0.7874 3.1217, -2.0318 -1.318 3.1304, -2.0094 -1.2807 3.1313, -1.9767 -1.2262 3.1326, -2.0842 -1.4887 3.1217, -2.1861 -0.7874 3.0846, -2.0905 -1.5748 3.1202, -2.0155 -1.8629 3.1318, -2.059 -1.7652 3.1267, -2.0842 -2.3622 3.1217, -2.0111 -1.8698 3.1319, -2.0906 -1.5752 3.1202, -2.1861 -2.3622 3.0846, -2.0842 -1.6609 3.1217, -2.0682 -1.7271 3.1249, -1.8641 -2.3622 3.1167, -1.8641 -2.0398 3.1167, -1.9172 -1.992 3.1271, -1.6716 -2.1399 3.0321, -1.7443 -2.1124 3.0721, -1.7443 -2.3622 3.0721, -1.795 -2.0857 3.0938, -1.8056 -2.0801 3.0984, -1.6526 -2.1444 3.0194, -1.6003 -2.3622 2.9841, -1.6003 -2.1568 2.9841, -2.4267 -0.7874 2.8617, -2.4267 -2.3622 2.8617, -2.3772 -2.3622 2.9267, -2.3772 -0.7874 2.9267, -2.2832 -2.3622 3.0208, -2.2832 -0.7874 3.0208, -1.5 -0.9842 2.9513, -1.4786 -0.9846 2.9527, -1.4786 -0.7874 2.9527, -1.4371 -0.9876 2.9634, -1.4371 -0.7874 2.9634, -1.3997 -0.9928 2.9841, -1.3997 -0.7874 2.9841, -1.5 -0.9842 2.9513, -1.5214 -0.7874 2.9527, -1.5214 -0.9846 2.9527, -1.5629 -0.7874 2.9634, -1.5629 -0.9876 2.9634, -1.5 -2.1654 2.9513, -1.5214 -2.165 2.9527, -1.5214 -2.3622 2.9527, -1.5629 -2.162 2.9634, -1.5629 -2.3622 2.9634, -1.5 -2.1654 2.9513, -1.4786 -2.3622 2.9527, -1.4786 -2.165 2.9527, -1.4371 -2.3622 2.9634, -1.4371 -2.162 2.9634, -1.3997 -2.3622 2.9841, -1.3997 -2.1568 2.9841, -1.3474 -2.1442 3.0192, -1.3254 -2.3622 3.034, -1.3254 -2.139 3.034, -1.2636 -2.116 3.0683, -1.2018 -2.3622 3.0956, -1.2048 -2.0861 3.0943, -1.0859 -2.3622 3.127, -1.1416 -2.0442 3.1152, -1.2018 -2.0845 3.0956, -0.9897 -1.8694 3.1316, -1.026 -1.927 3.1325, -0.9777 -2.3622 3.1313, -1.0827 -1.9921 3.1273, -1.0859 -1.9959 3.127, -0.9108 -1.6145 3.1205, -0.9182 -1.6759 3.1222, -0.8732 -2.3622 3.1095, -0.9109 -1.5748 3.1205, -0.9297 -1.422 3.1246, -0.929 -1.4243 3.1245, -0.8732 -0.7874 3.1095, -0.911 -1.5322 3.1206, -0.9313 -1.7272 3.1248, -0.941 -1.7651 3.1267, -0.9777 -1.8503 3.1313, -1.0859 -0.7874 3.127, -1.0859 -1.1537 3.127, -0.9777 -0.7874 3.1313, -1.0827 -1.1575 3.1273, -1.0264 -1.2221 3.1325, -0.9897 -1.2802 3.1316, -0.9777 -1.2993 3.1313, -0.9482 -1.3644 3.1279, -1.2636 -1.0336 3.0682, -1.2048 -1.0635 3.0943, -1.2018 -0.7874 3.0956, -1.2018 -1.0651 3.0956, -1.1421 -1.1051 3.1151, -1.3254 -1.0106 3.034, -1.3254 -0.7874 3.034, -1.3474 -1.0054 3.0192, -0.7726 -2.3622 3.0612, -0.7726 -0.7874 3.0612, -0.6763 -2.3622 2.9846, -0.6763 -0.7874 2.9846, -0.5733 -2.3622 2.8617, -0.5733 -0.7874 2.8617
            ]
        }
        coordIndex [
            0,1,2,-1,2,1,3,-1,3,4,2,-1,2,4,5,-1,2,5,6,-1,6,7,2,-1,2,7,8,-1,2,8,9,-1,10,11,12,-1,12,11,13,-1,13,14,12,-1,12,14,15,-1,12,15,16,-1,16,17,12,-1,12,17,18,-1,12,18,19,-1,20,21,22,-1,20,22,23,-1,24,25,22,-1,22,25,26,-1,26,27,22,-1,22,27,28,-1,22,28,23,-1,29,30,31,-1,32,33,34,-1,34,33,35,-1,34,35,36,-1,36,35,37,-1,37,35,38,-1,38,35,39,-1,38,39,40,-1,40,39,41,-1,41,39,42,-1,41,42,43,-1,44,45,42,-1,42,45,46,-1,42,46,43,-1,47,48,49,-1,50,51,52,-1,52,51,53,-1,52,53,54,-1,47,49,55,-1,50,56,51,-1,51,56,57,-1,51,57,55,-1,48,58,49,-1,49,58,59,-1,49,59,44,-1,44,59,60,-1,44,60,45,-1,31,30,53,-1,53,30,61,-1,53,61,54,-1,62,63,31,-1,31,63,64,-1,31,64,29,-1,65,66,67,-1,67,66,68,-1,68,69,67,-1,67,69,70,-1,67,70,62,-1,62,70,71,-1,62,71,63,-1,55,49,51,-1,51,49,72,-1,51,72,73,-1,73,72,74,-1,73,74,75,-1,76,77,78,-1,79,80,81,-1,82,83,84,-1,84,83,85,-1,86,87,88,-1,88,87,89,-1,88,89,85,-1,85,89,90,-1,85,90,84,-1,86,88,91,-1,91,88,92,-1,91,92,93,-1,94,95,92,-1,92,95,96,-1,92,96,93,-1,97,98,99,-1,100,101,102,-1,102,101,103,-1,102,103,104,-1,100,105,101,-1,101,105,106,-1,101,106,107,-1,98,108,99,-1,99,108,109,-1,99,109,94,-1,94,109,110,-1,94,110,95,-1,81,80,103,-1,103,80,111,-1,103,111,104,-1,78,77,81,-1,81,77,112,-1,81,112,79,-1,113,114,115,-1,115,116,113,-1,113,116,117,-1,113,117,78,-1,78,117,118,-1,78,118,76,-1,119,120,121,-1,119,121,122,-1,122,121,101,-1,122,101,99,-1,99,101,107,-1,99,107,97,-1,123,124,125,-1,123,125,126,-1,126,125,127,-1,126,127,128,-1,128,127,129,-1,129,127,83,-1,129,83,82,-1,115,114,130,-1,130,114,131,-1,130,131,132,-1,132,131,133,-1,132,133,134,-1,134,133,135,-1,134,135,136,-1,137,138,139,-1,137,139,140,-1,140,139,141,-1,140,141,142,-1,142,141,143,-1,143,141,33,-1,143,33,32,-1,66,65,144,-1,144,65,145,-1,144,145,146,-1,146,145,147,-1,146,147,148,-1,148,147,149,-1,148,149,150,-1,151,152,153,-1,154,155,156,-1,156,155,157,-1,156,157,158,-1,159,160,161,-1,161,160,162,-1,161,162,157,-1,157,162,163,-1,157,163,158,-1,159,161,164,-1,164,161,165,-1,164,165,166,-1,167,168,169,-1,168,170,169,-1,169,170,171,-1,169,171,165,-1,165,171,172,-1,165,172,166,-1,167,169,173,-1,173,169,174,-1,173,174,175,-1,176,177,178,-1,153,152,178,-1,178,152,179,-1,178,179,176,-1,180,181,182,-1,182,181,178,-1,182,178,183,-1,183,178,177,-1,184,185,153,-1,153,185,186,-1,153,186,151,-1,187,188,189,-1,189,188,190,-1,189,190,184,-1,184,190,191,-1,184,191,185,-1,187,189,192,-1,192,189,193,-1,192,193,194,-1,195,196,197,-1,195,197,198,-1,198,197,199,-1,198,199,200,-1,200,199,181,-1,200,181,174,-1,174,181,180,-1,174,180,175,-1,201,202,203,-1,203,202,204,-1,203,204,205,-1,205,204,206,-1,205,206,207,-1,201,203,208,-1,208,203,209,-1,208,209,210,-1,210,209,211,-1,210,211,212,-1,212,211,155,-1,212,155,154,-1,213,214,215,-1,215,214,216,-1,215,216,217,-1,217,216,194,-1,217,194,193,-1,213,215,218,-1,218,215,219,-1,218,219,220,-1,220,219,221,-1,220,221,222,-1,222,221,223,-1,222,223,224,-1,224,223,225,-1,225,223,226,-1,225,226,227,-1,227,226,228,-1,228,226,229,-1,228,229,230,-1,231,232,229,-1,229,232,233,-1,229,233,230,-1,234,235,236,-1,236,235,237,-1,236,237,231,-1,231,237,238,-1,231,238,232,-1,239,240,241,-1,239,241,242,-1,243,244,245,-1,245,244,246,-1,245,246,242,-1,240,247,241,-1,241,247,248,-1,241,248,236,-1,236,248,249,-1,236,249,234,-1,250,251,252,-1,252,251,253,-1,252,253,254,-1,254,255,252,-1,252,255,256,-1,252,256,245,-1,245,256,257,-1,245,257,243,-1,258,259,260,-1,260,259,261,-1,260,261,250,-1,250,261,262,-1,250,262,251,-1,258,260,263,-1,263,260,264,-1,263,264,265,-1,265,264,207,-1,265,207,206,-1,242,241,245,-1,245,241,266,-1,245,266,267,-1,267,266,268,-1,267,268,269,-1,269,268,270,-1,269,270,271,-1,
        ]
    }
}
Shape{
    appearance Appearance {
        material  Material 	{
            diffuseColor 0.10980392156862745 0.10980392156862745 0.10980392156862745
            specularColor 0.00784313725490196 0.00784313725490196 0.00784313725490196
            ambientIntensity 0.1569
            transparency 0.0
            shininess 0.5
        }
    }
    geometry IndexedFaceSet {
        ccw TRUE
        solid FALSE
        coord DEF co Coordinate {
            point [
                -2.7289 -3.5433 2.5984, -2.6614 -2.7362 2.5984, -2.6614 -0.4134 2.5984, -0.3386 -2.7362 2.5984, -0.2711 -3.5433 2.5984, -0.3386 -0.4134 2.5984, -0.2711 0.3937 2.5984, -2.7289 0.3937 2.5984, -3.2362 -3.1496 4.7638, -2.8031 -3.1496 4.7638, -3.2362 0.0 4.7638, -2.8031 0.0 4.7638, -2.6358 -3.937 -0.1181, -3.2362 -3.937 -0.1181, -2.6358 0.7874 -0.1181, -3.2362 0.7874 -0.1181, -1.2561 -3.5433 0.0787, -0.3574 -3.5433 0.0787, -2.6426 -3.5433 0.0787, -2.3343 -3.5433 0.0787, -1.8781 -3.5433 0.0787, -1.6761 -3.5433 0.0787, -1.478 -3.5433 0.0787, -0.3574 0.3937 0.0787, -1.2561 0.3937 0.0787, -1.478 0.3937 0.0787, -1.6761 0.3937 0.0787, -1.8781 0.3937 0.0787, -2.3343 0.3937 0.0787, -2.6426 0.3937 0.0787, 0.0 -3.1496 4.7638, 0.0 0.0 4.7638, -0.1969 -3.1496 4.7638, -0.1969 0.0 4.7638, 0.0 0.7874 -0.1181, 0.0 -3.937 -0.1181, -0.3642 0.7874 -0.1181, -0.3642 -3.937 -0.1181, 0.0 0.7874 3.9764, -0.2238 0.7874 3.9764, -3.2362 0.7874 3.9764, -2.7762 0.7874 3.9764, -0.2238 -3.937 3.9764, 0.0 -3.937 3.9764, -3.2362 -3.937 3.9764, -2.7762 -3.937 3.9764, 0.0 -3.3248 4.744, 0.0 -3.4912 4.6858, 0.0 0.7677 4.1516, 0.0 -3.6405 4.592, 0.0 -3.7652 4.4673, 0.0 0.7094 4.318, 0.0 0.6156 4.4673, 0.0 0.1752 4.744, 0.0 0.4909 4.592, 0.0 0.3416 4.6858, 0.0 -3.859 4.318, 0.0 -3.9173 4.1516, -0.2178 0.7677 4.1516, -0.2178 -3.9173 4.1516, -0.2121 -3.859 4.318, -0.207 -3.7652 4.4673, -0.207 0.6156 4.4673, -0.2121 0.7094 4.318, -0.3574 -2.4702 0.0787, -0.3574 -1.3868 0.0787, -0.3574 -1.3835 0.0787, -0.3574 -1.0152 0.0787, -0.3574 -0.5601 0.0787, -0.2027 -3.6405 4.592, -0.1995 -3.4912 4.6858, -0.1975 -3.3248 4.744, -0.1975 0.1752 4.744, -0.1995 0.3416 4.6858, -0.2027 0.4909 4.592, -2.7822 -3.9173 4.1516, -2.6426 -0.5601 0.0787, -2.6426 -1.0152 0.0787, -2.6426 -1.3835 0.0787, -2.6426 -1.3868 0.0787, -2.6426 -2.4702 0.0787, -2.7822 0.7677 4.1516, -2.7879 0.7094 4.318, -2.793 0.6156 4.4673, -2.793 -3.7652 4.4673, -2.7879 -3.859 4.318, -2.7973 0.4909 4.592, -2.8005 0.3416 4.6858, -2.8025 0.1752 4.744, -2.8025 -3.3248 4.744, -2.8005 -3.4912 4.6858, -2.7973 -3.6405 4.592, -2.6614 -0.4134 2.0079, -2.6614 -2.7362 2.0079, -0.3386 -0.4134 2.0079, -0.3386 -2.7362 2.0079, -0.4173 -0.4921 2.0079, -2.5827 -0.4921 2.0079, -2.5827 -2.6575 2.0079, -0.4173 -2.6575 2.0079
            ]
        }
        coordIndex [
            0,1,2,-1,1,0,3,-1,3,0,4,-1,3,4,5,-1,5,4,6,-1,5,6,2,-1,2,6,7,-1,2,7,0,-1,8,9,10,-1,10,9,11,-1,12,13,14,-1,14,13,15,-1,16,17,4,-1,0,18,19,-1,19,20,0,-1,0,20,21,-1,0,21,4,-1,4,21,22,-1,4,22,16,-1,23,24,6,-1,6,24,25,-1,6,25,7,-1,7,25,26,-1,26,27,7,-1,7,27,28,-1,7,28,29,-1,30,31,32,-1,32,31,33,-1,34,35,36,-1,36,35,37,-1,38,34,39,-1,39,34,36,-1,40,41,15,-1,15,41,14,-1,42,37,43,-1,43,37,35,-1,44,13,45,-1,45,13,12,-1,31,30,43,-1,43,30,46,-1,43,46,47,-1,35,34,43,-1,43,34,38,-1,43,38,31,-1,31,38,48,-1,47,49,50,-1,48,51,31,-1,31,51,52,-1,31,52,53,-1,53,52,54,-1,53,54,55,-1,50,56,47,-1,47,56,57,-1,47,57,43,-1,6,39,36,-1,4,17,37,-1,39,6,58,-1,42,59,32,-1,32,59,60,-1,32,60,61,-1,62,63,33,-1,63,58,33,-1,33,58,6,-1,33,6,32,-1,32,6,4,-1,32,4,42,-1,42,4,37,-1,17,64,37,-1,37,64,65,-1,37,65,36,-1,36,65,66,-1,36,66,67,-1,67,68,36,-1,36,68,23,-1,36,23,6,-1,61,69,32,-1,32,69,70,-1,32,70,71,-1,72,73,33,-1,33,73,74,-1,33,74,62,-1,75,45,0,-1,0,45,12,-1,0,12,18,-1,7,29,14,-1,14,29,76,-1,14,76,77,-1,77,78,14,-1,14,78,79,-1,14,79,12,-1,12,79,80,-1,12,80,18,-1,41,81,11,-1,11,81,82,-1,11,82,83,-1,84,85,9,-1,85,75,9,-1,9,75,0,-1,9,0,11,-1,11,0,7,-1,11,7,41,-1,41,7,14,-1,83,86,11,-1,11,86,87,-1,11,87,88,-1,89,90,9,-1,9,90,91,-1,9,91,84,-1,92,2,93,-1,93,2,1,-1,94,5,92,-1,92,5,2,-1,95,3,94,-1,94,3,5,-1,93,1,95,-1,95,1,3,-1,96,94,97,-1,97,94,92,-1,97,92,98,-1,98,92,93,-1,98,93,99,-1,99,93,95,-1,99,95,96,-1,96,95,94,-1,
        ]
    }
}
Shape{
    appearance Appearance {
        material  Material 	{
            diffuseColor 0.6470588235294118 0.6196078431372549 0.5882352941176471
            specularColor 0.45098039215686275 0.43529411764705883 0.4117647058823529
            ambientIntensity 0.6242
            transparency 0.0
            shininess 0.5
        }
    }
    geometry IndexedFaceSet {
        ccw TRUE
        solid FALSE
        coord DEF co Coordinate {
            point [
                -1.5307 -2.3622 2.7953, -1.5307 -2.1646 2.7953, -1.6688 -2.1407 2.7953, -0.7196 -2.3622 2.7953, -1.4693 -2.3622 2.7953, -0.4173 -2.6575 2.7953, -2.2804 -2.3622 2.7953, -1.8067 -2.0795 2.7953, -1.9246 -1.9853 2.7953, -2.0147 -1.8643 2.7953, -2.0713 -1.7244 2.7953, -2.2804 -0.7874 2.7953, -1.4693 -0.7874 2.7953, -0.4173 -0.4921 2.7953, -1.5307 -0.7874 2.7953, -2.5827 -0.4921 2.7953, -0.7196 -0.7874 2.7953, -0.6683 -0.7874 2.7953, -0.6683 -2.3622 2.7953, -2.5827 -2.6575 2.7953, -2.3317 -2.3622 2.7953, -2.3317 -0.7874 2.7953, -1.4693 -0.985 2.7953, -1.3312 -1.0089 2.7953, -1.0754 -1.1643 2.7953, -0.9853 -1.2853 2.7953, -1.1933 -1.0701 2.7953, -0.9287 -1.4252 2.7953, -0.9094 -1.5748 2.7953, -0.9287 -1.7244 2.7953, -0.9853 -1.8643 2.7953, -2.0906 -1.5748 2.7953, -2.0713 -1.4252 2.7953, -2.0147 -1.2853 2.7953, -1.0754 -1.9853 2.7953, -1.1933 -2.0795 2.7953, -1.3312 -2.1407 2.7953, -1.4693 -2.1646 2.7953, -1.9246 -1.1643 2.7953, -1.8067 -1.0701 2.7953, -1.6688 -1.0089 2.7953, -1.5307 -0.985 2.7953, -0.4173 -2.6575 2.0079, -2.5827 -2.6575 2.0079, -2.5827 -0.4921 2.0079, -0.4173 -0.4921 2.0079, -2.4267 -2.3622 2.8617, -2.4267 -0.7874 2.8617, -0.5733 -0.7874 2.8617, -0.5733 -2.3622 2.8617, -1.4371 -0.7874 2.9634, -1.4117 -0.7874 2.806, -1.4786 -0.7874 2.9527, -1.5214 -0.7874 2.9527, -0.8109 -0.7874 2.8941, -1.5883 -0.7874 2.806, -1.5629 -0.7874 2.9634, -1.6431 -0.7874 2.8268, -1.6003 -0.7874 2.9841, -1.6934 -0.7874 2.8571, -1.7443 -0.7874 3.0721, -1.8226 -0.7874 2.9349, -1.8641 -0.7874 3.1167, -1.9217 -0.7874 2.9685, -1.9767 -0.7874 3.1326, -1.9951 -0.7874 2.9752, -2.0842 -0.7874 3.1217, -2.058 -0.7874 2.966, -2.1861 -0.7874 3.0846, -2.1247 -0.7874 2.9391, -2.2832 -0.7874 3.0208, -2.1923 -0.7874 2.8914, -2.3772 -0.7874 2.9267, -0.6763 -0.7874 2.9846, -0.7726 -0.7874 3.0612, -0.8836 -0.7874 2.9435, -0.8732 -0.7874 3.1095, -0.9474 -0.7874 2.9674, -0.9777 -0.7874 3.1313, -1.0166 -0.7874 2.9753, -1.0859 -0.7874 3.127, -1.0919 -0.7874 2.9655, -1.2018 -0.7874 3.0956, -1.2032 -0.7874 2.9222, -1.3254 -0.7874 3.034, -1.3997 -0.7874 2.9841, -1.3066 -0.7874 2.8571, -1.3569 -0.7874 2.8268, -1.5629 -2.3622 2.9634, -1.5883 -2.3622 2.806, -1.5214 -2.3622 2.9527, -1.4786 -2.3622 2.9527, -0.8109 -2.3622 2.8941, -0.6763 -2.3622 2.9846, -0.8836 -2.3622 2.9435, -0.7726 -2.3622 3.0612, -0.9474 -2.3622 2.9674, -0.8732 -2.3622 3.1095, -1.0166 -2.3622 2.9753, -0.9777 -2.3622 3.1313, -1.0919 -2.3622 2.9655, -2.3772 -2.3622 2.9267, -2.2832 -2.3622 3.0208, -2.1923 -2.3622 2.8914, -2.1861 -2.3622 3.0846, -2.1247 -2.3622 2.9391, -2.0842 -2.3622 3.1217, -2.058 -2.3622 2.966, -1.9767 -2.3622 3.1326, -1.9951 -2.3622 2.9752, -1.8641 -2.3622 3.1167, -1.9217 -2.3622 2.9685, -1.7443 -2.3622 3.0721, -1.8226 -2.3622 2.9349, -1.6003 -2.3622 2.9841, -1.6934 -2.3622 2.8571, -1.6431 -2.3622 2.8268, -1.4117 -2.3622 2.806, -1.4371 -2.3622 2.9634, -1.3569 -2.3622 2.8268, -1.3997 -2.3622 2.9841, -1.3066 -2.3622 2.8571, -1.3254 -2.3622 3.034, -1.2032 -2.3622 2.9222, -1.2018 -2.3622 3.0956, -1.0859 -2.3622 3.127, -1.3254 -1.0106 3.034, -1.3474 -1.0054 3.0192, -1.3472 -1.0044 3.5827, -1.5 -0.9842 3.5827, -1.5 -0.9842 2.9513, -1.5214 -0.9846 2.9527, -1.6526 -1.0052 3.0194, -1.6528 -1.0044 3.5827, -1.6003 -0.9928 2.9841, -1.5629 -0.9876 2.9634, -1.4371 -0.9876 2.9634, -1.4786 -0.9846 2.9527, -1.5 -0.9842 2.9513, -1.3997 -0.9928 2.9841, -1.1421 -1.1051 3.1151, -1.2018 -1.0651 3.0956, -1.2047 -1.0634 3.5827, -1.2048 -1.0635 3.0943, -1.2636 -1.0336 3.0682, -1.0859 -1.1537 3.127, -1.0824 -1.1572 3.5827, -1.0827 -1.1575 3.1273, -0.9886 -1.2795 3.5827, -0.9897 -1.2802 3.1316, -1.0264 -1.2221 3.1325, -0.929 -1.4243 3.1245, -0.9297 -1.422 3.1246, -0.9296 -1.422 3.5827, -0.9482 -1.3644 3.1279, -0.9777 -1.2993 3.1313, -0.911 -1.5322 3.1206, -0.9094 -1.5748 3.5827, -0.9109 -1.5748 3.1205, -0.9108 -1.6145 3.1205, -0.9296 -1.7276 3.5827, -0.9182 -1.6759 3.1222, -0.9897 -1.8694 3.1316, -0.9777 -1.8503 3.1313, -0.9886 -1.8701 3.5827, -0.941 -1.7651 3.1267, -0.9313 -1.7272 3.1248, -1.026 -1.927 3.1325, -1.0824 -1.9924 3.5827, -1.0827 -1.9921 3.1273, -1.2048 -2.0861 3.0943, -1.2018 -2.0845 3.0956, -1.2047 -2.0862 3.5827, -1.1416 -2.0442 3.1152, -1.0859 -1.9959 3.127, -1.2636 -2.116 3.0683, -1.3472 -2.1452 3.5827, -1.3254 -2.139 3.034, -1.5 -2.1654 3.5827, -1.5 -2.1654 2.9513, -1.4786 -2.165 2.9527, -1.4371 -2.162 2.9634, -1.3997 -2.1568 2.9841, -1.3474 -2.1442 3.0192, -1.5629 -2.162 2.9634, -1.5214 -2.165 2.9527, -1.5 -2.1654 2.9513, -1.7443 -2.1124 3.0721, -1.6528 -2.1452 3.5827, -1.795 -2.0857 3.0938, -1.7953 -2.0862 3.5827, -1.8056 -2.0801 3.0984, -1.6716 -2.1399 3.0321, -1.6526 -2.1444 3.0194, -1.6003 -2.1568 2.9841, -1.9176 -1.9924 3.5827, -1.9172 -1.992 3.1271, -1.8641 -2.0398 3.1167, -2.0155 -1.8629 3.1318, -2.0111 -1.8698 3.1319, -2.0114 -1.8701 3.5827, -1.9767 -1.9234 3.1326, -1.9243 -1.9856 3.1285, -2.059 -1.7652 3.1267, -2.0704 -1.7276 3.5827, -2.0682 -1.7271 3.1249, -2.0842 -1.6609 3.1217, -2.0906 -1.5748 3.5827, -2.0906 -1.5752 3.1202, -2.0704 -1.422 3.5827, -2.0842 -1.4887 3.1217, -2.0905 -1.5748 3.1202, -2.0094 -1.2807 3.1313, -2.0318 -1.318 3.1304, -2.0114 -1.2795 3.5827, -2.0696 -1.4188 3.1248, -2.0702 -1.422 3.1247, -1.9176 -1.1572 3.5827, -1.9172 -1.1576 3.1271, -1.9239 -1.1636 3.1284, -1.9767 -1.2262 3.1326, -1.8641 -1.1098 3.1167, -1.7953 -1.0634 3.5827, -1.8056 -1.0695 3.0984, -1.6718 -1.0098 3.0323, -1.7443 -1.0372 3.0721, -1.795 -1.0639 3.0938, -2.2963 -2.1533 3.5827, -2.3992 -1.9751 3.5827, -2.4627 -1.7794 3.5827, -2.4843 -1.5748 3.5827, -1.3971 -2.5537 3.5827, -1.6029 -2.5537 3.5827, -1.8042 -2.5109 3.5827, -1.9921 -2.4272 3.5827, -2.1586 -2.3062 3.5827, -0.6008 -1.9751 3.5827, -0.7037 -2.1533 3.5827, -0.8414 -2.3062 3.5827, -1.0079 -2.4272 3.5827, -1.1958 -2.5109 3.5827, -0.7037 -0.9963 3.5827, -0.6008 -1.1745 3.5827, -0.5373 -1.3702 3.5827, -0.5157 -1.5748 3.5827, -0.5373 -1.7794 3.5827, -2.4627 -1.3702 3.5827, -2.3992 -1.1745 3.5827, -2.2963 -0.9963 3.5827, -2.1586 -0.8434 3.5827, -1.9921 -0.7224 3.5827, -1.8042 -0.6387 3.5827, -1.6029 -0.5959 3.5827, -1.3971 -0.5959 3.5827, -1.1958 -0.6387 3.5827, -1.0079 -0.7224 3.5827, -0.8414 -0.8434 3.5827, -0.5262 -1.7181 3.9764, -0.602 -1.9747 3.9764, -0.5575 -1.8584 3.9764, -0.5398 -1.7789 3.9764, -0.6088 -1.9926 3.9764, -0.6791 -2.1179 3.9764, -0.8428 -2.3048 3.9764, -0.767 -2.2316 3.9764, -0.7055 -2.152 3.9764, -0.8704 -2.3313 3.9764, -0.9873 -2.415 3.9764, -1.1967 -2.5085 3.9764, -1.1151 -2.4807 3.9764, -1.0085 -2.4259 3.9764, -1.251 -2.527 3.9764, -1.3924 -2.5531 3.9764, -1.3971 -2.5533 3.9764, -1.5359 -2.5584 3.9764, -1.8039 -2.51 3.9764, -1.6788 -2.5427 3.9764, -1.6026 -2.5511 3.9764, -1.8178 -2.5063 3.9764, -1.95 -2.4501 3.9764, -2.1574 -2.3048 3.9764, -2.0727 -2.3753 3.9764, -1.9909 -2.4252 3.9764, -2.1831 -2.2834 3.9764, -2.279 -2.1763 3.9764, -2.397 -1.9741 3.9764, -2.3583 -2.0565 3.9764, -2.2949 -2.1524 3.9764, -2.4193 -1.9264 3.9764, -2.4607 -1.7888 3.9764, -2.4621 -1.7793 3.9764, -2.4816 -1.6466 3.9764, -2.4621 -1.3703 3.9764, -2.4816 -1.503 3.9764, -2.4816 -1.5748 3.9764, -2.4607 -1.3608 3.9764, -2.4193 -1.2232 3.9764, -2.2949 -0.9972 3.9764, -2.3583 -1.0931 3.9764, -2.397 -1.1755 3.9764, -2.279 -0.9733 3.9764, -2.1831 -0.8662 3.9764, -1.9909 -0.7244 3.9764, -2.0727 -0.7743 3.9764, -2.1574 -0.8448 3.9764, -1.95 -0.6995 3.9764, -1.8178 -0.6433 3.9764, -1.8039 -0.6396 3.9764, -1.6788 -0.6069 3.9764, -1.3971 -0.5963 3.9764, -1.5359 -0.5912 3.9764, -1.6026 -0.5985 3.9764, -1.3924 -0.5965 3.9764, -1.251 -0.6226 3.9764, -1.0085 -0.7237 3.9764, -1.1151 -0.6689 3.9764, -1.1967 -0.6411 3.9764, -0.9873 -0.7346 3.9764, -0.8704 -0.8183 3.9764, -0.7055 -0.9976 3.9764, -0.767 -0.918 3.9764, -0.8428 -0.8448 3.9764, -0.6791 -1.0317 3.9764, -0.6088 -1.157 3.9764, -0.602 -1.1749 3.9764, -0.5575 -1.2912 3.9764, -0.5398 -1.3707 3.9764, -0.5262 -1.4315 3.9764, -0.5157 -1.5748 3.9764, -0.9653 -1.8255 4.3701, -0.9366 -1.752 4.3701, -1.3228 -1.752 4.3701, -1.0075 -1.9006 4.3701, -1.3228 -2.1382 4.3701, -1.269 -2.1183 4.3701, -1.1924 -2.0789 4.3701, -1.1222 -2.0287 4.3701, -1.0602 -1.9689 4.3701, -1.6687 -1.0094 2.8422, -1.6431 -1.0019 2.8268, -1.5883 -0.9909 2.806, -1.6934 -1.0168 2.8571, -1.7578 -1.0435 2.9002, -1.9244 -1.1644 2.9689, -1.9217 -1.1614 2.9685, -1.8737 -1.1175 2.9554, -1.8226 -1.0802 2.9349, -1.8063 -1.0709 2.9262, -1.9607 -1.2054 2.9742, -1.9951 -1.2528 2.9752, -2.0699 -1.4255 2.9624, -2.058 -1.3814 2.966, -2.0304 -1.3152 2.9718, -2.0138 -1.2858 2.9734, -2.0899 -1.5748 2.9555, -2.0898 -1.5442 2.9556, -2.0795 -1.4613 2.9594, -2.058 -1.7682 2.966, -2.0693 -1.7239 2.9625, -2.0824 -1.6727 2.9584, -2.09 -1.5994 2.9555, -2.0306 -1.8341 2.9718, -2.0138 -1.8638 2.9734, -1.9217 -1.9882 2.9685, -1.9244 -1.9852 2.9689, -1.9606 -1.9443 2.9742, -1.9951 -1.8968 2.9752, -1.7578 -2.1061 2.9002, -1.8063 -2.0787 2.9262, -1.8226 -2.0694 2.9349, -1.8735 -2.0322 2.9554, -1.5883 -2.1587 2.806, -1.6431 -2.1477 2.8268, -1.6687 -2.1402 2.8422, -1.6934 -2.1328 2.8571, -1.0166 -1.2356 2.9753, -0.986 -1.2857 2.9735, -0.9779 -1.8508 2.973, -0.9859 -1.8639 2.9735, -1.4117 -2.1587 2.806, -1.3569 -2.1477 2.8268, -1.1936 -2.079 2.9266, -1.2032 -2.0853 2.9222, -1.255 -2.1121 2.8923, -1.3066 -2.1328 2.8571, -1.3313 -2.1402 2.8422, -1.1459 -2.0474 2.9484, -1.0919 -2.0017 2.9655, -1.0166 -1.914 2.9753, -1.0522 -1.9598 2.9729, -1.0759 -1.9848 2.9684, -0.9102 -1.5748 2.9556, -0.9104 -1.6079 2.9556, -0.9223 -1.6972 2.96, -0.9301 -1.724 2.9623, -0.9474 -1.783 2.9674, -0.919 -1.469 2.9589, -0.91 -1.5482 2.9555, -0.9777 -1.2992 2.973, -0.9474 -1.3666 2.9674, -0.931 -1.4258 2.9625, -1.0521 -1.1899 2.9729, -1.0759 -1.1648 2.9684, -1.146 -1.1021 2.9483, -1.0919 -1.1479 2.9655, -1.255 -1.0375 2.8923, -1.2032 -1.0643 2.9222, -1.1936 -1.0706 2.9266, -1.4117 -0.9909 2.806, -1.3569 -1.0019 2.8268, -1.3313 -1.0094 2.8422, -1.3066 -1.0168 2.8571, -0.5669 -1.2941 4.064, -0.6177 -1.1612 4.064, -0.7743 -0.9246 4.064, -0.8767 -0.8258 4.064, -1.1189 -0.678 4.064, -1.5356 -0.6011 4.064, -1.677 -0.6166 4.064, -1.8146 -0.6526 4.064, -2.067 -0.7823 4.064, -2.1763 -0.8733 4.064, -2.3497 -1.0979 4.064, -2.4718 -1.5037 4.064, -2.4511 -1.7867 4.064, -2.3497 -2.0517 4.064, -2.2712 -2.1703 4.064, -2.067 -2.3673 4.064, -1.9455 -2.4414 4.064, -1.677 -2.533 4.064, -1.3934 -2.5433 4.064, -1.1189 -2.4716 4.064, -0.9924 -2.4065 4.064, -0.7743 -2.225 4.064, -0.6874 -2.1124 4.064, -0.5669 -1.8555 4.064, -0.9139 -1.5143 4.3701, -0.9094 -1.5748 4.3701, -0.8218 -1.5748 4.3602, -0.9366 -1.3976 4.3701, -0.9345 -1.4047 4.3701, -0.8506 -1.3794 4.3602, -1.4394 -0.9876 4.3701, -1.4354 -0.9878 4.3701, -1.4258 -0.9007 4.3602, -1.5604 -0.9889 4.3701, -1.5216 -0.9846 4.3701, -1.5248 -0.8971 4.3602, -1.6772 -1.0115 4.3701, -1.6073 -0.9941 4.3701, -1.6232 -0.9079 4.3602, -2.0634 -1.3976 4.3701, -2.0516 -1.3638 4.3701, -2.1334 -1.3325 4.3602, -2.0864 -1.6352 4.3701, -2.089 -1.6179 4.3701, -2.1763 -1.6243 4.3602, -2.0634 -1.752 4.3701, -2.0764 -1.7032 4.3701, -2.1619 -1.7223 4.3602, -1.6772 -2.1382 4.3701, -1.6907 -2.1337 4.3701, -1.719 -2.2166 4.3602, -1.4394 -2.162 4.3701, -1.5216 -2.165 4.3701, -1.5248 -2.2525 4.3602, -1.3506 -2.1461 4.3701, -1.3285 -2.2309 4.3602, -0.9139 -1.6353 4.3701, -0.9157 -1.6608 4.3701, -0.8291 -1.6735 4.3602, -1.6073 -2.1555 4.3701, -2.0764 -1.4464 4.3701, -0.9653 -1.3241 4.3701, -0.9345 -1.7449 4.3701, -0.8506 -1.7702 4.3602, -0.7467 -1.6857 4.3311, -0.7709 -1.7942 4.3311, -0.6729 -1.6965 4.2842, -0.6994 -1.8157 4.2842, -0.6112 -1.7056 4.2219, -0.6397 -1.8336 4.2219, -0.5648 -1.7124 4.1472, -0.5948 -1.8471 4.1472, -0.536 -1.7167 4.064, -1.5604 -2.1607 4.3701, -1.6232 -2.2417 4.3602, -1.5278 -2.3357 4.3311, -1.6383 -2.3235 4.3311, -1.5305 -2.4103 4.2842, -1.6519 -2.3969 4.2842, -1.5328 -2.4726 4.2219, -1.6632 -2.4582 4.2219, -1.5345 -2.5194 4.1472, -1.6717 -2.5043 4.1472, -1.5356 -2.5485 4.064, -2.089 -1.5317 4.3701, -2.1763 -1.5253 4.3602, -2.2593 -1.6304 4.3311, -2.2593 -1.5192 4.3311, -2.3338 -1.6358 4.2842, -2.3338 -1.5138 4.2842, -2.396 -1.6404 4.2219, -2.396 -1.5092 4.2219, -2.4427 -1.6438 4.1472, -2.4427 -1.5058 4.1472, -2.4718 -1.6459 4.064, -2.015 -1.2858 4.3701, -2.0914 -1.2429 4.3602, -2.2111 -1.3028 4.3311, -2.164 -1.2022 4.3311, -2.2809 -1.2761 4.2842, -2.2291 -1.1656 4.2842, -2.3391 -1.2539 4.2219, -2.2834 -1.1351 4.2219, -2.3829 -1.2371 4.1472, -2.3243 -1.1122 4.1472, -2.4101 -1.2267 4.064, -1.3506 -1.0035 4.3701, -1.3228 -1.0115 4.3701, -1.3285 -0.9187 4.3602, -1.2348 -0.9507 4.3602, -1.3074 -0.8382 4.3311, -1.2022 -0.8741 4.3311, -1.2885 -0.766 4.2842, -1.173 -0.8054 4.2842, -1.2728 -0.7057 4.2219, -1.1486 -0.748 4.2219, -1.2609 -0.6603 4.1472, -1.1303 -0.7048 4.1472, -1.2535 -0.6321 4.064, -0.7386 -1.5748 4.3311, -0.664 -1.5748 4.2842, -0.6016 -1.5748 4.2219, -0.5547 -1.5748 4.1472, -0.5256 -1.5748 4.064, -0.6177 -1.9884 4.064, -0.6441 -1.976 4.1472, -0.6866 -1.9561 4.2219, -0.743 -1.9297 4.2842, -0.8106 -1.898 4.3311, -0.886 -1.8626 4.3602, -0.9344 -1.949 4.3602, -0.865 -1.9949 4.3311, -0.8028 -2.0361 4.2842, -0.7508 -2.0705 4.2219, -0.7117 -2.0964 4.1472, -0.796 -2.2056 4.1472, -0.8309 -2.1743 4.2219, -0.8774 -2.1327 4.2842, -0.933 -2.0829 4.3311, -0.9949 -2.0273 4.3602, -0.8767 -2.3238 4.064, -0.8953 -2.3014 4.1472, -0.9253 -2.2653 4.2219, -0.9652 -2.2174 4.2842, -1.013 -2.16 4.3311, -1.0662 -2.0961 4.3602, -1.1467 -2.1537 4.3602, -1.1034 -2.2247 4.3311, -1.0645 -2.2884 4.2842, -1.032 -2.3416 4.2219, -1.0076 -2.3817 4.1472, -1.1303 -2.4448 4.1472, -1.1486 -2.4016 4.2219, -1.173 -2.3442 4.2842, -1.2022 -2.2755 4.3311, -1.2348 -2.1989 4.3602, -1.2535 -2.5175 4.064, -1.2609 -2.4893 4.1472, -1.2728 -2.4439 4.2219, -1.2885 -2.3836 4.2842, -1.3074 -2.3114 4.3311, -1.4354 -2.1618 4.3701, -1.4258 -2.2489 4.3602, -1.4167 -2.3316 4.3311, -1.4086 -2.4058 4.2842, -1.4017 -2.4678 4.2219, -1.3966 -2.5144 4.1472, -1.8146 -2.497 4.064, -1.8052 -2.4694 4.1472, -1.7901 -2.425 4.2219, -1.7699 -2.366 4.2842, -1.7458 -2.2954 4.3311, -1.77 -2.1 4.3701, -1.8101 -2.1779 4.3602, -1.8481 -2.2519 4.3311, -1.8823 -2.3183 4.2842, -1.9108 -2.3737 4.2219, -1.9322 -2.4155 4.1472, -2.05 -2.3436 4.1472, -2.0227 -2.3054 4.2219, -1.9864 -2.2547 4.2842, -1.943 -2.194 4.3311, -1.8946 -2.1263 4.3602, -1.8436 -2.0551 4.3701, -2.1763 -2.2763 4.064, -2.1561 -2.2553 4.1472, -2.1235 -2.2215 4.2219, -2.0803 -2.1767 4.2842, -2.0284 -2.1229 4.3311, -1.9707 -2.063 4.3602, -1.9099 -1.9999 4.3701, -1.9674 -1.9357 4.3701, -2.0368 -1.9893 4.3602, -2.1026 -2.0401 4.3311, -2.1617 -2.0858 4.2842, -2.211 -2.1239 4.2219, -2.2482 -2.1525 4.1472, -2.3243 -2.0374 4.1472, -2.2834 -2.0145 4.2219, -2.2291 -1.984 4.2842, -2.164 -1.9474 4.3311, -2.0914 -1.9067 4.3602, -2.015 -1.8638 4.3701, -2.4101 -1.9229 4.064, -2.3829 -1.9125 4.1472, -2.3391 -1.8957 4.2219, -2.2809 -1.8735 4.2842, -2.2111 -1.8468 4.3311, -2.1334 -1.8171 4.3602, -2.0516 -1.7858 4.3701, -2.2432 -1.7403 4.3311, -2.316 -1.7566 4.2842, -2.3769 -1.7701 4.2219, -2.4226 -1.7803 4.1472, -2.4511 -1.3629 4.064, -2.4226 -1.3693 4.1472, -2.3769 -1.3795 4.2219, -2.316 -1.393 4.2842, -2.2432 -1.4093 4.3311, -2.1619 -1.4273 4.3602, -2.0864 -1.5144 4.3701, -2.2712 -0.9793 4.064, -2.2482 -0.9971 4.1472, -2.211 -1.0257 4.2219, -2.1617 -1.0638 4.2842, -2.1026 -1.1095 4.3311, -2.0368 -1.1603 4.3602, -1.9674 -1.2139 4.3701, -1.9099 -1.1497 4.3701, -1.9707 -1.0866 4.3602, -2.0284 -1.0267 4.3311, -2.0803 -0.9729 4.2842, -2.1235 -0.9281 4.2219, -2.1561 -0.8943 4.1472, -2.05 -0.806 4.1472, -2.0227 -0.8442 4.2219, -1.9864 -0.8949 4.2842, -1.943 -0.9556 4.3311, -1.8946 -1.0233 4.3602, -1.8436 -1.0945 4.3701, -1.9455 -0.7082 4.064, -1.9322 -0.7341 4.1472, -1.9108 -0.7759 4.2219, -1.8823 -0.8313 4.2842, -1.8481 -0.8977 4.3311, -1.8101 -0.9717 4.3602, -1.77 -1.0496 4.3701, -1.6907 -1.0159 4.3701, -1.719 -0.933 4.3602, -1.7458 -0.8542 4.3311, -1.7699 -0.7836 4.2842, -1.7901 -0.7246 4.2219, -1.8052 -0.6802 4.1472, -1.6717 -0.6453 4.1472, -1.6632 -0.6914 4.2219, -1.6519 -0.7527 4.2842, -1.6383 -0.8261 4.3311, -1.5345 -0.6302 4.1472, -1.5328 -0.677 4.2219, -1.5305 -0.7393 4.2842, -1.5278 -0.8139 4.3311, -1.3934 -0.6063 4.064, -1.3966 -0.6352 4.1472, -1.4017 -0.6818 4.2219, -1.4086 -0.7438 4.2842, -1.4167 -0.818 4.3311, -0.9924 -0.7431 4.064, -1.0076 -0.7679 4.1472, -1.032 -0.808 4.2219, -1.0645 -0.8612 4.2842, -1.1034 -0.9249 4.3311, -1.1467 -0.9959 4.3602, -1.0662 -1.0535 4.3602, -1.013 -0.9896 4.3311, -0.9652 -0.9322 4.2842, -0.9253 -0.8843 4.2219, -0.8953 -0.8482 4.1472, -0.796 -0.944 4.1472, -0.8309 -0.9753 4.2219, -0.8774 -1.0169 4.2842, -0.933 -1.0667 4.3311, -0.9949 -1.1223 4.3602, -0.6874 -1.0372 4.064, -0.7117 -1.0532 4.1472, -0.7508 -1.0791 4.2219, -0.8028 -1.1135 4.2842, -0.865 -1.1547 4.3311, -0.9344 -1.2006 4.3602, -0.886 -1.287 4.3602, -0.8106 -1.2516 4.3311, -0.743 -1.2199 4.2842, -0.6866 -1.1935 4.2219, -0.6441 -1.1736 4.1472, -0.5948 -1.3025 4.1472, -0.6397 -1.316 4.2219, -0.6994 -1.3339 4.2842, -0.7709 -1.3554 4.3311, -1.0075 -1.249 4.3701, -1.0602 -1.1807 4.3701, -1.1222 -1.1209 4.3701, -1.1924 -1.0707 4.3701, -1.269 -1.0313 4.3701, -0.536 -1.4329 4.064, -0.5648 -1.4372 4.1472, -0.6112 -1.444 4.2219, -0.6729 -1.4531 4.2842, -0.7467 -1.4639 4.3311, -0.8291 -1.4761 4.3602, -0.9157 -1.4888 4.3701, -0.9177 -1.4764 4.0551, -0.9177 -1.4764 4.2913, -1.3228 -1.4764 4.0551, -1.3228 -1.4764 4.2913, -0.9145 -1.5144 4.0551, -0.9306 -1.418 4.3674, -0.9258 -1.437 4.3595, -0.9238 -1.4455 4.3538, -0.9196 -1.4658 4.3307, -0.9207 -1.4601 4.3393, -0.9221 -1.4533 4.347, -0.9188 -1.4704 4.3215, -0.9182 -1.4737 4.3117, -0.9178 -1.4757 4.3016, -0.9177 -1.6732 4.0551, -0.9177 -1.6732 4.2913, -0.9178 -1.6739 4.3016, -0.9182 -1.6759 4.3117, -0.9188 -1.6792 4.3215, -0.9196 -1.6838 4.3307, -0.9207 -1.6895 4.3393, -0.9221 -1.6963 4.347, -0.9238 -1.704 4.3538, -0.9258 -1.7126 4.3595, -0.9306 -1.7316 4.3674, -0.9094 -1.5748 4.0551, -0.9145 -1.6352 4.0551, -1.3228 -1.6732 4.0551, -1.3228 -1.6732 4.2913, -1.4016 -2.1571 4.0551, -1.4016 -2.1571 4.2913, -1.4016 -1.752 4.0551, -1.4016 -1.752 4.2913, -1.4396 -2.1603 4.0551, -1.3432 -2.1442 4.3674, -1.3622 -2.1491 4.3595, -1.3707 -2.151 4.3538, -1.391 -2.1552 4.3307, -1.3853 -2.1541 4.3393, -1.3785 -2.1527 4.347, -1.3956 -2.156 4.3215, -1.3989 -2.1566 4.3117, -1.4009 -2.157 4.3016, -1.6292 -2.151 4.3538, -1.6378 -2.1491 4.3595, -1.6568 -2.1442 4.3674, -1.5984 -2.1571 4.0551, -1.5984 -2.1571 4.2913, -1.5991 -2.157 4.3016, -1.6011 -2.1566 4.3117, -1.6044 -2.156 4.3215, -1.609 -2.1552 4.3307, -1.6147 -2.1541 4.3393, -1.6215 -2.1527 4.347, -1.5 -2.1654 4.0551, -1.5604 -2.1603 4.0551, -1.5984 -1.752 4.0551, -1.5984 -1.752 4.2913, -2.0823 -1.6732 4.0551, -2.0823 -1.6732 4.2913, -1.6772 -1.6732 4.0551, -1.6772 -1.6732 4.2913, -2.0694 -1.418 4.3674, -2.0855 -1.6352 4.0551, -2.0694 -1.7316 4.3674, -2.0793 -1.6895 4.3393, -2.0804 -1.6838 4.3307, -2.0743 -1.7126 4.3595, -2.0762 -1.7041 4.3538, -2.0779 -1.6963 4.347, -2.0812 -1.6792 4.3215, -2.0818 -1.6759 4.3117, -2.0822 -1.6739 4.3016, -2.0743 -1.437 4.3595, -2.0823 -1.4764 4.2913, -2.0822 -1.4757 4.3016, -2.0818 -1.4737 4.3117, -2.0812 -1.4704 4.3215, -2.0804 -1.4658 4.3307, -2.0793 -1.4601 4.3393, -2.0779 -1.4533 4.347, -2.0762 -1.4456 4.3538, -2.0906 -1.5748 4.0551, -2.0855 -1.5144 4.0551, -2.0823 -1.4764 4.0551, -1.6772 -1.4764 4.0551, -1.6772 -1.4764 4.2913, -1.5984 -0.9925 4.0551, -1.5984 -0.9925 4.2913, -1.5984 -1.3976 4.0551, -1.5984 -1.3976 4.2913, -1.5604 -0.9893 4.0551, -1.6596 -1.0062 4.3681, -1.643 -1.0018 4.3623, -1.6281 -0.9983 4.3529, -1.6156 -0.9957 4.3404, -1.6062 -0.9939 4.3255, -1.6004 -0.9928 4.3089, -1.4016 -0.9925 4.0551, -1.4016 -0.9925 4.2913, -1.4009 -0.9926 4.3016, -1.3989 -0.993 4.3117, -1.3956 -0.9936 4.3215, -1.391 -0.9944 4.3307, -1.3853 -0.9955 4.3393, -1.3785 -0.9969 4.347, -1.3708 -0.9986 4.3538, -1.3622 -1.0006 4.3595, -1.3432 -1.0054 4.3674, -1.5 -0.9842 4.0551, -1.4396 -0.9893 4.0551, -1.4016 -1.3976 4.0551, -1.4016 -1.3976 4.2913, -1.5984 -1.534 3.9764, -1.6364 -1.5497 3.9764, -1.4592 -1.4764 3.9764, -1.5 -2.0866 3.9764, -1.4803 -2.0862 3.9764, -1.4803 -1.752 3.9764, -1.5 -1.063 3.9764, -1.5197 -1.0634 3.9764, -1.5197 -1.3976 3.9764, -1.5658 -1.509 3.9764, -1.5984 -1.6156 3.9764, -1.5658 -1.6406 3.9764, -1.4592 -1.6732 3.9764, -1.5408 -1.6732 3.9764, -1.5251 -1.7112 3.9764, -1.6364 -1.5999 3.9764, -1.6772 -1.5551 3.9764, -1.4342 -1.6406 3.9764, -1.4016 -1.6156 3.9764, -1.4342 -1.509 3.9764, -0.9882 -1.5748 3.9764, -0.9886 -1.5551 3.9764, -1.3228 -1.5551 3.9764, -2.0114 -1.5551 3.9764, -2.0118 -1.5748 3.9764, -1.6772 -1.5945 3.9764, -2.0114 -1.5945 3.9764, -1.5197 -2.0862 3.9764, -1.5197 -1.752 3.9764, -1.4749 -1.7112 3.9764, -1.4803 -1.0634 3.9764, -1.4803 -1.3976 3.9764, -1.4749 -1.4384 3.9764, -1.5251 -1.4384 3.9764, -1.5408 -1.4764 3.9764, -0.9886 -1.5945 3.9764, -1.3228 -1.5945 3.9764, -1.3636 -1.5999 3.9764, -1.3636 -1.5497 3.9764, -1.4016 -1.534 3.9764, -1.6011 -1.752 4.3117, -1.609 -1.752 4.3307, -1.6215 -1.752 4.347, -1.6378 -1.752 4.3595, -1.6568 -1.752 4.3674, -1.6772 -1.752 4.3701, -1.6772 -1.7316 4.3674, -1.6772 -1.7126 4.3595, -1.6772 -1.6963 4.347, -1.6772 -1.6838 4.3307, -1.6772 -1.6759 4.3117, -1.6772 -1.4737 4.3117, -1.6772 -1.4658 4.3307, -1.6772 -1.4533 4.347, -1.6772 -1.437 4.3595, -1.6772 -1.418 4.3674, -1.6772 -1.3976 4.3701, -1.6597 -1.3976 4.3678, -1.6568 -1.3976 4.3674, -1.6432 -1.3976 4.3618, -1.6378 -1.3976 4.3595, -1.6285 -1.3976 4.3524, -1.6215 -1.3976 4.347, -1.6161 -1.3976 4.34, -1.609 -1.3976 4.3307, -1.6067 -1.3976 4.3253, -1.6011 -1.3976 4.3117, -1.6007 -1.3976 4.3088, -1.6575 -1.6785 4.3117, -1.6575 -1.7179 4.3595, -1.667 -1.7343 4.3674, -1.6628 -1.7376 4.3674, -1.6575 -1.7467 4.3674, -1.6719 -1.7323 4.3674, -1.667 -1.7139 4.3595, -1.6628 -1.6982 4.347, -1.6493 -1.7241 4.3595, -1.6595 -1.7418 4.3674, -1.6431 -1.7323 4.3595, -1.6391 -1.7418 4.3595, -1.6493 -1.7037 4.347, -1.6378 -1.7126 4.347, -1.6289 -1.7241 4.347, -1.6234 -1.7376 4.347, -1.6595 -1.6861 4.3307, -1.6431 -1.6929 4.3307, -1.6289 -1.7037 4.3307, -1.6181 -1.7179 4.3307, -1.6113 -1.7343 4.3307, -1.6391 -1.6861 4.3117, -1.6234 -1.6982 4.3117, -1.6113 -1.7139 4.3117, -1.6037 -1.7323 4.3117, -1.6568 -1.6759 4.2913, -1.6378 -1.6838 4.2913, -1.6215 -1.6963 4.2913, -1.609 -1.7126 4.2913, -1.6011 -1.7316 4.2913, -2.0477 -1.6336 3.9875, -2.0429 -1.6283 3.9848, -2.046 -1.5748 3.9842, -2.0353 -1.6199 3.9806, -2.0305 -1.6147 3.9797, -2.0293 -1.5748 3.9784, -2.0277 -1.6118 3.9792, -2.0122 -1.5953 3.9764, -2.0609 -1.5748 3.9936, -2.0566 -1.6435 3.9936, -2.0526 -1.639 3.9902, -2.0587 -1.6458 3.9954, -2.0734 -1.5748 4.006, -2.0622 -1.6498 3.9998, -2.0732 -1.6626 4.0158, -2.0728 -1.662 4.0147, -2.0828 -1.5748 4.021, -2.0693 -1.658 4.0085, -2.0674 -1.6558 4.0062, -2.0886 -1.5748 4.0376, -2.0804 -1.671 4.0377, -2.0799 -1.6704 4.0348, -2.0798 -1.6702 4.0336, -2.0784 -1.6687 4.0287, -2.0754 -1.6651 4.0211, -2.0812 -1.4777 4.0406, -2.082 -1.6729 4.0478, -2.0806 -1.4784 4.0376, -2.0733 -1.4869 4.0158, -2.0748 -1.4852 4.0189, -2.0798 -1.4794 4.0336, -2.08 -1.4791 4.0348, -2.0624 -1.4995 3.9995, -2.063 -1.4988 4.0001, -2.0672 -1.494 4.0063, -2.0728 -1.4876 4.0147, -2.0353 -1.5297 3.9806, -2.0421 -1.5222 3.9836, -2.0476 -1.5161 3.9875, -2.0565 -1.5062 3.9938, -2.0587 -1.5038 3.9954, -2.0122 -1.5543 3.9764, -2.0277 -1.5378 3.9792, -2.0305 -1.5349 3.9797, -1.6113 -1.4153 4.3307, -1.6234 -1.412 4.347, -1.6391 -1.4078 4.3595, -1.6575 -1.4029 4.3674, -1.6595 -1.4078 4.3674, -1.6719 -1.4173 4.3674, -1.6493 -1.4255 4.3595, -1.667 -1.4153 4.3674, -1.6575 -1.4317 4.3595, -1.667 -1.4357 4.3595, -1.6431 -1.4173 4.3595, -1.6628 -1.412 4.3674, -1.6289 -1.4255 4.347, -1.6378 -1.437 4.347, -1.6493 -1.4459 4.347, -1.6628 -1.4514 4.347, -1.6181 -1.4317 4.3307, -1.6289 -1.4459 4.3307, -1.6431 -1.4567 4.3307, -1.6595 -1.4635 4.3307, -1.6037 -1.4173 4.3117, -1.6113 -1.4357 4.3117, -1.6234 -1.4514 4.3117, -1.6391 -1.4635 4.3117, -1.6575 -1.4711 4.3117, -1.6011 -1.418 4.2913, -1.609 -1.437 4.2913, -1.6215 -1.4533 4.2913, -1.6378 -1.4658 4.2913, -1.6568 -1.4737 4.2913, -1.6011 -1.7316 4.0551, -1.609 -1.7126 4.0551, -1.6215 -1.6963 4.0551, -1.6378 -1.6838 4.0551, -1.6568 -1.6759 4.0551, -1.6772 -1.6149 3.9791, -1.6772 -1.6339 3.9869, -1.6772 -1.6705 4.0347, -1.6772 -1.6627 4.0158, -1.6772 -1.6502 3.9994, -1.6772 -1.5347 3.9791, -1.6772 -1.5157 3.9869, -1.6772 -1.4994 3.9994, -1.6772 -1.4869 4.0158, -1.6772 -1.4791 4.0347, -1.6011 -1.418 4.0551, -1.609 -1.437 4.0551, -1.6215 -1.4533 4.0551, -1.6378 -1.4658 4.0551, -1.6568 -1.4737 4.0551, -1.5957 -1.752 4.0347, -1.5985 -1.7309 4.0347, -1.6067 -1.7113 4.0347, -1.6196 -1.6944 4.0347, -1.6365 -1.6815 4.0347, -1.6561 -1.6733 4.0347, -1.5879 -1.752 4.0158, -1.5909 -1.7289 4.0158, -1.5998 -1.7073 4.0158, -1.614 -1.6888 4.0158, -1.6325 -1.6746 4.0158, -1.6541 -1.6657 4.0158, -1.5754 -1.752 3.9994, -1.5788 -1.7256 3.9994, -1.589 -1.7011 3.9994, -1.6052 -1.68 3.9994, -1.6263 -1.6638 3.9994, -1.6508 -1.6536 3.9994, -1.5591 -1.752 3.9869, -1.5631 -1.7214 3.9869, -1.5749 -1.6929 3.9869, -1.5936 -1.6684 3.9869, -1.6181 -1.6497 3.9869, -1.6466 -1.6379 3.9869, -1.5401 -1.752 3.9791, -1.5447 -1.7165 3.9791, -1.5584 -1.6834 3.9791, -1.5802 -1.655 3.9791, -1.6086 -1.6332 3.9791, -1.6417 -1.6195 3.9791, -1.6561 -1.4763 4.0347, -1.6365 -1.4681 4.0347, -1.6196 -1.4552 4.0347, -1.6067 -1.4383 4.0347, -1.5985 -1.4187 4.0347, -1.5957 -1.3976 4.0347, -1.6541 -1.4839 4.0158, -1.6325 -1.475 4.0158, -1.614 -1.4608 4.0158, -1.5998 -1.4423 4.0158, -1.5909 -1.4207 4.0158, -1.5879 -1.3976 4.0158, -1.6508 -1.496 3.9994, -1.6263 -1.4858 3.9994, -1.6052 -1.4696 3.9994, -1.589 -1.4485 3.9994, -1.5788 -1.424 3.9994, -1.5754 -1.3976 3.9994, -1.6466 -1.5117 3.9869, -1.6181 -1.4999 3.9869, -1.5936 -1.4812 3.9869, -1.5749 -1.4567 3.9869, -1.5631 -1.4282 3.9869, -1.5591 -1.3976 3.9869, -1.6417 -1.5301 3.9791, -1.6086 -1.5164 3.9791, -1.5802 -1.4946 3.9791, -1.5584 -1.4662 3.9791, -1.5447 -1.4331 3.9791, -1.5401 -1.3976 3.9791, -1.3228 -1.6759 4.3117, -1.3228 -1.6838 4.3307, -1.3228 -1.6963 4.347, -1.3228 -1.7126 4.3595, -1.3228 -1.7316 4.3674, -1.3432 -1.752 4.3674, -1.3622 -1.752 4.3595, -1.3785 -1.752 4.347, -1.391 -1.752 4.3307, -1.3989 -1.752 4.3117, -1.5205 -2.087 3.9764, -1.5399 -2.1052 3.9797, -1.5399 -2.1053 3.9797, -1.5451 -2.1101 3.9806, -1.575 -2.1369 3.9997, -1.571 -2.1335 3.9954, -1.5642 -2.1274 3.9902, -1.5588 -2.1225 3.9875, -1.5588 -2.1225 3.9874, -1.575 -2.137 3.9998, -1.5832 -2.1441 4.0085, -1.5872 -2.1476 4.0147, -1.5956 -2.1547 4.0348, -1.5954 -2.1546 4.0336, -1.5939 -2.1532 4.0287, -1.5878 -2.148 4.0158, -1.5981 -2.1568 4.0478, -1.5399 -1.0444 3.9797, -1.5399 -1.0443 3.9797, -1.5872 -1.002 4.0147, -1.5879 -1.0015 4.0158, -1.5971 -0.9936 4.0406, -1.5957 -0.9948 4.0348, -1.5954 -0.995 4.0336, -1.5896 -1.0 4.0189, -1.5753 -1.0124 3.9995, -1.576 -1.0118 4.0001, -1.5526 -1.0327 3.9836, -1.5587 -1.0272 3.9875, -1.5587 -1.0272 3.9875, -1.571 -1.0161 3.9954, -1.5451 -1.0395 3.9806, -1.5205 -1.0626 3.9764, -1.3989 -1.3976 4.3117, -1.391 -1.3976 4.3307, -1.3785 -1.3976 4.347, -1.3622 -1.3976 4.3595, -1.3432 -1.3976 4.3674, -1.3228 -1.3976 4.3701, -1.3228 -1.418 4.3674, -1.3228 -1.437 4.3595, -1.3228 -1.4533 4.347, -1.3228 -1.4658 4.3307, -1.3228 -1.4737 4.3117, -1.3963 -1.7323 4.3117, -1.3569 -1.7323 4.3595, -1.3405 -1.7418 4.3674, -1.3372 -1.7376 4.3674, -1.3281 -1.7323 4.3674, -1.3425 -1.7467 4.3674, -1.3609 -1.7418 4.3595, -1.3766 -1.7376 4.347, -1.3507 -1.7241 4.3595, -1.333 -1.7343 4.3674, -1.3425 -1.7179 4.3595, -1.333 -1.7139 4.3595, -1.3711 -1.7241 4.347, -1.3622 -1.7126 4.347, -1.3507 -1.7037 4.347, -1.3372 -1.6982 4.347, -1.3887 -1.7343 4.3307, -1.3819 -1.7179 4.3307, -1.3711 -1.7037 4.3307, -1.3569 -1.6929 4.3307, -1.3405 -1.6861 4.3307, -1.3887 -1.7139 4.3117, -1.3766 -1.6982 4.3117, -1.3609 -1.6861 4.3117, -1.3425 -1.6785 4.3117, -1.3989 -1.7316 4.2913, -1.391 -1.7126 4.2913, -1.3785 -1.6963 4.2913, -1.3622 -1.6838 4.2913, -1.3432 -1.6759 4.2913, -1.5 -2.126 3.9869, -1.5 -2.1548 4.0158, -1.5 -2.107 3.9791, -1.4601 -2.1052 3.9797, -1.4795 -2.087 3.9764, -1.4601 -2.1053 3.9797, -1.4549 -2.1101 3.9806, -1.5 -2.1423 3.9994, -1.425 -2.1369 3.9997, -1.429 -2.1335 3.9954, -1.4358 -2.1274 3.9902, -1.4412 -2.1225 3.9875, -1.4412 -2.1225 3.9874, -1.425 -2.137 3.9998, -1.4168 -2.1441 4.0085, -1.5 -2.1627 4.0347, -1.4044 -2.1547 4.0348, -1.4046 -2.1546 4.0336, -1.4061 -2.1532 4.0287, -1.4122 -2.148 4.0158, -1.4128 -2.1476 4.0147, -1.4019 -2.1568 4.0478, -1.5956 -2.1547 4.0348, -1.4247 -1.0124 3.9995, -1.424 -1.0118 4.0001, -1.5 -1.0073 3.9994, -1.4046 -0.995 4.0336, -1.4043 -0.9948 4.0348, -1.5 -0.9869 4.0347, -1.4029 -0.9936 4.0406, -1.4128 -1.002 4.0147, -1.5 -0.9948 4.0158, -1.4121 -1.0015 4.0158, -1.4104 -1.0 4.0189, -1.429 -1.0161 3.9954, -1.4549 -1.0395 3.9806, -1.4474 -1.0327 3.9836, -1.5 -1.0236 3.9869, -1.4413 -1.0272 3.9875, -1.4413 -1.0272 3.9875, -1.4795 -1.0626 3.9764, -1.5 -1.0426 3.9791, -1.4601 -1.0444 3.9797, -1.4601 -1.0443 3.9797, -1.5753 -1.0124 3.9995, -1.3425 -1.4711 4.3117, -1.3425 -1.4317 4.3595, -1.333 -1.4153 4.3674, -1.3372 -1.412 4.3674, -1.3425 -1.4029 4.3674, -1.3281 -1.4173 4.3674, -1.333 -1.4357 4.3595, -1.3372 -1.4514 4.347, -1.3507 -1.4255 4.3595, -1.3405 -1.4078 4.3674, -1.3569 -1.4173 4.3595, -1.3609 -1.4078 4.3595, -1.3507 -1.4459 4.347, -1.3622 -1.437 4.347, -1.3711 -1.4255 4.347, -1.3766 -1.412 4.347, -1.3405 -1.4635 4.3307, -1.3569 -1.4567 4.3307, -1.3711 -1.4459 4.3307, -1.3819 -1.4317 4.3307, -1.3887 -1.4153 4.3307, -1.3609 -1.4635 4.3117, -1.3766 -1.4514 4.3117, -1.3887 -1.4357 4.3117, -1.3963 -1.4173 4.3117, -1.3432 -1.4737 4.2913, -1.3622 -1.4658 4.2913, -1.3785 -1.4533 4.2913, -1.391 -1.437 4.2913, -1.3989 -1.418 4.2913, -1.3989 -1.7316 4.0551, -1.391 -1.7126 4.0551, -1.3785 -1.6963 4.0551, -1.3622 -1.6838 4.0551, -1.3432 -1.6759 4.0551, -1.4599 -1.752 3.9791, -1.4409 -1.752 3.9869, -1.4043 -1.752 4.0347, -1.4044 -2.1547 4.0348, -1.4121 -1.752 4.0158, -1.4246 -1.752 3.9994, -1.4599 -1.3976 3.9791, -1.4409 -1.3976 3.9869, -1.4246 -1.3976 3.9994, -1.4121 -1.3976 4.0158, -1.4043 -1.3976 4.0347, -1.4121 -1.0015 4.0158, -1.3989 -1.418 4.0551, -1.391 -1.437 4.0551, -1.3785 -1.4533 4.0551, -1.3622 -1.4658 4.0551, -1.3432 -1.4737 4.0551, -1.3228 -1.6705 4.0347, -1.3439 -1.6733 4.0347, -1.3635 -1.6815 4.0347, -1.3804 -1.6944 4.0347, -1.3933 -1.7113 4.0347, -1.4015 -1.7309 4.0347, -1.3228 -1.6627 4.0158, -1.3459 -1.6657 4.0158, -1.3675 -1.6746 4.0158, -1.386 -1.6888 4.0158, -1.4002 -1.7073 4.0158, -1.4091 -1.7289 4.0158, -1.3228 -1.6502 3.9994, -1.3492 -1.6536 3.9994, -1.3737 -1.6638 3.9994, -1.3948 -1.68 3.9994, -1.411 -1.7011 3.9994, -1.4212 -1.7256 3.9994, -1.3228 -1.6339 3.9869, -1.3534 -1.6379 3.9869, -1.3819 -1.6497 3.9869, -1.4064 -1.6684 3.9869, -1.4251 -1.6929 3.9869, -1.4369 -1.7214 3.9869, -1.3228 -1.6149 3.9791, -1.3583 -1.6195 3.9791, -1.3914 -1.6332 3.9791, -1.4198 -1.655 3.9791, -1.4416 -1.6834 3.9791, -1.4553 -1.7165 3.9791, -1.4015 -1.4187 4.0347, -1.3933 -1.4383 4.0347, -1.3804 -1.4552 4.0347, -1.3635 -1.4681 4.0347, -1.3439 -1.4763 4.0347, -1.3228 -1.4791 4.0347, -1.4091 -1.4207 4.0158, -1.4002 -1.4423 4.0158, -1.386 -1.4608 4.0158, -1.3675 -1.475 4.0158, -1.3459 -1.4839 4.0158, -1.3228 -1.4869 4.0158, -1.4212 -1.424 3.9994, -1.411 -1.4485 3.9994, -1.3948 -1.4696 3.9994, -1.3737 -1.4858 3.9994, -1.3492 -1.496 3.9994, -1.3228 -1.4994 3.9994, -1.4369 -1.4282 3.9869, -1.4251 -1.4567 3.9869, -1.4064 -1.4812 3.9869, -1.3819 -1.4999 3.9869, -1.3534 -1.5117 3.9869, -1.3228 -1.5157 3.9869, -1.4553 -1.4331 3.9791, -1.4416 -1.4662 3.9791, -1.4198 -1.4946 3.9791, -1.3914 -1.5164 3.9791, -1.3583 -1.5301 3.9791, -1.3228 -1.5347 3.9791, -0.9878 -1.5953 3.9764, -0.9696 -1.6147 3.9797, -0.9695 -1.6147 3.9797, -0.9647 -1.6199 3.9806, -0.9379 -1.6498 3.9997, -0.9413 -1.6458 3.9954, -0.9474 -1.639 3.9902, -0.9523 -1.6336 3.9875, -0.9523 -1.6336 3.9874, -0.9378 -1.6498 3.9998, -0.9307 -1.658 4.0085, -0.9272 -1.662 4.0147, -0.9201 -1.6704 4.0348, -0.9202 -1.6702 4.0336, -0.9216 -1.6687 4.0287, -0.9268 -1.6626 4.0158, -0.918 -1.6729 4.0478, -0.9696 -1.5349 3.9797, -0.9695 -1.5349 3.9797, -0.9272 -1.4876 4.0147, -0.9267 -1.4869 4.0158, -0.9188 -1.4777 4.0406, -0.92 -1.4791 4.0348, -0.9202 -1.4794 4.0336, -0.9252 -1.4852 4.0189, -0.9376 -1.4995 3.9995, -0.937 -1.4988 4.0001, -0.9579 -1.5222 3.9836, -0.9524 -1.5161 3.9875, -0.9524 -1.5161 3.9875, -0.9413 -1.5038 3.9954, -0.9647 -1.5297 3.9806, -0.9878 -1.5543 3.9764, -0.9488 -1.5748 3.9869, -0.92 -1.5748 4.0158, -0.9678 -1.5748 3.9791, -0.9325 -1.5748 3.9994, -0.9376 -1.4995 3.9995, -0.9121 -1.5748 4.0347, -0.9201 -1.6704 4.0348, -1.7362 0.1181 -1.7323, -1.7362 0.1181 0.0787, -1.6761 0.1181 0.0787, -1.667 0.1181 -1.8993, -1.7046 0.1181 -1.8504, -1.7282 0.1181 -1.7934, -1.478 0.1181 0.0787, -1.2638 0.1181 0.0787, -1.5 0.1181 -1.9685, -1.2638 0.1181 -1.7323, -1.4389 0.1181 -1.9605, -1.6181 0.1181 -1.9369, -1.5611 0.1181 -1.9605, -1.2718 0.1181 -1.7934, -1.2954 0.1181 -1.8504, -1.333 0.1181 -1.8993, -1.3819 0.1181 -1.9369, -1.2638 -0.1181 -1.7323, -1.2638 -0.1181 0.0787, -1.478 -0.1181 0.0787, -1.5611 -0.1181 -1.9605, -1.5 -0.1181 -1.9685, -1.667 -0.1181 -1.8993, -1.6761 -0.1181 0.0787, -1.7362 -0.1181 0.0787, -1.7362 -0.1181 -1.7323, -1.7282 -0.1181 -1.7934, -1.7046 -0.1181 -1.8504, -1.4389 -0.1181 -1.9605, -1.3819 -0.1181 -1.9369, -1.333 -0.1181 -1.8993, -1.2954 -0.1181 -1.8504, -1.2718 -0.1181 -1.7934, -1.6181 -0.1181 -1.9369
            ]
        }
        coordIndex [
            0,1,2,-1,3,4,5,-1,0,2,6,-1,6,2,7,-1,6,7,8,-1,8,9,6,-1,6,9,10,-1,6,10,11,-1,12,13,14,-1,14,13,15,-1,14,15,11,-1,12,16,13,-1,13,16,17,-1,13,17,5,-1,5,17,18,-1,5,18,3,-1,4,0,5,-1,5,0,6,-1,5,6,19,-1,19,6,20,-1,19,20,15,-1,15,20,21,-1,15,21,11,-1,12,22,23,-1,24,25,16,-1,12,23,16,-1,16,23,26,-1,16,26,24,-1,25,27,16,-1,16,27,28,-1,16,28,3,-1,3,28,29,-1,3,29,30,-1,10,31,11,-1,11,31,32,-1,11,32,33,-1,30,34,3,-1,3,34,35,-1,3,35,4,-1,4,35,36,-1,4,36,37,-1,33,38,11,-1,11,38,39,-1,11,39,14,-1,14,39,40,-1,14,40,41,-1,42,5,43,-1,43,5,19,-1,43,19,44,-1,44,19,15,-1,44,15,45,-1,45,15,13,-1,45,13,42,-1,42,13,5,-1,46,47,20,-1,20,47,21,-1,48,49,17,-1,17,49,18,-1,50,51,52,-1,52,51,12,-1,52,12,53,-1,17,16,54,-1,12,14,53,-1,53,14,55,-1,53,55,56,-1,56,55,57,-1,56,57,58,-1,58,57,59,-1,58,59,60,-1,60,59,61,-1,60,61,62,-1,62,61,63,-1,62,63,64,-1,64,63,65,-1,64,65,66,-1,66,65,67,-1,66,67,68,-1,68,67,69,-1,68,69,70,-1,70,69,71,-1,70,71,72,-1,72,71,11,-1,72,11,47,-1,47,11,21,-1,48,17,73,-1,73,17,54,-1,73,54,74,-1,74,54,75,-1,74,75,76,-1,76,75,77,-1,76,77,78,-1,78,77,79,-1,78,79,80,-1,80,79,81,-1,80,81,82,-1,82,81,83,-1,82,83,84,-1,84,83,85,-1,85,83,86,-1,85,86,50,-1,50,86,87,-1,50,87,51,-1,88,89,90,-1,90,89,0,-1,90,0,91,-1,92,93,94,-1,94,93,95,-1,94,95,96,-1,96,95,97,-1,96,97,98,-1,98,97,99,-1,98,99,100,-1,92,3,93,-1,93,3,18,-1,93,18,49,-1,46,20,101,-1,101,20,6,-1,101,6,102,-1,102,6,103,-1,102,103,104,-1,104,103,105,-1,104,105,106,-1,106,105,107,-1,106,107,108,-1,108,107,109,-1,108,109,110,-1,110,109,111,-1,110,111,112,-1,112,111,113,-1,112,113,114,-1,114,113,115,-1,114,115,88,-1,88,115,116,-1,88,116,89,-1,0,4,91,-1,91,4,117,-1,91,117,118,-1,118,117,119,-1,118,119,120,-1,120,119,121,-1,120,121,122,-1,122,121,123,-1,122,123,124,-1,124,123,100,-1,124,100,125,-1,125,100,99,-1,126,127,128,-1,129,130,131,-1,132,133,134,-1,134,133,129,-1,134,129,135,-1,135,129,131,-1,136,137,129,-1,129,137,138,-1,129,138,130,-1,128,127,129,-1,129,127,139,-1,129,139,136,-1,140,141,142,-1,142,141,143,-1,142,143,128,-1,128,143,144,-1,128,144,126,-1,140,142,145,-1,145,142,146,-1,145,146,147,-1,148,149,146,-1,146,149,150,-1,146,150,147,-1,151,152,153,-1,153,152,154,-1,153,154,148,-1,148,154,155,-1,148,155,149,-1,151,153,156,-1,156,153,157,-1,156,157,158,-1,158,157,159,-1,159,157,160,-1,159,160,161,-1,162,163,164,-1,164,163,165,-1,164,165,160,-1,160,165,166,-1,160,166,161,-1,162,164,167,-1,167,164,168,-1,167,168,169,-1,170,171,172,-1,172,171,173,-1,172,173,168,-1,168,173,174,-1,168,174,169,-1,170,172,175,-1,175,172,176,-1,175,176,177,-1,178,179,180,-1,180,181,178,-1,178,181,182,-1,178,182,176,-1,176,182,183,-1,176,183,177,-1,184,185,178,-1,178,185,186,-1,178,186,179,-1,187,188,189,-1,189,188,190,-1,189,190,191,-1,187,192,188,-1,188,192,193,-1,188,193,178,-1,178,193,194,-1,178,194,184,-1,195,196,190,-1,190,196,197,-1,190,197,191,-1,198,199,200,-1,200,199,201,-1,200,201,195,-1,195,201,202,-1,195,202,196,-1,198,200,203,-1,203,200,204,-1,203,204,205,-1,205,204,206,-1,206,204,207,-1,206,207,208,-1,209,210,207,-1,207,210,211,-1,207,211,208,-1,212,213,214,-1,214,213,215,-1,214,215,209,-1,209,215,216,-1,209,216,210,-1,217,218,219,-1,217,219,214,-1,214,219,220,-1,214,220,212,-1,218,217,221,-1,221,217,222,-1,221,222,223,-1,132,224,133,-1,133,224,225,-1,133,225,222,-1,222,225,226,-1,222,226,223,-1,195,227,200,-1,200,227,228,-1,200,228,204,-1,204,228,229,-1,204,229,207,-1,207,229,230,-1,207,230,209,-1,176,231,178,-1,178,231,232,-1,178,232,188,-1,188,232,233,-1,188,233,190,-1,190,233,234,-1,190,234,195,-1,195,234,235,-1,195,235,227,-1,160,236,164,-1,164,236,237,-1,164,237,168,-1,168,237,238,-1,168,238,172,-1,172,238,239,-1,172,239,176,-1,176,239,240,-1,176,240,231,-1,146,241,148,-1,148,241,242,-1,148,242,153,-1,153,242,243,-1,153,243,157,-1,157,243,244,-1,157,244,160,-1,160,244,245,-1,160,245,236,-1,230,246,209,-1,209,246,247,-1,209,247,214,-1,214,247,248,-1,214,248,217,-1,217,248,249,-1,217,249,222,-1,222,249,250,-1,222,250,133,-1,133,250,251,-1,133,251,129,-1,251,252,129,-1,129,252,253,-1,129,253,128,-1,128,253,254,-1,128,254,142,-1,142,254,255,-1,142,255,146,-1,146,255,256,-1,146,256,241,-1,257,245,244,-1,258,236,259,-1,259,236,245,-1,259,245,260,-1,260,245,257,-1,258,261,236,-1,236,261,262,-1,236,262,237,-1,263,238,264,-1,264,238,237,-1,264,237,265,-1,265,237,262,-1,263,266,238,-1,238,266,267,-1,238,267,239,-1,268,240,269,-1,269,240,239,-1,269,239,270,-1,270,239,267,-1,268,271,240,-1,240,271,272,-1,240,272,231,-1,272,273,231,-1,231,273,274,-1,231,274,232,-1,275,233,276,-1,276,233,232,-1,276,232,277,-1,277,232,274,-1,275,278,233,-1,233,278,279,-1,233,279,234,-1,280,235,281,-1,281,235,234,-1,281,234,282,-1,282,234,279,-1,280,283,235,-1,235,283,284,-1,235,284,227,-1,285,228,286,-1,286,228,227,-1,286,227,287,-1,287,227,284,-1,285,288,228,-1,228,288,289,-1,228,289,229,-1,289,290,229,-1,229,290,291,-1,229,291,230,-1,292,246,293,-1,293,246,230,-1,293,230,294,-1,294,230,291,-1,292,295,246,-1,246,295,296,-1,246,296,247,-1,297,248,298,-1,298,248,247,-1,298,247,299,-1,299,247,296,-1,297,300,248,-1,248,300,301,-1,248,301,249,-1,302,250,303,-1,303,250,249,-1,303,249,304,-1,304,249,301,-1,302,305,250,-1,250,305,306,-1,250,306,251,-1,306,307,251,-1,251,307,308,-1,251,308,252,-1,309,253,310,-1,310,253,252,-1,310,252,311,-1,311,252,308,-1,309,312,253,-1,253,312,313,-1,253,313,254,-1,314,255,315,-1,315,255,254,-1,315,254,316,-1,316,254,313,-1,314,317,255,-1,255,317,318,-1,255,318,256,-1,319,241,320,-1,320,241,256,-1,320,256,321,-1,321,256,318,-1,319,322,241,-1,241,322,323,-1,241,323,242,-1,323,324,242,-1,242,324,325,-1,242,325,243,-1,325,326,243,-1,243,326,327,-1,243,327,244,-1,244,327,328,-1,244,328,257,-1,329,330,331,-1,329,331,332,-1,333,334,331,-1,331,334,335,-1,335,336,331,-1,331,336,337,-1,331,337,332,-1,338,339,40,-1,40,339,340,-1,40,340,41,-1,338,40,341,-1,341,40,39,-1,341,39,342,-1,38,343,344,-1,344,345,38,-1,38,345,346,-1,38,346,39,-1,39,346,347,-1,39,347,342,-1,343,38,348,-1,348,38,33,-1,348,33,349,-1,350,351,32,-1,32,351,352,-1,32,352,33,-1,33,352,353,-1,33,353,349,-1,31,354,355,-1,31,355,32,-1,32,355,356,-1,32,356,350,-1,357,358,10,-1,10,358,359,-1,10,359,31,-1,31,359,360,-1,31,360,354,-1,357,10,361,-1,361,10,9,-1,361,9,362,-1,363,364,8,-1,8,364,365,-1,8,365,9,-1,9,365,366,-1,9,366,362,-1,367,368,7,-1,7,368,369,-1,7,369,8,-1,8,369,370,-1,8,370,363,-1,2,1,371,-1,371,372,2,-1,2,372,373,-1,2,373,7,-1,7,373,374,-1,7,374,367,-1,375,376,25,-1,377,378,30,-1,379,37,36,-1,379,36,380,-1,35,381,382,-1,382,383,35,-1,35,383,384,-1,35,384,36,-1,36,384,385,-1,36,385,380,-1,381,35,386,-1,386,35,34,-1,386,34,387,-1,378,388,30,-1,30,388,389,-1,30,389,34,-1,34,389,390,-1,34,390,387,-1,28,391,392,-1,28,392,29,-1,392,393,29,-1,29,393,394,-1,29,394,30,-1,30,394,395,-1,30,395,377,-1,27,396,28,-1,28,396,397,-1,28,397,391,-1,376,398,25,-1,25,398,399,-1,25,399,27,-1,27,399,400,-1,27,400,396,-1,375,25,401,-1,401,25,24,-1,401,24,402,-1,26,403,24,-1,24,403,404,-1,24,404,402,-1,405,406,26,-1,26,406,407,-1,26,407,403,-1,23,22,408,-1,408,409,23,-1,23,409,410,-1,23,410,26,-1,26,410,411,-1,26,411,405,-1,326,325,412,-1,324,323,413,-1,319,320,414,-1,321,318,415,-1,314,315,416,-1,309,310,417,-1,311,308,418,-1,307,306,419,-1,302,303,420,-1,304,301,421,-1,297,298,422,-1,292,293,423,-1,290,289,424,-1,285,286,425,-1,287,284,426,-1,280,281,427,-1,282,279,428,-1,275,276,429,-1,273,272,430,-1,268,269,431,-1,270,267,432,-1,263,264,433,-1,265,262,434,-1,258,259,435,-1,436,437,438,-1,439,440,441,-1,442,443,444,-1,445,446,447,-1,448,449,450,-1,451,452,453,-1,454,455,456,-1,457,458,459,-1,460,461,462,-1,463,464,465,-1,333,466,467,-1,468,469,470,-1,333,467,334,-1,460,462,471,-1,451,453,472,-1,439,441,473,-1,469,474,470,-1,470,474,475,-1,470,475,476,-1,476,475,477,-1,476,477,478,-1,478,477,479,-1,478,479,480,-1,480,479,481,-1,480,481,482,-1,482,481,483,-1,482,483,484,-1,484,483,435,-1,464,485,465,-1,465,485,486,-1,465,486,487,-1,487,486,488,-1,487,488,489,-1,489,488,490,-1,489,490,491,-1,491,490,492,-1,491,492,493,-1,493,492,494,-1,493,494,495,-1,495,494,429,-1,455,496,456,-1,456,496,497,-1,456,497,498,-1,498,497,499,-1,498,499,500,-1,500,499,501,-1,500,501,502,-1,502,501,503,-1,502,503,504,-1,504,503,505,-1,504,505,506,-1,506,505,423,-1,452,507,453,-1,453,507,508,-1,453,508,509,-1,509,508,510,-1,509,510,511,-1,511,510,512,-1,511,512,513,-1,513,512,514,-1,513,514,515,-1,515,514,516,-1,515,516,517,-1,517,516,422,-1,518,519,520,-1,520,519,521,-1,520,521,522,-1,522,521,523,-1,522,523,524,-1,524,523,525,-1,524,525,526,-1,526,525,527,-1,526,527,528,-1,528,527,529,-1,528,529,530,-1,530,529,416,-1,437,468,438,-1,438,468,470,-1,438,470,531,-1,531,470,476,-1,531,476,532,-1,532,476,478,-1,532,478,533,-1,533,478,480,-1,533,480,534,-1,534,480,482,-1,534,482,535,-1,535,482,484,-1,535,484,328,-1,328,484,257,-1,435,259,484,-1,484,259,260,-1,484,260,257,-1,261,258,536,-1,536,258,435,-1,536,435,537,-1,537,435,483,-1,537,483,538,-1,538,483,481,-1,538,481,539,-1,539,481,479,-1,539,479,540,-1,540,479,477,-1,540,477,541,-1,541,477,475,-1,541,475,330,-1,330,475,474,-1,541,542,540,-1,540,542,543,-1,540,543,539,-1,539,543,544,-1,539,544,538,-1,538,544,545,-1,538,545,537,-1,537,545,546,-1,537,546,536,-1,536,546,434,-1,536,434,261,-1,261,434,262,-1,264,265,433,-1,433,265,434,-1,433,434,547,-1,547,434,546,-1,547,546,548,-1,548,546,545,-1,548,545,549,-1,549,545,544,-1,549,544,550,-1,550,544,543,-1,550,543,551,-1,551,543,542,-1,266,263,552,-1,552,263,433,-1,552,433,553,-1,553,433,547,-1,553,547,554,-1,554,547,548,-1,554,548,555,-1,555,548,549,-1,555,549,556,-1,556,549,550,-1,556,550,557,-1,557,550,551,-1,557,558,556,-1,556,558,559,-1,556,559,555,-1,555,559,560,-1,555,560,554,-1,554,560,561,-1,554,561,553,-1,553,561,562,-1,553,562,552,-1,552,562,432,-1,552,432,266,-1,266,432,267,-1,269,270,431,-1,431,270,432,-1,431,432,563,-1,563,432,562,-1,563,562,564,-1,564,562,561,-1,564,561,565,-1,565,561,560,-1,565,560,566,-1,566,560,559,-1,566,559,567,-1,567,559,558,-1,271,268,568,-1,568,268,431,-1,568,431,569,-1,569,431,563,-1,569,563,570,-1,570,563,564,-1,570,564,571,-1,571,564,565,-1,571,565,572,-1,572,565,566,-1,572,566,467,-1,467,566,567,-1,467,567,334,-1,334,567,558,-1,334,558,335,-1,335,558,557,-1,335,557,336,-1,336,557,551,-1,336,551,337,-1,337,551,542,-1,337,542,332,-1,332,542,541,-1,332,541,329,-1,329,541,330,-1,466,573,467,-1,467,573,574,-1,467,574,572,-1,572,574,575,-1,572,575,571,-1,571,575,576,-1,571,576,570,-1,570,576,577,-1,570,577,569,-1,569,577,578,-1,569,578,568,-1,568,578,430,-1,568,430,271,-1,271,430,272,-1,274,273,495,-1,495,273,430,-1,495,430,493,-1,493,430,578,-1,493,578,491,-1,491,578,577,-1,491,577,489,-1,489,577,576,-1,489,576,487,-1,487,576,575,-1,487,575,465,-1,465,575,574,-1,465,574,463,-1,463,574,573,-1,429,276,495,-1,495,276,277,-1,495,277,274,-1,278,275,579,-1,579,275,429,-1,579,429,580,-1,580,429,494,-1,580,494,581,-1,581,494,492,-1,581,492,582,-1,582,492,490,-1,582,490,583,-1,583,490,488,-1,583,488,462,-1,462,488,486,-1,462,486,471,-1,471,486,485,-1,461,584,462,-1,462,584,585,-1,462,585,583,-1,583,585,586,-1,583,586,582,-1,582,586,587,-1,582,587,581,-1,581,587,588,-1,581,588,580,-1,580,588,589,-1,580,589,579,-1,579,589,428,-1,579,428,278,-1,278,428,279,-1,281,282,427,-1,427,282,428,-1,427,428,590,-1,590,428,589,-1,590,589,591,-1,591,589,588,-1,591,588,592,-1,592,588,587,-1,592,587,593,-1,593,587,586,-1,593,586,594,-1,594,586,585,-1,594,585,595,-1,595,585,584,-1,283,280,596,-1,596,280,427,-1,596,427,597,-1,597,427,590,-1,597,590,598,-1,598,590,591,-1,598,591,599,-1,599,591,592,-1,599,592,600,-1,600,592,593,-1,600,593,601,-1,601,593,594,-1,601,594,602,-1,602,594,595,-1,602,603,601,-1,601,603,604,-1,601,604,600,-1,600,604,605,-1,600,605,599,-1,599,605,606,-1,599,606,598,-1,598,606,607,-1,598,607,597,-1,597,607,608,-1,597,608,596,-1,596,608,426,-1,596,426,283,-1,283,426,284,-1,286,287,425,-1,425,287,426,-1,425,426,609,-1,609,426,608,-1,609,608,610,-1,610,608,607,-1,610,607,611,-1,611,607,606,-1,611,606,612,-1,612,606,605,-1,612,605,613,-1,613,605,604,-1,613,604,614,-1,614,604,603,-1,288,285,615,-1,615,285,425,-1,615,425,616,-1,616,425,609,-1,616,609,617,-1,617,609,610,-1,617,610,618,-1,618,610,611,-1,618,611,619,-1,619,611,612,-1,619,612,620,-1,620,612,613,-1,620,613,621,-1,621,613,614,-1,621,457,620,-1,620,457,459,-1,620,459,619,-1,619,459,622,-1,619,622,618,-1,618,622,623,-1,618,623,617,-1,617,623,624,-1,617,624,616,-1,616,624,625,-1,616,625,615,-1,615,625,424,-1,615,424,288,-1,288,424,289,-1,291,290,506,-1,506,290,424,-1,506,424,504,-1,504,424,625,-1,504,625,502,-1,502,625,624,-1,502,624,500,-1,500,624,623,-1,500,623,498,-1,498,623,622,-1,498,622,456,-1,456,622,459,-1,456,459,454,-1,454,459,458,-1,423,293,506,-1,506,293,294,-1,506,294,291,-1,295,292,626,-1,626,292,423,-1,626,423,627,-1,627,423,505,-1,627,505,628,-1,628,505,503,-1,628,503,629,-1,629,503,501,-1,629,501,630,-1,630,501,499,-1,630,499,631,-1,631,499,497,-1,631,497,632,-1,632,497,496,-1,632,472,631,-1,631,472,453,-1,631,453,630,-1,630,453,509,-1,630,509,629,-1,629,509,511,-1,629,511,628,-1,628,511,513,-1,628,513,627,-1,627,513,515,-1,627,515,626,-1,626,515,517,-1,626,517,295,-1,295,517,296,-1,422,298,517,-1,517,298,299,-1,517,299,296,-1,300,297,633,-1,633,297,422,-1,633,422,634,-1,634,422,516,-1,634,516,635,-1,635,516,514,-1,635,514,636,-1,636,514,512,-1,636,512,637,-1,637,512,510,-1,637,510,638,-1,638,510,508,-1,638,508,639,-1,639,508,507,-1,639,640,638,-1,638,640,641,-1,638,641,637,-1,637,641,642,-1,637,642,636,-1,636,642,643,-1,636,643,635,-1,635,643,644,-1,635,644,634,-1,634,644,645,-1,634,645,633,-1,633,645,421,-1,633,421,300,-1,300,421,301,-1,303,304,420,-1,420,304,421,-1,420,421,646,-1,646,421,645,-1,646,645,647,-1,647,645,644,-1,647,644,648,-1,648,644,643,-1,648,643,649,-1,649,643,642,-1,649,642,650,-1,650,642,641,-1,650,641,651,-1,651,641,640,-1,305,302,652,-1,652,302,420,-1,652,420,653,-1,653,420,646,-1,653,646,654,-1,654,646,647,-1,654,647,655,-1,655,647,648,-1,655,648,656,-1,656,648,649,-1,656,649,657,-1,657,649,650,-1,657,650,658,-1,658,650,651,-1,658,659,657,-1,657,659,660,-1,657,660,656,-1,656,660,661,-1,656,661,655,-1,655,661,662,-1,655,662,654,-1,654,662,663,-1,654,663,653,-1,653,663,664,-1,653,664,652,-1,652,664,419,-1,652,419,305,-1,305,419,306,-1,308,307,418,-1,418,307,419,-1,418,419,665,-1,665,419,664,-1,665,664,666,-1,666,664,663,-1,666,663,667,-1,667,663,662,-1,667,662,668,-1,668,662,661,-1,668,661,450,-1,450,661,660,-1,450,660,448,-1,448,660,659,-1,310,311,417,-1,417,311,418,-1,417,418,669,-1,669,418,665,-1,669,665,670,-1,670,665,666,-1,670,666,671,-1,671,666,667,-1,671,667,672,-1,672,667,668,-1,672,668,447,-1,447,668,450,-1,447,450,445,-1,445,450,449,-1,312,309,673,-1,673,309,417,-1,673,417,674,-1,674,417,669,-1,674,669,675,-1,675,669,670,-1,675,670,676,-1,676,670,671,-1,676,671,677,-1,677,671,672,-1,677,672,444,-1,444,672,447,-1,444,447,442,-1,442,447,446,-1,443,518,444,-1,444,518,520,-1,444,520,677,-1,677,520,522,-1,677,522,676,-1,676,522,524,-1,676,524,675,-1,675,524,526,-1,675,526,674,-1,674,526,528,-1,674,528,673,-1,673,528,530,-1,673,530,312,-1,312,530,313,-1,416,315,530,-1,530,315,316,-1,530,316,313,-1,317,314,678,-1,678,314,416,-1,678,416,679,-1,679,416,529,-1,679,529,680,-1,680,529,527,-1,680,527,681,-1,681,527,525,-1,681,525,682,-1,682,525,523,-1,682,523,683,-1,683,523,521,-1,683,684,682,-1,682,684,685,-1,682,685,681,-1,681,685,686,-1,681,686,680,-1,680,686,687,-1,680,687,679,-1,679,687,688,-1,679,688,678,-1,678,688,415,-1,678,415,317,-1,317,415,318,-1,320,321,414,-1,414,321,415,-1,414,415,689,-1,689,415,688,-1,689,688,690,-1,690,688,687,-1,690,687,691,-1,691,687,686,-1,691,686,692,-1,692,686,685,-1,692,685,693,-1,693,685,684,-1,322,319,694,-1,694,319,414,-1,694,414,695,-1,695,414,689,-1,695,689,696,-1,696,689,690,-1,696,690,697,-1,697,690,691,-1,697,691,698,-1,698,691,692,-1,698,692,699,-1,699,692,693,-1,699,700,698,-1,698,700,701,-1,698,701,697,-1,697,701,702,-1,697,702,696,-1,696,702,703,-1,696,703,695,-1,695,703,704,-1,695,704,694,-1,694,704,413,-1,694,413,322,-1,322,413,323,-1,325,324,412,-1,412,324,413,-1,412,413,705,-1,705,413,704,-1,705,704,706,-1,706,704,703,-1,706,703,707,-1,707,703,702,-1,707,702,708,-1,708,702,701,-1,708,701,441,-1,441,701,700,-1,441,700,473,-1,473,700,699,-1,473,699,709,-1,709,699,693,-1,709,693,710,-1,710,693,684,-1,710,684,711,-1,711,684,683,-1,711,683,712,-1,712,683,521,-1,712,521,713,-1,713,521,519,-1,327,326,714,-1,714,326,412,-1,714,412,715,-1,715,412,705,-1,715,705,716,-1,716,705,706,-1,716,706,717,-1,717,706,707,-1,717,707,718,-1,718,707,708,-1,718,708,719,-1,719,708,441,-1,719,441,720,-1,720,441,440,-1,720,436,719,-1,719,436,438,-1,719,438,718,-1,718,438,531,-1,718,531,717,-1,717,531,532,-1,717,532,716,-1,716,532,533,-1,716,533,715,-1,715,533,534,-1,715,534,714,-1,714,534,535,-1,714,535,327,-1,327,535,328,-1,721,722,723,-1,723,722,724,-1,722,721,725,-1,440,439,726,-1,440,726,720,-1,720,726,727,-1,720,727,728,-1,729,436,730,-1,730,436,720,-1,730,720,731,-1,731,720,728,-1,729,732,436,-1,436,732,733,-1,436,733,734,-1,735,736,468,-1,468,736,737,-1,468,737,738,-1,738,739,468,-1,468,739,740,-1,468,740,469,-1,740,741,469,-1,469,741,742,-1,469,742,743,-1,743,744,469,-1,469,744,745,-1,469,745,474,-1,474,745,330,-1,734,722,436,-1,436,722,725,-1,436,725,437,-1,437,725,746,-1,437,746,468,-1,468,746,747,-1,468,747,735,-1,748,749,735,-1,735,749,736,-1,750,751,752,-1,752,751,753,-1,751,750,754,-1,466,333,755,-1,466,755,573,-1,573,755,756,-1,573,756,757,-1,758,463,759,-1,759,463,573,-1,759,573,760,-1,760,573,757,-1,758,761,463,-1,463,761,762,-1,463,762,763,-1,764,765,471,-1,471,765,766,-1,471,766,460,-1,767,768,485,-1,768,769,485,-1,485,769,770,-1,485,770,771,-1,771,772,485,-1,485,772,773,-1,485,773,471,-1,471,773,774,-1,471,774,764,-1,763,751,463,-1,463,751,754,-1,463,754,464,-1,464,754,775,-1,464,775,485,-1,485,775,776,-1,485,776,767,-1,777,778,767,-1,767,778,768,-1,779,780,781,-1,781,780,782,-1,783,451,472,-1,780,779,784,-1,458,457,785,-1,786,787,454,-1,785,788,458,-1,458,788,789,-1,458,789,454,-1,454,789,790,-1,454,790,786,-1,787,791,454,-1,454,791,792,-1,454,792,793,-1,783,472,794,-1,795,796,632,-1,796,797,632,-1,632,797,798,-1,632,798,799,-1,799,800,632,-1,632,800,801,-1,632,801,472,-1,472,801,802,-1,472,802,794,-1,793,780,454,-1,454,780,784,-1,454,784,455,-1,455,784,803,-1,455,803,496,-1,496,803,804,-1,496,804,632,-1,632,804,805,-1,632,805,795,-1,806,807,805,-1,805,807,795,-1,808,809,810,-1,810,809,811,-1,809,808,812,-1,449,448,813,-1,813,814,449,-1,449,814,815,-1,449,815,445,-1,815,816,445,-1,445,816,817,-1,445,817,818,-1,819,820,442,-1,442,820,821,-1,442,821,822,-1,822,823,442,-1,442,823,824,-1,442,824,443,-1,443,824,825,-1,443,825,826,-1,826,827,443,-1,443,827,828,-1,443,828,518,-1,518,828,829,-1,518,829,519,-1,818,809,445,-1,445,809,812,-1,445,812,446,-1,446,812,830,-1,446,830,442,-1,442,830,831,-1,442,831,819,-1,832,833,819,-1,819,833,820,-1,834,835,836,-1,837,838,839,-1,840,841,842,-1,834,836,843,-1,844,845,846,-1,846,845,847,-1,846,847,848,-1,849,844,850,-1,850,844,846,-1,850,846,835,-1,835,846,851,-1,835,851,836,-1,836,851,852,-1,836,852,853,-1,854,855,856,-1,850,857,858,-1,849,850,859,-1,859,850,858,-1,859,858,860,-1,861,837,862,-1,862,837,839,-1,862,839,848,-1,848,839,863,-1,848,863,846,-1,864,840,865,-1,865,840,842,-1,865,842,866,-1,866,842,867,-1,866,867,836,-1,836,867,868,-1,836,868,843,-1,869,854,870,-1,870,854,856,-1,870,856,871,-1,871,856,872,-1,871,872,852,-1,852,872,873,-1,852,873,853,-1,768,778,769,-1,769,778,874,-1,769,874,770,-1,770,874,771,-1,771,874,875,-1,771,875,772,-1,772,875,773,-1,773,875,876,-1,773,876,774,-1,774,876,764,-1,764,876,877,-1,764,877,765,-1,765,877,878,-1,765,878,766,-1,766,878,879,-1,766,879,460,-1,457,879,880,-1,457,880,785,-1,785,880,881,-1,785,881,788,-1,788,881,789,-1,789,881,882,-1,789,882,790,-1,790,882,786,-1,786,882,883,-1,786,883,787,-1,787,883,791,-1,791,883,884,-1,791,884,792,-1,792,884,793,-1,793,884,782,-1,793,782,780,-1,795,807,796,-1,796,807,885,-1,796,885,797,-1,797,885,798,-1,798,885,886,-1,798,886,799,-1,799,886,800,-1,800,886,887,-1,800,887,801,-1,801,887,802,-1,802,887,888,-1,802,888,794,-1,794,888,889,-1,794,889,783,-1,783,889,890,-1,783,890,451,-1,448,890,891,-1,448,891,813,-1,813,891,892,-1,813,892,814,-1,892,893,814,-1,814,893,894,-1,814,894,815,-1,894,895,815,-1,815,895,896,-1,815,896,816,-1,896,897,816,-1,816,897,898,-1,816,898,817,-1,898,899,817,-1,817,899,900,-1,817,900,818,-1,900,901,818,-1,818,901,811,-1,818,811,809,-1,782,884,902,-1,903,904,905,-1,879,878,906,-1,905,904,879,-1,907,879,904,-1,907,904,908,-1,908,904,903,-1,908,903,909,-1,880,879,907,-1,910,911,912,-1,912,911,906,-1,912,906,913,-1,913,906,878,-1,913,878,877,-1,880,907,881,-1,881,907,908,-1,881,908,882,-1,882,908,909,-1,882,909,883,-1,914,910,915,-1,915,910,912,-1,915,912,916,-1,916,912,913,-1,916,913,917,-1,917,913,877,-1,917,877,876,-1,918,914,919,-1,919,914,915,-1,919,915,920,-1,920,915,916,-1,920,916,921,-1,921,916,917,-1,921,917,922,-1,922,917,876,-1,922,876,875,-1,884,918,902,-1,902,918,919,-1,902,919,923,-1,923,919,920,-1,923,920,924,-1,924,920,921,-1,924,921,925,-1,925,921,922,-1,925,922,926,-1,926,922,875,-1,926,875,874,-1,782,902,927,-1,927,902,923,-1,927,923,928,-1,928,923,924,-1,928,924,929,-1,929,924,925,-1,929,925,930,-1,930,925,926,-1,930,926,931,-1,931,926,874,-1,931,874,778,-1,911,879,906,-1,884,883,918,-1,918,883,909,-1,918,909,914,-1,914,909,903,-1,914,903,910,-1,910,903,905,-1,910,905,911,-1,911,905,879,-1,932,933,934,-1,933,935,934,-1,934,935,936,-1,934,936,937,-1,937,936,938,-1,937,938,939,-1,940,941,942,-1,941,940,943,-1,943,940,944,-1,943,944,945,-1,946,947,948,-1,948,947,949,-1,948,949,944,-1,944,949,950,-1,944,950,945,-1,951,952,953,-1,953,954,951,-1,951,954,955,-1,951,955,948,-1,948,955,956,-1,948,956,946,-1,957,805,804,-1,779,958,784,-1,784,958,952,-1,784,952,803,-1,803,952,951,-1,803,951,804,-1,804,951,959,-1,804,959,957,-1,960,961,948,-1,948,961,962,-1,948,962,951,-1,951,962,963,-1,951,963,959,-1,964,965,944,-1,944,965,966,-1,944,966,948,-1,948,966,967,-1,948,967,960,-1,968,969,934,-1,934,969,940,-1,934,940,932,-1,932,940,942,-1,969,970,940,-1,940,970,971,-1,940,971,944,-1,944,971,972,-1,944,972,964,-1,857,937,858,-1,858,937,939,-1,858,939,860,-1,857,973,937,-1,937,973,974,-1,937,974,934,-1,934,974,975,-1,934,975,968,-1,899,898,976,-1,897,896,977,-1,978,979,980,-1,890,889,981,-1,980,979,890,-1,891,890,979,-1,895,894,978,-1,978,894,893,-1,978,893,979,-1,979,893,892,-1,979,892,891,-1,982,983,984,-1,984,983,981,-1,984,981,985,-1,985,981,889,-1,985,889,888,-1,896,895,977,-1,977,895,978,-1,977,978,986,-1,986,978,980,-1,986,980,987,-1,987,980,890,-1,988,982,989,-1,989,982,984,-1,989,984,990,-1,990,984,985,-1,990,985,991,-1,991,985,888,-1,991,888,887,-1,976,988,992,-1,992,988,989,-1,992,989,993,-1,993,989,990,-1,993,990,994,-1,994,990,991,-1,994,991,995,-1,995,991,887,-1,995,887,886,-1,901,900,996,-1,996,900,899,-1,899,976,996,-1,996,976,992,-1,996,992,997,-1,997,992,993,-1,997,993,998,-1,998,993,994,-1,998,994,999,-1,999,994,995,-1,999,995,1000,-1,1000,995,886,-1,1000,886,885,-1,1001,811,901,-1,901,996,1001,-1,1001,996,997,-1,1001,997,1002,-1,1002,997,998,-1,1002,998,1003,-1,1003,998,999,-1,1003,999,1004,-1,1004,999,1000,-1,1004,1000,1005,-1,1005,1000,885,-1,1005,885,807,-1,983,890,981,-1,898,897,976,-1,976,897,977,-1,976,977,988,-1,988,977,986,-1,988,986,982,-1,982,986,987,-1,982,987,983,-1,983,987,890,-1,778,777,1006,-1,778,1006,931,-1,931,1006,1007,-1,931,1007,930,-1,930,1007,1008,-1,930,1008,929,-1,929,1008,1009,-1,929,1009,928,-1,928,1009,1010,-1,928,1010,927,-1,927,1010,781,-1,927,781,782,-1,938,936,1011,-1,933,932,1012,-1,958,779,781,-1,955,954,1013,-1,1013,954,953,-1,1013,953,781,-1,781,953,952,-1,781,952,958,-1,949,947,1014,-1,1014,947,946,-1,1014,946,1013,-1,1013,946,956,-1,1013,956,955,-1,1012,932,1015,-1,1015,932,942,-1,1015,942,941,-1,941,943,1015,-1,1015,943,945,-1,1015,945,1014,-1,1014,945,950,-1,1014,950,949,-1,1011,936,1012,-1,1012,936,935,-1,1012,935,933,-1,859,860,1011,-1,1011,860,939,-1,1011,939,938,-1,857,850,973,-1,973,850,1016,-1,973,1016,974,-1,970,969,1017,-1,1017,969,968,-1,1017,968,1016,-1,1016,968,975,-1,1016,975,974,-1,970,1017,971,-1,971,1017,1018,-1,971,1018,972,-1,1019,960,967,-1,967,966,1019,-1,1019,966,965,-1,1019,965,1018,-1,1018,965,964,-1,1018,964,972,-1,960,1019,961,-1,961,1019,1020,-1,961,1020,962,-1,805,957,806,-1,806,957,959,-1,806,959,1020,-1,1020,959,963,-1,1020,963,962,-1,810,811,1001,-1,810,1001,1021,-1,1021,1001,1002,-1,1021,1002,1022,-1,1022,1002,1003,-1,1022,1003,1023,-1,1023,1003,1004,-1,1023,1004,1024,-1,1024,1004,1005,-1,1024,1005,1025,-1,1025,1005,807,-1,1025,807,806,-1,777,1026,1006,-1,1006,1026,1027,-1,1006,1027,1007,-1,1007,1027,1028,-1,1007,1028,1008,-1,1008,1028,1029,-1,1008,1029,1009,-1,1009,1029,1030,-1,1009,1030,1010,-1,1010,1030,1031,-1,1010,1031,781,-1,781,1031,1013,-1,1026,1032,1027,-1,1027,1032,1033,-1,1027,1033,1028,-1,1028,1033,1034,-1,1028,1034,1029,-1,1029,1034,1035,-1,1029,1035,1030,-1,1030,1035,1036,-1,1030,1036,1031,-1,1031,1036,1037,-1,1031,1037,1013,-1,1013,1037,1014,-1,1032,1038,1033,-1,1033,1038,1039,-1,1033,1039,1034,-1,1034,1039,1040,-1,1034,1040,1035,-1,1035,1040,1041,-1,1035,1041,1036,-1,1036,1041,1042,-1,1036,1042,1037,-1,1037,1042,1043,-1,1037,1043,1014,-1,1014,1043,1015,-1,1038,1044,1039,-1,1039,1044,1045,-1,1039,1045,1040,-1,1040,1045,1046,-1,1040,1046,1041,-1,1041,1046,1047,-1,1041,1047,1042,-1,1042,1047,1048,-1,1042,1048,1043,-1,1043,1048,1049,-1,1043,1049,1015,-1,1015,1049,1012,-1,1044,1050,1045,-1,1045,1050,1051,-1,1045,1051,1046,-1,1046,1051,1052,-1,1046,1052,1047,-1,1047,1052,1053,-1,1047,1053,1048,-1,1048,1053,1054,-1,1048,1054,1049,-1,1049,1054,1055,-1,1049,1055,1012,-1,1012,1055,1011,-1,1050,862,1051,-1,1051,862,848,-1,1051,848,1052,-1,1052,848,847,-1,1052,847,1053,-1,1053,847,845,-1,1053,845,1054,-1,1054,845,844,-1,1054,844,1055,-1,1055,844,849,-1,1055,849,1011,-1,1011,849,859,-1,806,1020,1025,-1,1025,1020,1056,-1,1025,1056,1024,-1,1024,1056,1057,-1,1024,1057,1023,-1,1023,1057,1058,-1,1023,1058,1022,-1,1022,1058,1059,-1,1022,1059,1021,-1,1021,1059,1060,-1,1021,1060,810,-1,810,1060,1061,-1,1020,1019,1056,-1,1056,1019,1062,-1,1056,1062,1057,-1,1057,1062,1063,-1,1057,1063,1058,-1,1058,1063,1064,-1,1058,1064,1059,-1,1059,1064,1065,-1,1059,1065,1060,-1,1060,1065,1066,-1,1060,1066,1061,-1,1061,1066,1067,-1,1019,1018,1062,-1,1062,1018,1068,-1,1062,1068,1063,-1,1063,1068,1069,-1,1063,1069,1064,-1,1064,1069,1070,-1,1064,1070,1065,-1,1065,1070,1071,-1,1065,1071,1066,-1,1066,1071,1072,-1,1066,1072,1067,-1,1067,1072,1073,-1,1018,1017,1068,-1,1068,1017,1074,-1,1068,1074,1069,-1,1069,1074,1075,-1,1069,1075,1070,-1,1070,1075,1076,-1,1070,1076,1071,-1,1071,1076,1077,-1,1071,1077,1072,-1,1072,1077,1078,-1,1072,1078,1073,-1,1073,1078,1079,-1,1017,1016,1074,-1,1074,1016,1080,-1,1074,1080,1075,-1,1075,1080,1081,-1,1075,1081,1076,-1,1076,1081,1082,-1,1076,1082,1077,-1,1077,1082,1083,-1,1077,1083,1078,-1,1078,1083,1084,-1,1078,1084,1079,-1,1079,1084,1085,-1,1016,850,1080,-1,1080,850,835,-1,1080,835,1081,-1,1081,835,834,-1,1081,834,1082,-1,1082,834,843,-1,1082,843,1083,-1,1083,843,868,-1,1083,868,1084,-1,1084,868,867,-1,1084,867,1085,-1,1085,867,842,-1,736,749,737,-1,737,749,1086,-1,737,1086,738,-1,738,1086,739,-1,739,1086,1087,-1,739,1087,740,-1,740,1087,741,-1,741,1087,1088,-1,741,1088,742,-1,742,1088,743,-1,743,1088,1089,-1,743,1089,744,-1,744,1089,1090,-1,744,1090,745,-1,745,1090,331,-1,745,331,330,-1,333,331,1091,-1,333,1091,755,-1,755,1091,1092,-1,755,1092,756,-1,756,1092,757,-1,757,1092,1093,-1,757,1093,760,-1,760,1093,759,-1,759,1093,1094,-1,759,1094,758,-1,758,1094,761,-1,761,1094,1095,-1,761,1095,762,-1,762,1095,763,-1,763,1095,753,-1,763,753,751,-1,861,862,1096,-1,1096,862,1097,-1,1097,862,1098,-1,1098,862,1050,-1,1098,1050,1099,-1,1044,1100,1101,-1,1101,1102,1044,-1,1044,1102,1103,-1,1044,1103,1050,-1,1050,1103,1104,-1,1050,1104,1099,-1,1100,1044,1105,-1,1105,1044,1038,-1,1105,1038,1106,-1,1106,1038,1032,-1,1106,1032,1107,-1,1108,1109,1026,-1,1026,1109,1110,-1,1026,1110,1032,-1,1032,1110,1111,-1,1032,1111,1107,-1,1108,1026,1112,-1,1112,1026,777,-1,1112,777,767,-1,1113,1114,1085,-1,1115,1116,1067,-1,808,810,1117,-1,1117,810,1061,-1,1117,1061,1118,-1,1118,1061,1119,-1,1067,1116,1061,-1,1061,1116,1120,-1,1061,1120,1119,-1,1073,1121,1067,-1,1067,1121,1122,-1,1067,1122,1115,-1,1123,1124,1079,-1,1079,1124,1125,-1,1079,1125,1073,-1,1073,1125,1126,-1,1073,1126,1121,-1,1085,1114,1079,-1,1079,1114,1127,-1,1079,1127,1123,-1,842,841,1085,-1,1085,841,1128,-1,1085,1128,1113,-1,820,833,821,-1,821,833,1129,-1,821,1129,822,-1,822,1129,823,-1,823,1129,1130,-1,823,1130,824,-1,824,1130,825,-1,825,1130,1131,-1,825,1131,826,-1,826,1131,827,-1,827,1131,1132,-1,827,1132,828,-1,828,1132,1133,-1,828,1133,829,-1,829,1133,1134,-1,829,1134,519,-1,439,1134,1135,-1,439,1135,726,-1,726,1135,1136,-1,726,1136,727,-1,727,1136,728,-1,728,1136,1137,-1,728,1137,731,-1,731,1137,730,-1,730,1137,1138,-1,730,1138,729,-1,729,1138,732,-1,732,1138,1139,-1,732,1139,733,-1,733,1139,734,-1,734,1139,724,-1,734,724,722,-1,753,1095,1140,-1,1141,1142,1143,-1,331,1090,1144,-1,1143,1142,331,-1,1145,331,1142,-1,1145,1142,1146,-1,1146,1142,1141,-1,1146,1141,1147,-1,1091,331,1145,-1,1148,1149,1150,-1,1150,1149,1144,-1,1150,1144,1151,-1,1151,1144,1090,-1,1151,1090,1089,-1,1091,1145,1092,-1,1092,1145,1146,-1,1092,1146,1093,-1,1093,1146,1147,-1,1093,1147,1094,-1,1152,1148,1153,-1,1153,1148,1150,-1,1153,1150,1154,-1,1154,1150,1151,-1,1154,1151,1155,-1,1155,1151,1089,-1,1155,1089,1088,-1,1156,1152,1157,-1,1157,1152,1153,-1,1157,1153,1158,-1,1158,1153,1154,-1,1158,1154,1159,-1,1159,1154,1155,-1,1159,1155,1160,-1,1160,1155,1088,-1,1160,1088,1087,-1,1095,1156,1140,-1,1140,1156,1157,-1,1140,1157,1161,-1,1161,1157,1158,-1,1161,1158,1162,-1,1162,1158,1159,-1,1162,1159,1163,-1,1163,1159,1160,-1,1163,1160,1164,-1,1164,1160,1087,-1,1164,1087,1086,-1,753,1140,1165,-1,1165,1140,1161,-1,1165,1161,1166,-1,1166,1161,1162,-1,1166,1162,1167,-1,1167,1162,1163,-1,1167,1163,1168,-1,1168,1163,1164,-1,1168,1164,1169,-1,1169,1164,1086,-1,1169,1086,749,-1,1149,331,1144,-1,1095,1094,1156,-1,1156,1094,1147,-1,1156,1147,1152,-1,1152,1147,1141,-1,1152,1141,1148,-1,1148,1141,1143,-1,1148,1143,1149,-1,1149,1143,331,-1,1099,1104,1170,-1,1106,1107,1171,-1,1172,1173,1174,-1,1173,1172,1175,-1,1175,1172,1170,-1,1175,1170,1176,-1,1177,1178,1179,-1,1179,1180,1177,-1,1177,1180,1181,-1,1177,1181,1170,-1,1170,1181,1182,-1,1170,1182,1176,-1,1178,1177,1183,-1,1183,1177,1171,-1,1183,1171,1184,-1,1185,1186,1187,-1,1187,1188,1185,-1,1185,1188,1189,-1,1185,1189,1171,-1,1171,1189,1190,-1,1171,1190,1184,-1,750,1191,754,-1,754,1191,1186,-1,754,1186,775,-1,775,1186,1185,-1,775,1185,776,-1,1171,1107,1185,-1,1185,1107,1111,-1,1185,1111,1110,-1,1110,1109,1185,-1,1185,1109,1192,-1,1185,1192,776,-1,776,1192,1112,-1,776,1112,767,-1,1170,1104,1177,-1,1177,1104,1103,-1,1177,1103,1102,-1,1102,1101,1177,-1,1177,1101,1100,-1,1177,1100,1171,-1,1171,1100,1105,-1,1171,1105,1106,-1,861,1172,837,-1,837,1172,1174,-1,837,1174,838,-1,861,1096,1172,-1,1172,1096,1097,-1,1172,1097,1170,-1,1170,1097,1098,-1,1170,1098,1099,-1,1193,1194,1195,-1,1196,1197,1198,-1,1199,819,831,-1,1194,1200,1201,-1,1201,1200,1202,-1,1201,1202,1198,-1,1198,1202,1203,-1,1198,1203,1196,-1,1193,1195,1204,-1,1205,1206,1207,-1,1207,1206,1208,-1,1207,1208,1195,-1,1195,1208,1209,-1,1195,1209,1204,-1,864,1210,1211,-1,1211,1210,1212,-1,1211,1212,1207,-1,1207,1212,1213,-1,1207,1213,1205,-1,864,1211,840,-1,840,1211,1128,-1,840,1128,841,-1,1123,1127,1207,-1,1207,1127,1114,-1,1207,1114,1211,-1,1211,1114,1113,-1,1211,1113,1128,-1,1214,1126,1195,-1,1195,1126,1125,-1,1195,1125,1207,-1,1207,1125,1124,-1,1207,1124,1123,-1,1194,1201,1195,-1,1195,1201,1122,-1,1195,1122,1214,-1,1198,1118,1119,-1,1119,1120,1198,-1,1198,1120,1116,-1,1198,1116,1201,-1,1201,1116,1115,-1,1201,1115,1122,-1,808,1117,812,-1,812,1117,1118,-1,812,1118,830,-1,830,1118,1198,-1,830,1198,831,-1,831,1198,1197,-1,831,1197,1199,-1,724,1139,1215,-1,1216,1217,1218,-1,1134,1133,1219,-1,1218,1217,1134,-1,1220,1134,1217,-1,1220,1217,1221,-1,1221,1217,1216,-1,1221,1216,1222,-1,1135,1134,1220,-1,1223,1224,1225,-1,1225,1224,1219,-1,1225,1219,1226,-1,1226,1219,1133,-1,1226,1133,1132,-1,1135,1220,1136,-1,1136,1220,1221,-1,1136,1221,1137,-1,1137,1221,1222,-1,1137,1222,1138,-1,1227,1223,1228,-1,1228,1223,1225,-1,1228,1225,1229,-1,1229,1225,1226,-1,1229,1226,1230,-1,1230,1226,1132,-1,1230,1132,1131,-1,1231,1227,1232,-1,1232,1227,1228,-1,1232,1228,1233,-1,1233,1228,1229,-1,1233,1229,1234,-1,1234,1229,1230,-1,1234,1230,1235,-1,1235,1230,1131,-1,1235,1131,1130,-1,1139,1231,1215,-1,1215,1231,1232,-1,1215,1232,1236,-1,1236,1232,1233,-1,1236,1233,1237,-1,1237,1233,1234,-1,1237,1234,1238,-1,1238,1234,1235,-1,1238,1235,1239,-1,1239,1235,1130,-1,1239,1130,1129,-1,724,1215,1240,-1,1240,1215,1236,-1,1240,1236,1241,-1,1241,1236,1237,-1,1241,1237,1242,-1,1242,1237,1238,-1,1242,1238,1243,-1,1243,1238,1239,-1,1243,1239,1244,-1,1244,1239,1129,-1,1244,1129,833,-1,1224,1134,1219,-1,1139,1138,1231,-1,1231,1138,1222,-1,1231,1222,1227,-1,1227,1222,1216,-1,1227,1216,1223,-1,1223,1216,1218,-1,1223,1218,1224,-1,1224,1218,1134,-1,752,753,1165,-1,752,1165,1245,-1,1245,1165,1166,-1,1245,1166,1246,-1,1246,1166,1167,-1,1246,1167,1247,-1,1247,1167,1168,-1,1247,1168,1248,-1,1248,1168,1169,-1,1248,1169,1249,-1,1249,1169,749,-1,1249,749,748,-1,1173,1175,1250,-1,1182,1181,1251,-1,750,752,1191,-1,1191,752,1252,-1,1191,1252,1253,-1,1190,1189,1254,-1,1254,1189,1188,-1,1254,1188,1252,-1,1252,1188,1187,-1,1252,1187,1253,-1,1179,1178,1255,-1,1255,1178,1183,-1,1255,1183,1254,-1,1254,1183,1184,-1,1254,1184,1190,-1,1251,1181,1255,-1,1255,1181,1180,-1,1255,1180,1179,-1,1250,1175,1251,-1,1251,1175,1176,-1,1251,1176,1182,-1,839,838,1250,-1,1250,838,1174,-1,1250,1174,1173,-1,1210,864,865,-1,1256,1208,1206,-1,1206,1205,1256,-1,1256,1205,1213,-1,1256,1213,865,-1,865,1213,1212,-1,865,1212,1210,-1,1208,1256,1209,-1,1209,1256,1257,-1,1209,1257,1204,-1,1204,1257,1258,-1,1204,1258,1193,-1,1193,1258,1194,-1,1194,1258,1259,-1,1194,1259,1200,-1,1197,1196,1260,-1,1260,1196,1203,-1,1260,1203,1259,-1,1259,1203,1261,-1,1259,1261,1200,-1,1197,1260,1199,-1,1199,1260,832,-1,1199,832,819,-1,833,832,1262,-1,833,1262,1244,-1,1244,1262,1263,-1,1244,1263,1243,-1,1243,1263,1264,-1,1243,1264,1242,-1,1242,1264,1265,-1,1242,1265,1241,-1,1241,1265,1266,-1,1241,1266,1240,-1,1240,1266,723,-1,1240,723,724,-1,748,1267,1249,-1,1249,1267,1268,-1,1249,1268,1248,-1,1248,1268,1269,-1,1248,1269,1247,-1,1247,1269,1270,-1,1247,1270,1246,-1,1246,1270,1271,-1,1246,1271,1245,-1,1245,1271,1272,-1,1245,1272,752,-1,752,1272,1252,-1,1267,1273,1268,-1,1268,1273,1274,-1,1268,1274,1269,-1,1269,1274,1275,-1,1269,1275,1270,-1,1270,1275,1276,-1,1270,1276,1271,-1,1271,1276,1277,-1,1271,1277,1272,-1,1272,1277,1278,-1,1272,1278,1252,-1,1252,1278,1254,-1,1273,1279,1274,-1,1274,1279,1280,-1,1274,1280,1275,-1,1275,1280,1281,-1,1275,1281,1276,-1,1276,1281,1282,-1,1276,1282,1277,-1,1277,1282,1283,-1,1277,1283,1278,-1,1278,1283,1284,-1,1278,1284,1254,-1,1254,1284,1255,-1,1279,1285,1280,-1,1280,1285,1286,-1,1280,1286,1281,-1,1281,1286,1287,-1,1281,1287,1282,-1,1282,1287,1288,-1,1282,1288,1283,-1,1283,1288,1289,-1,1283,1289,1284,-1,1284,1289,1290,-1,1284,1290,1255,-1,1255,1290,1251,-1,1285,1291,1286,-1,1286,1291,1292,-1,1286,1292,1287,-1,1287,1292,1293,-1,1287,1293,1288,-1,1288,1293,1294,-1,1288,1294,1289,-1,1289,1294,1295,-1,1289,1295,1290,-1,1290,1295,1296,-1,1290,1296,1251,-1,1251,1296,1250,-1,1291,870,1292,-1,1292,870,871,-1,1292,871,1293,-1,1293,871,852,-1,1293,852,1294,-1,1294,852,851,-1,1294,851,1295,-1,1295,851,846,-1,1295,846,1296,-1,1296,846,863,-1,1296,863,1250,-1,1250,863,839,-1,832,1260,1262,-1,1262,1260,1297,-1,1262,1297,1263,-1,1263,1297,1298,-1,1263,1298,1264,-1,1264,1298,1299,-1,1264,1299,1265,-1,1265,1299,1300,-1,1265,1300,1266,-1,1266,1300,1301,-1,1266,1301,723,-1,723,1301,1302,-1,1260,1259,1297,-1,1297,1259,1303,-1,1297,1303,1298,-1,1298,1303,1304,-1,1298,1304,1299,-1,1299,1304,1305,-1,1299,1305,1300,-1,1300,1305,1306,-1,1300,1306,1301,-1,1301,1306,1307,-1,1301,1307,1302,-1,1302,1307,1308,-1,1259,1258,1303,-1,1303,1258,1309,-1,1303,1309,1304,-1,1304,1309,1310,-1,1304,1310,1305,-1,1305,1310,1311,-1,1305,1311,1306,-1,1306,1311,1312,-1,1306,1312,1307,-1,1307,1312,1313,-1,1307,1313,1308,-1,1308,1313,1314,-1,1258,1257,1309,-1,1309,1257,1315,-1,1309,1315,1310,-1,1310,1315,1316,-1,1310,1316,1311,-1,1311,1316,1317,-1,1311,1317,1312,-1,1312,1317,1318,-1,1312,1318,1313,-1,1313,1318,1319,-1,1313,1319,1314,-1,1314,1319,1320,-1,1257,1256,1315,-1,1315,1256,1321,-1,1315,1321,1316,-1,1316,1321,1322,-1,1316,1322,1317,-1,1317,1322,1323,-1,1317,1323,1318,-1,1318,1323,1324,-1,1318,1324,1319,-1,1319,1324,1325,-1,1319,1325,1320,-1,1320,1325,1326,-1,1256,865,1321,-1,1321,865,866,-1,1321,866,1322,-1,1322,866,836,-1,1322,836,1323,-1,1323,836,853,-1,1323,853,1324,-1,1324,853,873,-1,1324,873,1325,-1,1325,873,872,-1,1325,872,1326,-1,1326,872,856,-1,869,870,1327,-1,1327,870,1328,-1,1328,870,1329,-1,1329,870,1291,-1,1329,1291,1330,-1,1285,1331,1332,-1,1332,1333,1285,-1,1285,1333,1334,-1,1285,1334,1291,-1,1291,1334,1335,-1,1291,1335,1330,-1,1331,1285,1336,-1,1336,1285,1279,-1,1336,1279,1337,-1,1337,1279,1273,-1,1337,1273,1338,-1,1339,1340,1267,-1,1267,1340,1341,-1,1267,1341,1273,-1,1273,1341,1342,-1,1273,1342,1338,-1,1339,1267,1343,-1,1343,1267,748,-1,1343,748,735,-1,1344,1345,1326,-1,1346,1347,1308,-1,721,723,1348,-1,1348,723,1302,-1,1348,1302,1349,-1,1349,1302,1350,-1,1308,1347,1302,-1,1302,1347,1351,-1,1302,1351,1350,-1,1314,1352,1308,-1,1308,1352,1353,-1,1308,1353,1346,-1,1354,1355,1320,-1,1320,1355,1356,-1,1320,1356,1314,-1,1314,1356,1357,-1,1314,1357,1352,-1,1326,1345,1320,-1,1320,1345,1358,-1,1320,1358,1354,-1,856,855,1326,-1,1326,855,1359,-1,1326,1359,1344,-1,1330,1335,1360,-1,1337,1338,1361,-1,1360,1355,1354,-1,1354,1358,1360,-1,1360,1358,1345,-1,1360,1345,1362,-1,1362,1345,1344,-1,1362,1344,1359,-1,1355,1360,1356,-1,1356,1360,1363,-1,1356,1363,1357,-1,1361,1353,1363,-1,1363,1353,1364,-1,1363,1364,1357,-1,1365,1349,1350,-1,1350,1351,1365,-1,1365,1351,1347,-1,1365,1347,1361,-1,1361,1347,1346,-1,1361,1346,1353,-1,721,1348,725,-1,725,1348,1349,-1,725,1349,746,-1,746,1349,1365,-1,746,1365,747,-1,1361,1338,1365,-1,1365,1338,1342,-1,1365,1342,1341,-1,1341,1340,1365,-1,1365,1340,1366,-1,1365,1366,747,-1,747,1366,1343,-1,747,1343,735,-1,1360,1335,1363,-1,1363,1335,1334,-1,1363,1334,1333,-1,1333,1332,1363,-1,1363,1332,1331,-1,1363,1331,1361,-1,1361,1331,1336,-1,1361,1336,1337,-1,869,1362,854,-1,854,1362,1359,-1,854,1359,855,-1,869,1327,1362,-1,1362,1327,1328,-1,1362,1328,1360,-1,1360,1328,1329,-1,1360,1329,1330,-1,1367,1368,1369,-1,1370,1371,1372,-1,1373,1374,1375,-1,1375,1374,1376,-1,1375,1376,1377,-1,1372,1367,1370,-1,1370,1367,1369,-1,1370,1369,1378,-1,1378,1369,1373,-1,1378,1373,1379,-1,1379,1373,1375,-1,1380,1381,1382,-1,1380,1382,1376,-1,1376,1382,1383,-1,1376,1383,1377,-1,1376,1374,1384,-1,1384,1374,1385,-1,1384,1385,1386,-1,1387,1388,1386,-1,1389,1390,1391,-1,1391,1392,1389,-1,1389,1392,1393,-1,1389,1393,1394,-1,1386,1388,1384,-1,1384,1388,1395,-1,1384,1395,1396,-1,1396,1397,1384,-1,1384,1397,1398,-1,1384,1398,1399,-1,1390,1389,1386,-1,1386,1389,1400,-1,1386,1400,1387,-1,1392,1391,1367,-1,1367,1391,1368,-1,
        ]
    }
}
Shape{
    appearance Appearance {
        material  Material 	{
            diffuseColor 0.10980392156862745 0.10980392156862745 0.10980392156862745
            specularColor 0.00784313725490196 0.00784313725490196 0.00784313725490196
            ambientIntensity 0.1569
            transparency 0.0
            shininess 0.5
        }
    }
    geometry IndexedFaceSet {
        ccw TRUE
        solid FALSE
        coord DEF co Coordinate {
            point [
                -0.2238 -3.937 3.9764, 0.0 -3.937 3.9764, 0.0 -3.9173 4.1516, -0.2178 -3.9173 4.1516, 0.0 -3.859 4.318, -0.2121 -3.859 4.318, 0.0 -3.7652 4.4673, -0.207 -3.7652 4.4673, 0.0 -3.6405 4.592, -0.2027 -3.6405 4.592, 0.0 -3.4912 4.6858, -0.1995 -3.4912 4.6858, 0.0 -3.3248 4.744, -0.1975 -3.3248 4.744, 0.0 -3.1496 4.7638, -0.1969 -3.1496 4.7638, -2.8031 -3.1496 4.7638, -3.2362 -3.1496 4.7638, -3.2362 -3.3248 4.744, -2.8025 -3.3248 4.744, -3.2362 -3.4912 4.6858, -2.8005 -3.4912 4.6858, -3.2362 -3.6405 4.592, -2.7973 -3.6405 4.592, -3.2362 -3.7652 4.4673, -2.793 -3.7652 4.4673, -3.2362 -3.859 4.318, -2.7879 -3.859 4.318, -3.2362 -3.9173 4.1516, -2.7822 -3.9173 4.1516, -3.2362 -3.937 3.9764, -2.7762 -3.937 3.9764, -2.7762 0.7874 3.9764, -3.2362 0.7874 3.9764, -3.2362 0.7677 4.1516, -2.7822 0.7677 4.1516, -3.2362 0.7094 4.318, -2.7879 0.7094 4.318, -3.2362 0.6156 4.4673, -2.793 0.6156 4.4673, -3.2362 0.4909 4.592, -2.7973 0.4909 4.592, -3.2362 0.3416 4.6858, -2.8005 0.3416 4.6858, -3.2362 0.1752 4.744, -2.8025 0.1752 4.744, -3.2362 0.0 4.7638, -2.8031 0.0 4.7638, -0.1969 0.0 4.7638, 0.0 0.0 4.7638, 0.0 0.1752 4.744, -0.1975 0.1752 4.744, 0.0 0.3416 4.6858, -0.1995 0.3416 4.6858, 0.0 0.4909 4.592, -0.2027 0.4909 4.592, 0.0 0.6156 4.4673, -0.207 0.6156 4.4673, 0.0 0.7094 4.318, -0.2121 0.7094 4.318, 0.0 0.7677 4.1516, -0.2178 0.7677 4.1516, 0.0 0.7874 3.9764, -0.2238 0.7874 3.9764
            ]
        }
        coordIndex [
            0,1,2,-1,0,2,3,-1,3,2,4,-1,3,4,5,-1,5,4,6,-1,5,6,7,-1,7,6,8,-1,7,8,9,-1,9,8,10,-1,9,10,11,-1,11,10,12,-1,11,12,13,-1,13,12,14,-1,13,14,15,-1,16,17,18,-1,16,18,19,-1,19,18,20,-1,19,20,21,-1,21,20,22,-1,21,22,23,-1,23,22,24,-1,23,24,25,-1,25,24,26,-1,25,26,27,-1,27,26,28,-1,27,28,29,-1,29,28,30,-1,29,30,31,-1,32,33,34,-1,32,34,35,-1,35,34,36,-1,35,36,37,-1,37,36,38,-1,37,38,39,-1,39,38,40,-1,39,40,41,-1,41,40,42,-1,41,42,43,-1,43,42,44,-1,43,44,45,-1,45,44,46,-1,45,46,47,-1,48,49,50,-1,48,50,51,-1,51,50,52,-1,51,52,53,-1,53,52,54,-1,53,54,55,-1,55,54,56,-1,55,56,57,-1,57,56,58,-1,57,58,59,-1,59,58,60,-1,59,60,61,-1,61,60,62,-1,61,62,63,-1,
        ]
    }
}
Shape{
    appearance Appearance {
        material  Material 	{
            diffuseColor 0.792156862745098 0.8196078431372549 0.9333333333333333
            specularColor 0.396078431372549 0.4117647058823529 0.4666666666666667
            ambientIntensity 0.8244
            transparency 0.0
            shininess 0.5
        }
    }
    geometry IndexedFaceSet {
        ccw TRUE
        solid FALSE
        coord DEF co Coordinate {
            point [
                -1.2248 -1.0641 0.0827, -1.2248 -1.0641 0.0787, -1.2067 -1.1485 0.0827, -1.2067 -1.1485 0.0787, -1.2334 -1.0211 0.0827, -1.2334 -1.0211 0.0787, -1.2367 -1.0075 0.0827, -1.2367 -1.0075 0.0787, -1.2348 -1.0152 0.0787, -1.2447 -1.0188 0.0827, -1.2447 -1.0188 0.0787, -1.244 -1.012 0.0827, -1.2443 -1.0152 0.0787, -1.244 -1.012 0.0787, -1.243 -1.0049 0.0787, -1.243 -1.0049 0.0827, -1.2426 -1.0034 0.0787, -1.2426 -1.0034 0.0827, -1.2423 -1.0028 0.0787, -1.2423 -1.0028 0.0827, -1.2419 -1.0025 0.0787, -1.2419 -1.0025 0.0827, -1.2415 -1.0022 0.0787, -1.2415 -1.0022 0.0827, -1.2411 -1.0021 0.0787, -1.2411 -1.0021 0.0827, -1.2407 -1.002 0.0787, -1.2407 -1.002 0.0827, -1.2402 -1.0021 0.0787, -1.2402 -1.0021 0.0827, -1.2398 -1.0023 0.0787, -1.2398 -1.0023 0.0827, -1.2393 -1.0027 0.0787, -1.2393 -1.0027 0.0827, -1.2387 -1.0033 0.0787, -1.2387 -1.0033 0.0827, -1.2381 -1.0042 0.0787, -1.2381 -1.0042 0.0827, -1.2375 -1.0055 0.0787, -1.2375 -1.0055 0.0827, -1.2475 -1.0426 0.0827, -1.2475 -1.0426 0.0787, -1.2458 -1.0641 0.0827, -1.2458 -1.0641 0.0787, -1.2469 -1.0619 0.0787, -1.2469 -1.0619 0.0827, -1.248 -1.0588 0.0787, -1.248 -1.0588 0.0827, -1.2482 -1.0536 0.0787, -1.2482 -1.0536 0.0827, -1.2429 -1.0692 0.0827, -1.2429 -1.0692 0.0787, -1.2294 -1.1191 0.0827, -1.2294 -1.1191 0.0787, -1.2355 -1.094 0.0787, -1.2355 -1.094 0.0827, -1.1723 -1.3835 0.0787, -1.171 -1.3891 0.0827, -1.1715 -1.3868 0.0787, -1.171 -1.3891 0.0787, -1.1632 -1.3891 0.0827, -1.1632 -1.3891 0.0787, -1.1082 -1.1462 0.0827, -1.1082 -1.1462 0.0787, -1.1619 -1.3835 0.0787, -1.1626 -1.3868 0.0787, -1.1014 -1.1179 0.0827, -1.1014 -1.1179 0.0787, -1.0946 -1.0913 0.0827, -1.0946 -1.0913 0.0787, -1.0984 -1.1045 0.0787, -1.0984 -1.1045 0.0827, -1.0907 -1.0806 0.0827, -1.0907 -1.0806 0.0787, -1.0827 -1.0471 0.0827, -1.0827 -1.0471 0.0787, -1.0827 -1.0473 0.0787, -1.0827 -1.0473 0.0827, -1.0818 -1.0606 0.0787, -1.0818 -1.0606 0.0827, -1.0818 -1.0627 0.0787, -1.0818 -1.0627 0.0827, -1.0819 -1.0633 0.0787, -1.0819 -1.0633 0.0827, -1.0823 -1.0639 0.0787, -1.0823 -1.0639 0.0827, -1.0829 -1.0648 0.0787, -1.0829 -1.0648 0.0827, -1.0847 -1.0669 0.0787, -1.0847 -1.0669 0.0827, -1.0871 -1.0705 0.0787, -1.0871 -1.0705 0.0827, -1.085 -1.0217 0.0827, -1.085 -1.0217 0.0787, -1.0858 -1.0152 0.0787, -1.0861 -1.012 0.0827, -1.0861 -1.012 0.0787, -1.0924 -1.0069 0.0827, -1.0924 -1.0069 0.0787, -1.092 -1.0054 0.0787, -1.092 -1.0054 0.0827, -1.0915 -1.0044 0.0787, -1.0915 -1.0044 0.0827, -1.091 -1.0037 0.0787, -1.091 -1.0037 0.0827, -1.0905 -1.0033 0.0787, -1.0905 -1.0033 0.0827, -1.0899 -1.003 0.0787, -1.0899 -1.003 0.0827, -1.0894 -1.0029 0.0787, -1.0894 -1.0029 0.0827, -1.089 -1.0029 0.0787, -1.089 -1.0029 0.0827, -1.0886 -1.003 0.0787, -1.0886 -1.003 0.0827, -1.0881 -1.0032 0.0787, -1.0881 -1.0032 0.0827, -1.0877 -1.0035 0.0787, -1.0877 -1.0035 0.0827, -1.0875 -1.004 0.0787, -1.0875 -1.004 0.0827, -1.0872 -1.0046 0.0787, -1.0872 -1.0046 0.0827, -1.087 -1.0055 0.0787, -1.087 -1.0055 0.0827, -1.0867 -1.0069 0.0787, -1.0867 -1.0069 0.0827, -1.0864 -1.009 0.0787, -1.0864 -1.009 0.0827, -1.0963 -1.0296 0.0827, -1.0963 -1.0296 0.0787, -1.0938 -1.0152 0.0787, -1.1297 -1.1671 0.0827, -1.1297 -1.1671 0.0787, -1.1671 -1.3347 0.0827, -1.2039 -1.1683 0.0827, -1.1309 -1.1757 0.0827, -1.1461 -1.1904 0.0827, -1.1603 -1.1807 0.0827, -1.1651 -1.1781 0.0827, -1.1816 -1.1729 0.0827, -1.2039 -1.1683 0.0787, -1.1671 -1.3347 0.0787, -1.1603 -1.1807 0.0787, -1.1651 -1.1781 0.0787, -1.1816 -1.1729 0.0787, -1.1461 -1.1904 0.0787, -1.1309 -1.1757 0.0787, -1.4521 -1.3535 0.0827, -1.4521 -1.3535 0.0787, -1.4419 -1.345 0.0827, -1.4419 -1.345 0.0787, -1.4549 -1.366 0.0827, -1.4549 -1.366 0.0787, -1.4556 -1.3654 0.0787, -1.4556 -1.3654 0.0827, -1.4564 -1.3645 0.0787, -1.4564 -1.3645 0.0827, -1.4569 -1.3636 0.0787, -1.4569 -1.3636 0.0827, -1.4573 -1.3622 0.0787, -1.4573 -1.3622 0.0827, -1.4574 -1.3608 0.0787, -1.4574 -1.3608 0.0827, -1.4571 -1.3595 0.0787, -1.4571 -1.3595 0.0827, -1.4561 -1.3574 0.0787, -1.4561 -1.3574 0.0827, -1.4546 -1.3555 0.0787, -1.4546 -1.3555 0.0827, -1.4447 -1.3642 0.0827, -1.4447 -1.3642 0.0787, -1.4329 -1.3642 0.0827, -1.4329 -1.3642 0.0787, -1.4232 -1.366 0.0827, -1.4232 -1.366 0.0787, -1.428 -1.3651 0.0787, -1.428 -1.3651 0.0827, -1.4113 -1.367 0.0827, -1.4113 -1.367 0.0787, -1.3898 -1.3733 0.0827, -1.3898 -1.3733 0.0787, -1.3649 -1.3767 0.0827, -1.3649 -1.3767 0.0787, -1.3775 -1.3757 0.0787, -1.3775 -1.3757 0.0827, -1.2861 -1.1807 0.0827, -1.2861 -1.1807 0.0787, -1.2887 -1.2592 0.0787, -1.2887 -1.2592 0.0827, -1.297 -1.3226 0.0787, -1.297 -1.3226 0.0827, -1.3058 -1.3457 0.0787, -1.3058 -1.3457 0.0827, -1.3148 -1.3588 0.0787, -1.3148 -1.3588 0.0827, -1.3242 -1.3671 0.0787, -1.3242 -1.3671 0.0827, -1.3346 -1.3725 0.0787, -1.3346 -1.3725 0.0827, -1.3473 -1.3756 0.0787, -1.3473 -1.3756 0.0827, -1.387 -1.025 0.0827, -1.387 -1.025 0.0787, -1.3459 -1.0314 0.0787, -1.3459 -1.0314 0.0827, -1.3352 -1.0356 0.0787, -1.3352 -1.0356 0.0827, -1.3243 -1.0437 0.0787, -1.3243 -1.0437 0.0827, -1.3144 -1.0554 0.0787, -1.3144 -1.0554 0.0827, -1.3027 -1.0764 0.0787, -1.3027 -1.0764 0.0827, -1.2919 -1.1139 0.0787, -1.2919 -1.1139 0.0827, -1.4119 -1.0222 0.0827, -1.4119 -1.0222 0.0787, -1.4294 -1.0149 0.0827, -1.4294 -1.0149 0.0787, -1.4289 -1.015 0.0787, -1.4289 -1.015 0.0827, -1.4286 -1.0152 0.0787, -1.4271 -1.0161 0.0827, -1.4271 -1.0161 0.0787, -1.4211 -1.0197 0.0787, -1.4211 -1.0197 0.0827, -1.431 -1.015 0.0827, -1.4465 -1.0285 0.0827, -1.4465 -1.0285 0.0787, -1.4439 -1.0256 0.0787, -1.4439 -1.0256 0.0827, -1.4357 -1.0181 0.0787, -1.4357 -1.0181 0.0827, -1.4321 -1.0154 0.0787, -1.4321 -1.0154 0.0827, -1.4316 -1.0152 0.0787, -1.431 -1.015 0.0787, -1.4533 -1.0358 0.0827, -1.4533 -1.0358 0.0787, -1.4515 -1.0443 0.0827, -1.4515 -1.0443 0.0787, -1.4535 -1.0445 0.0787, -1.4535 -1.0445 0.0827, -1.4549 -1.0444 0.0787, -1.4549 -1.0444 0.0827, -1.4554 -1.0442 0.0787, -1.4554 -1.0442 0.0827, -1.4557 -1.044 0.0787, -1.4557 -1.044 0.0827, -1.456 -1.0437 0.0787, -1.456 -1.0437 0.0827, -1.4563 -1.0433 0.0787, -1.4563 -1.0433 0.0827, -1.4567 -1.0421 0.0787, -1.4567 -1.0421 0.0827, -1.4569 -1.0414 0.0787, -1.4569 -1.0414 0.0827, -1.4568 -1.0407 0.0787, -1.4568 -1.0407 0.0827, -1.4567 -1.0401 0.0787, -1.4567 -1.0401 0.0827, -1.4563 -1.0394 0.0787, -1.4563 -1.0394 0.0827, -1.4556 -1.0385 0.0787, -1.4556 -1.0385 0.0827, -1.4547 -1.0373 0.0787, -1.4547 -1.0373 0.0827, -1.4436 -1.0443 0.0827, -1.4436 -1.0443 0.0787, -1.4345 -1.0443 0.0827, -1.4345 -1.0443 0.0787, -1.4345 -1.341 0.0827, -1.4345 -1.341 0.0787, -1.4384 -1.3428 0.0787, -1.4384 -1.3428 0.0827, -1.4099 -1.0451 0.0827, -1.4187 -1.0454 0.0827, -1.4187 -1.345 0.0827, -1.408 -1.3495 0.0827, -1.3839 -1.3551 0.0827, -1.3592 -1.3569 0.0827, -1.3443 -1.354 0.0827, -1.3033 -1.1472 0.0827, -1.3124 -1.0969 0.0827, -1.3236 -1.0717 0.0827, -1.3302 -1.0632 0.0827, -1.337 -1.0578 0.0827, -1.3461 -1.0538 0.0827, -1.3588 -1.0505 0.0827, -1.3762 -1.0483 0.0827, -1.4012 -1.0454 0.0827, -1.3334 -1.3497 0.0827, -1.3267 -1.3448 0.0827, -1.3199 -1.3367 0.0827, -1.3136 -1.3245 0.0827, -1.3086 -1.3075 0.0827, -1.302 -1.2306 0.0827, -1.3762 -1.0483 0.0787, -1.4012 -1.0454 0.0787, -1.302 -1.2306 0.0787, -1.3033 -1.1472 0.0787, -1.3124 -1.0969 0.0787, -1.3236 -1.0717 0.0787, -1.3302 -1.0632 0.0787, -1.337 -1.0578 0.0787, -1.3461 -1.0538 0.0787, -1.3588 -1.0505 0.0787, -1.3592 -1.3569 0.0787, -1.3443 -1.354 0.0787, -1.3334 -1.3497 0.0787, -1.3267 -1.3448 0.0787, -1.3199 -1.3367 0.0787, -1.3136 -1.3245 0.0787, -1.3086 -1.3075 0.0787, -1.408 -1.3495 0.0787, -1.3839 -1.3551 0.0787, -1.4187 -1.345 0.0787, -1.4187 -1.0454 0.0787, -1.4099 -1.0451 0.0787, -1.5746 -1.2238 0.0827, -1.5746 -1.2238 0.0787, -1.6221 -1.2176 0.0827, -1.6221 -1.2176 0.0787, -1.5366 -1.2357 0.0827, -1.5366 -1.2357 0.0787, -1.5424 -1.2322 0.0787, -1.5424 -1.2322 0.0827, -1.5549 -1.2277 0.0787, -1.5549 -1.2277 0.0827, -1.5315 -1.2385 0.0827, -1.5315 -1.2385 0.0787, -1.5151 -1.2221 0.0827, -1.5151 -1.2221 0.0787, -1.5179 -1.2124 0.0827, -1.5179 -1.2124 0.0787, -1.5165 -1.2125 0.0787, -1.5165 -1.2125 0.0827, -1.5154 -1.2129 0.0787, -1.5154 -1.2129 0.0827, -1.5144 -1.2134 0.0787, -1.5144 -1.2134 0.0827, -1.5136 -1.2142 0.0787, -1.5136 -1.2142 0.0827, -1.5129 -1.2154 0.0787, -1.5129 -1.2154 0.0827, -1.5126 -1.2163 0.0787, -1.5126 -1.2163 0.0827, -1.5126 -1.2172 0.0787, -1.5126 -1.2172 0.0827, -1.5127 -1.2181 0.0787, -1.5127 -1.2181 0.0827, -1.5132 -1.2193 0.0787, -1.5132 -1.2193 0.0827, -1.5139 -1.2205 0.0787, -1.5139 -1.2205 0.0827, -1.6221 -1.1978 0.0827, -1.6221 -1.1978 0.0787, -1.6221 -1.0443 0.0827, -1.6221 -1.0443 0.0787, -1.5377 -1.0561 0.0827, -1.5377 -1.0561 0.0787, -1.5219 -1.0618 0.0827, -1.5219 -1.0618 0.0787, -1.5295 -1.0583 0.0787, -1.5295 -1.0583 0.0827, -1.5168 -1.0647 0.0827, -1.5168 -1.0647 0.0787, -1.501 -1.0471 0.0827, -1.501 -1.0471 0.0787, -1.5043 -1.038 0.0827, -1.5043 -1.038 0.0787, -1.5026 -1.0381 0.0787, -1.5026 -1.0381 0.0827, -1.501 -1.0384 0.0787, -1.501 -1.0384 0.0827, -1.501 -1.0384 0.0787, -1.501 -1.0384 0.0827, -1.5003 -1.0387 0.0787, -1.5003 -1.0387 0.0827, -1.4999 -1.0391 0.0787, -1.4999 -1.0391 0.0827, -1.4995 -1.0396 0.0787, -1.4995 -1.0396 0.0827, -1.499 -1.0407 0.0787, -1.499 -1.0407 0.0827, -1.4987 -1.0416 0.0787, -1.4987 -1.0416 0.0827, -1.4986 -1.0424 0.0787, -1.4986 -1.0424 0.0827, -1.4988 -1.0434 0.0787, -1.4988 -1.0434 0.0827, -1.4993 -1.0447 0.0787, -1.4993 -1.0447 0.0827, -1.5128 -1.0375 0.0827, -1.5128 -1.0375 0.0787, -1.5984 -1.0256 0.0827, -1.5984 -1.0256 0.0787, -1.5557 -1.0323 0.0787, -1.5557 -1.0323 0.0827, -1.6244 -1.0211 0.0827, -1.6244 -1.0211 0.0787, -1.6437 -1.029 0.0827, -1.6437 -1.029 0.0787, -1.6439 -1.0278 0.0787, -1.6439 -1.0278 0.0827, -1.644 -1.0246 0.0787, -1.644 -1.0246 0.0827, -1.6436 -1.0223 0.0787, -1.6436 -1.0223 0.0827, -1.643 -1.021 0.0787, -1.643 -1.021 0.0827, -1.6418 -1.0196 0.0787, -1.6418 -1.0196 0.0827, -1.6404 -1.0185 0.0787, -1.6404 -1.0185 0.0827, -1.6391 -1.0179 0.0787, -1.6391 -1.0179 0.0827, -1.6375 -1.0176 0.0787, -1.6375 -1.0176 0.0827, -1.6347 -1.0178 0.0787, -1.6347 -1.0178 0.0827, -1.6307 -1.0188 0.0787, -1.6307 -1.0188 0.0827, -1.6386 -1.0579 0.0827, -1.6386 -1.0579 0.0787, -1.64 -1.0432 0.0787, -1.64 -1.0432 0.0827, -1.6386 -1.0686 0.0827, -1.6386 -1.0686 0.0787, -1.638 -1.0828 0.0827, -1.638 -1.0828 0.0787, -1.6382 -1.0757 0.0787, -1.6382 -1.0757 0.0827, -1.6386 -1.3421 0.0827, -1.6386 -1.3421 0.0787, -1.6476 -1.367 0.0827, -1.6476 -1.367 0.0787, -1.6492 -1.3672 0.0787, -1.6492 -1.3672 0.0827, -1.6508 -1.3671 0.0787, -1.6508 -1.3671 0.0827, -1.6516 -1.3669 0.0787, -1.6516 -1.3669 0.0827, -1.6519 -1.3667 0.0787, -1.6519 -1.3667 0.0827, -1.6521 -1.3665 0.0787, -1.6521 -1.3665 0.0827, -1.6523 -1.3663 0.0787, -1.6523 -1.3663 0.0827, -1.6525 -1.3658 0.0787, -1.6525 -1.3658 0.0827, -1.6526 -1.3653 0.0787, -1.6526 -1.3653 0.0827, -1.6526 -1.364 0.0787, -1.6526 -1.364 0.0827, -1.6525 -1.3624 0.0787, -1.6525 -1.3624 0.0827, -1.652 -1.3596 0.0787, -1.652 -1.3596 0.0827, -1.6511 -1.3577 0.0787, -1.6511 -1.3577 0.0827, -1.6488 -1.3544 0.0787, -1.6488 -1.3544 0.0827, -1.6449 -1.3497 0.0787, -1.6449 -1.3497 0.0827, -1.6369 -1.3654 0.0827, -1.6369 -1.3654 0.0787, -1.6176 -1.3642 0.0827, -1.6176 -1.3642 0.0787, -1.6273 -1.3642 0.0787, -1.6273 -1.3642 0.0827, -1.6159 -1.3642 0.0827, -1.6159 -1.3642 0.0787, -1.5939 -1.366 0.0827, -1.5939 -1.366 0.0787, -1.6048 -1.3645 0.0787, -1.6048 -1.3645 0.0827, -1.5717 -1.3699 0.0827, -1.5717 -1.3699 0.0787, -1.5338 -1.3812 0.0827, -1.5338 -1.3812 0.0787, -1.5368 -1.3794 0.0787, -1.5368 -1.3794 0.0827, -1.5522 -1.3738 0.0787, -1.5522 -1.3738 0.0827, -1.5303 -1.3835 0.0787, -1.5287 -1.3846 0.0827, -1.5287 -1.3846 0.0787, -1.5277 -1.3835 0.0787, -1.5123 -1.3676 0.0827, -1.5123 -1.3676 0.0787, -1.5151 -1.3586 0.0827, -1.5151 -1.3586 0.0787, -1.5138 -1.3587 0.0787, -1.5138 -1.3587 0.0827, -1.5126 -1.359 0.0787, -1.5126 -1.359 0.0827, -1.5116 -1.3596 0.0787, -1.5116 -1.3596 0.0827, -1.5108 -1.3603 0.0787, -1.5108 -1.3603 0.0827, -1.5104 -1.361 0.0787, -1.5104 -1.361 0.0827, -1.5101 -1.3618 0.0787, -1.5101 -1.3618 0.0827, -1.5101 -1.3626 0.0787, -1.5101 -1.3626 0.0827, -1.5102 -1.3634 0.0787, -1.5102 -1.3634 0.0827, -1.5105 -1.3644 0.0787, -1.5105 -1.3644 0.0827, -1.5112 -1.3658 0.0787, -1.5112 -1.3658 0.0827, -1.5241 -1.3574 0.0827, -1.5241 -1.3574 0.0787, -1.5508 -1.354 0.0827, -1.5508 -1.354 0.0787, -1.5375 -1.3556 0.0787, -1.5375 -1.3556 0.0827, -1.6221 -1.3421 0.0827, -1.6221 -1.3421 0.0787, -1.7084 -1.3761 0.0827, -1.7084 -1.3761 0.0787, -1.7168 -1.3761 0.0827, -1.7168 -1.3761 0.0787, -1.7084 -1.2249 0.0827, -1.7084 -1.2249 0.0787, -1.7191 -1.2249 0.0827, -1.7191 -1.2249 0.0787, -1.7689 -1.3637 0.0827, -1.7689 -1.3637 0.0787, -1.7604 -1.3618 0.0787, -1.7604 -1.3618 0.0827, -1.7524 -1.3583 0.0787, -1.7524 -1.3583 0.0827, -1.7448 -1.3525 0.0787, -1.7448 -1.3525 0.0827, -1.738 -1.3443 0.0787, -1.738 -1.3443 0.0827, -1.7309 -1.3304 0.0787, -1.7309 -1.3304 0.0827, -1.7239 -1.3047 0.0787, -1.7239 -1.3047 0.0827, -1.8397 -1.1717 0.0827, -1.8397 -1.1717 0.0787, -1.8377 -1.2617 0.0787, -1.8377 -1.2617 0.0827, -1.8325 -1.2913 0.0787, -1.8325 -1.2913 0.0827, -1.8193 -1.3293 0.0787, -1.8193 -1.3293 0.0827, -1.8095 -1.3447 0.0787, -1.8095 -1.3447 0.0827, -1.8004 -1.3536 0.0787, -1.8004 -1.3536 0.0827, -1.7909 -1.3596 0.0787, -1.7909 -1.3596 0.0827, -1.7807 -1.363 0.0787, -1.7807 -1.363 0.0827, -1.7735 -1.0347 0.0827, -1.7735 -1.0347 0.0787, -1.7814 -1.0354 0.0787, -1.7814 -1.0354 0.0827, -1.7888 -1.0377 0.0787, -1.7888 -1.0377 0.0827, -1.7961 -1.042 0.0787, -1.7961 -1.042 0.0827, -1.8042 -1.0495 0.0787, -1.8042 -1.0495 0.0827, -1.8172 -1.0677 0.0787, -1.8172 -1.0677 0.0827, -1.8257 -1.0908 0.0787, -1.8257 -1.0908 0.0827, -1.7118 -1.1259 0.0827, -1.7118 -1.1259 0.0787, -1.7143 -1.1091 0.0787, -1.7143 -1.1091 0.0827, -1.7224 -1.0717 0.0787, -1.7224 -1.0717 0.0827, -1.7298 -1.057 0.0787, -1.7298 -1.057 0.0827, -1.7381 -1.0474 0.0787, -1.7381 -1.0474 0.0827, -1.7483 -1.0403 0.0787, -1.7483 -1.0403 0.0827, -1.7608 -1.0356 0.0787, -1.7608 -1.0356 0.0827, -1.709 -1.1558 0.0827, -1.709 -1.1558 0.0787, -1.6999 -1.1553 0.0827, -1.6999 -1.1553 0.0787, -1.7656 -1.016 0.0827, -1.7656 -1.016 0.0787, -1.7522 -1.0182 0.0787, -1.7522 -1.0182 0.0827, -1.7386 -1.0246 0.0787, -1.7386 -1.0246 0.0827, -1.7277 -1.0333 0.0787, -1.7277 -1.0333 0.0827, -1.7204 -1.0427 0.0787, -1.7204 -1.0427 0.0827, -1.7106 -1.0624 0.0787, -1.7106 -1.0624 0.0827, -1.7042 -1.0877 0.0787, -1.7042 -1.0877 0.0827, -1.8527 -1.2595 0.0827, -1.8527 -1.2595 0.0787, -1.8526 -1.1454 0.0787, -1.8526 -1.1454 0.0827, -1.8464 -1.107 0.0787, -1.8464 -1.107 0.0827, -1.8306 -1.0596 0.0787, -1.8306 -1.0596 0.0827, -1.8176 -1.0384 0.0787, -1.8176 -1.0384 0.0827, -1.8082 -1.0288 0.0787, -1.8082 -1.0288 0.0827, -1.7951 -1.0211 0.0787, -1.7951 -1.0211 0.0827, -1.7801 -1.0165 0.0787, -1.7801 -1.0165 0.0827, -1.7735 -1.3823 0.0827, -1.7735 -1.3823 0.0787, -1.7814 -1.3822 0.0787, -1.7814 -1.3822 0.0827, -1.7896 -1.3806 0.0787, -1.7896 -1.3806 0.0827, -1.798 -1.3765 0.0787, -1.798 -1.3765 0.0827, -1.8155 -1.3629 0.0787, -1.8155 -1.3629 0.0827, -1.8271 -1.3479 0.0787, -1.8271 -1.3479 0.0827, -1.8391 -1.3208 0.0787, -1.8391 -1.3208 0.0827, -1.7259 -1.3518 0.0827, -1.7259 -1.3518 0.0787, -1.7325 -1.3606 0.0787, -1.7325 -1.3606 0.0827, -1.7438 -1.3708 0.0787, -1.7438 -1.3708 0.0827, -1.7568 -1.378 0.0787, -1.7568 -1.378 0.0827, -1.7209 -1.3427 0.0827, -1.7209 -1.3427 0.0787, -1.9971 -1.366 0.0827, -1.9971 -1.366 0.0787, -2.0112 -1.3835 0.0787, -2.022 -1.3971 0.0827, -2.0138 -1.3868 0.0787, -2.022 -1.3971 0.0787, -2.0056 -1.3302 0.0827, -2.0056 -1.3302 0.0787, -2.0054 -1.3375 0.0787, -2.0054 -1.3375 0.0827, -2.003 -1.3535 0.0787, -2.003 -1.3535 0.0827, -2.0056 -1.0415 0.0827, -2.0056 -1.0415 0.0787, -1.9213 -1.0584 0.0827, -1.9213 -1.0584 0.0787, -1.9232 -1.0576 0.0787, -1.9232 -1.0576 0.0827, -1.9249 -1.0564 0.0787, -1.9249 -1.0564 0.0827, -1.9302 -1.0519 0.0787, -1.9302 -1.0519 0.0827, -1.9342 -1.0499 0.0787, -1.9342 -1.0499 0.0827, -1.9412 -1.0483 0.0787, -1.9412 -1.0483 0.0827, -1.962 -1.0451 0.0787, -1.962 -1.0451 0.0827, -1.898 -1.033 0.0827, -1.898 -1.033 0.0787, -1.8983 -1.035 0.0787, -1.8983 -1.035 0.0827, -1.8988 -1.037 0.0787, -1.8988 -1.037 0.0827, -1.8997 -1.0387 0.0787, -1.8997 -1.0387 0.0827, -1.9018 -1.041 0.0787, -1.9018 -1.041 0.0827, -1.9081 -1.0468 0.0787, -1.9081 -1.0468 0.0827, -1.9773 -1.0228 0.0827, -1.9773 -1.0228 0.0787, -1.965 -1.0238 0.0787, -1.965 -1.0238 0.0827, -1.9277 -1.0276 0.0787, -1.9277 -1.0276 0.0827, -1.9134 -1.0297 0.0787, -1.9134 -1.0297 0.0827, -1.9034 -1.0299 0.0787, -1.9034 -1.0299 0.0827, -1.9013 -1.0302 0.0787, -1.9013 -1.0302 0.0827, -1.8999 -1.0307 0.0787, -1.8999 -1.0307 0.0827, -1.8992 -1.0312 0.0787, -1.8992 -1.0312 0.0827, -1.8987 -1.0317 0.0787, -1.8987 -1.0317 0.0827, -2.0011 -1.0205 0.0827, -2.0011 -1.0205 0.0787, -2.0142 -1.0194 0.0827, -2.0142 -1.0194 0.0787, -2.0215 -1.0437 0.0827, -2.0215 -1.0437 0.0787, -2.0217 -1.0404 0.0787, -2.0217 -1.0404 0.0827, -2.0233 -1.0265 0.0787, -2.0233 -1.0265 0.0827, -2.0233 -1.0234 0.0787, -2.0233 -1.0234 0.0827, -2.0229 -1.0219 0.0787, -2.0229 -1.0219 0.0827, -2.022 -1.0202 0.0787, -2.022 -1.0202 0.0827, -2.0213 -1.0194 0.0787, -2.0213 -1.0194 0.0827, -2.0206 -1.0189 0.0787, -2.0206 -1.0189 0.0827, -2.0198 -1.0186 0.0787, -2.0198 -1.0186 0.0827, -2.0186 -1.0184 0.0787, -2.0186 -1.0184 0.0827, -2.0171 -1.0185 0.0787, -2.0171 -1.0185 0.0827, -2.0204 -1.0771 0.0827, -2.0204 -1.0771 0.0787, -2.0204 -1.332 0.0827, -2.0204 -1.332 0.0787, -2.0207 -1.3596 0.0827, -2.0249 -1.3868 0.0827, -2.0249 -1.3868 0.0787, -2.0244 -1.3835 0.0787, -2.0207 -1.3596 0.0787, -2.026 -1.3925 0.0827, -2.026 -1.3925 0.0787
            ]
        }
        coordIndex [
            0,1,2,-1,2,1,3,-1,4,5,0,-1,0,5,1,-1,6,7,4,-1,4,7,8,-1,4,8,5,-1,9,10,11,-1,11,10,12,-1,12,13,11,-1,11,13,14,-1,11,14,15,-1,15,14,16,-1,15,16,17,-1,17,16,18,-1,17,18,19,-1,19,18,20,-1,19,20,21,-1,21,20,22,-1,21,22,23,-1,23,22,24,-1,23,24,25,-1,25,24,26,-1,25,26,27,-1,27,26,28,-1,27,28,29,-1,29,28,30,-1,29,30,31,-1,31,30,32,-1,31,32,33,-1,33,32,34,-1,33,34,35,-1,35,34,36,-1,35,36,37,-1,37,36,38,-1,37,38,39,-1,39,38,7,-1,39,7,6,-1,40,41,9,-1,9,41,10,-1,42,43,44,-1,42,44,45,-1,45,44,46,-1,45,46,47,-1,47,46,48,-1,47,48,49,-1,49,48,41,-1,49,41,40,-1,50,51,42,-1,42,51,43,-1,52,53,54,-1,52,54,55,-1,55,54,51,-1,55,51,50,-1,53,52,56,-1,56,52,57,-1,56,57,58,-1,58,57,59,-1,60,61,57,-1,57,61,59,-1,60,62,63,-1,63,64,60,-1,60,64,65,-1,60,65,61,-1,66,67,62,-1,62,67,63,-1,68,69,70,-1,68,70,71,-1,71,70,67,-1,71,67,66,-1,72,73,68,-1,68,73,69,-1,74,75,76,-1,74,76,77,-1,77,76,78,-1,77,78,79,-1,79,78,80,-1,79,80,81,-1,81,80,82,-1,81,82,83,-1,83,82,84,-1,83,84,85,-1,85,84,86,-1,85,86,87,-1,87,86,88,-1,87,88,89,-1,89,88,90,-1,89,90,91,-1,91,90,73,-1,91,73,72,-1,92,93,74,-1,74,93,75,-1,93,92,94,-1,94,92,95,-1,94,95,96,-1,97,98,99,-1,97,99,100,-1,100,99,101,-1,100,101,102,-1,102,101,103,-1,102,103,104,-1,104,103,105,-1,104,105,106,-1,106,105,107,-1,106,107,108,-1,108,107,109,-1,108,109,110,-1,110,109,111,-1,110,111,112,-1,112,111,113,-1,112,113,114,-1,114,113,115,-1,114,115,116,-1,116,115,117,-1,116,117,118,-1,118,117,119,-1,118,119,120,-1,120,119,121,-1,120,121,122,-1,122,121,123,-1,122,123,124,-1,124,123,125,-1,124,125,126,-1,126,125,127,-1,126,127,128,-1,128,127,96,-1,128,96,95,-1,129,130,97,-1,97,130,131,-1,97,131,98,-1,132,133,129,-1,129,133,130,-1,132,2,133,-1,133,2,3,-1,134,57,135,-1,135,57,52,-1,6,4,11,-1,132,136,137,-1,89,91,129,-1,129,91,72,-1,137,138,132,-1,132,138,139,-1,132,139,2,-1,2,139,140,-1,55,0,52,-1,52,0,2,-1,52,2,135,-1,135,2,140,-1,72,68,129,-1,129,68,71,-1,129,71,132,-1,132,71,66,-1,132,66,136,-1,136,66,62,-1,136,62,134,-1,134,62,60,-1,134,60,57,-1,0,40,4,-1,4,40,9,-1,4,9,11,-1,126,128,97,-1,97,128,95,-1,97,95,129,-1,129,95,92,-1,92,74,129,-1,129,74,77,-1,129,77,89,-1,89,77,79,-1,89,79,87,-1,55,50,0,-1,0,50,42,-1,0,42,45,-1,15,37,11,-1,11,37,39,-1,11,39,6,-1,45,47,0,-1,0,47,49,-1,0,49,40,-1,81,83,79,-1,79,83,85,-1,79,85,87,-1,102,120,100,-1,100,120,122,-1,100,122,97,-1,97,122,124,-1,97,124,126,-1,102,104,120,-1,120,104,106,-1,120,106,118,-1,17,33,15,-1,15,33,35,-1,15,35,37,-1,17,19,33,-1,33,19,21,-1,33,21,23,-1,29,31,27,-1,27,31,33,-1,27,33,25,-1,25,33,23,-1,110,112,108,-1,108,112,114,-1,108,114,106,-1,106,114,116,-1,106,116,118,-1,135,141,134,-1,134,141,142,-1,138,143,144,-1,138,144,139,-1,139,144,145,-1,139,145,140,-1,140,145,141,-1,140,141,135,-1,137,146,138,-1,138,146,143,-1,136,147,137,-1,137,147,146,-1,142,147,134,-1,134,147,136,-1,148,149,150,-1,150,149,151,-1,152,153,154,-1,152,154,155,-1,155,154,156,-1,155,156,157,-1,157,156,158,-1,157,158,159,-1,159,158,160,-1,159,160,161,-1,161,160,162,-1,161,162,163,-1,163,162,164,-1,163,164,165,-1,165,164,166,-1,165,166,167,-1,167,166,168,-1,167,168,169,-1,169,168,149,-1,169,149,148,-1,170,171,152,-1,152,171,153,-1,172,173,170,-1,170,173,171,-1,174,175,176,-1,174,176,177,-1,177,176,173,-1,177,173,172,-1,178,179,174,-1,174,179,175,-1,180,181,178,-1,178,181,179,-1,182,183,184,-1,182,184,185,-1,185,184,181,-1,185,181,180,-1,186,187,188,-1,186,188,189,-1,189,188,190,-1,189,190,191,-1,191,190,192,-1,191,192,193,-1,193,192,194,-1,193,194,195,-1,195,194,196,-1,195,196,197,-1,197,196,198,-1,197,198,199,-1,199,198,200,-1,199,200,201,-1,201,200,183,-1,201,183,182,-1,202,203,204,-1,202,204,205,-1,205,204,206,-1,205,206,207,-1,207,206,208,-1,207,208,209,-1,209,208,210,-1,209,210,211,-1,211,210,212,-1,211,212,213,-1,213,212,214,-1,213,214,215,-1,215,214,187,-1,215,187,186,-1,216,217,202,-1,202,217,203,-1,218,219,220,-1,218,220,221,-1,221,220,222,-1,221,222,223,-1,222,224,223,-1,223,224,225,-1,223,225,226,-1,226,225,217,-1,226,217,216,-1,219,218,227,-1,228,229,230,-1,228,230,231,-1,231,230,232,-1,231,232,233,-1,233,232,234,-1,233,234,235,-1,235,234,236,-1,235,236,227,-1,227,236,237,-1,227,237,219,-1,238,239,228,-1,228,239,229,-1,240,241,242,-1,240,242,243,-1,243,242,244,-1,243,244,245,-1,245,244,246,-1,245,246,247,-1,247,246,248,-1,247,248,249,-1,249,248,250,-1,249,250,251,-1,251,250,252,-1,251,252,253,-1,253,252,254,-1,253,254,255,-1,255,254,256,-1,255,256,257,-1,257,256,258,-1,257,258,259,-1,259,258,260,-1,259,260,261,-1,261,260,262,-1,261,262,263,-1,263,262,264,-1,263,264,265,-1,265,264,266,-1,265,266,267,-1,267,266,239,-1,267,239,238,-1,268,269,240,-1,240,269,241,-1,270,271,268,-1,268,271,269,-1,272,273,270,-1,270,273,271,-1,150,151,274,-1,150,274,275,-1,275,274,273,-1,275,273,272,-1,216,276,277,-1,223,226,270,-1,172,170,278,-1,263,265,240,-1,223,270,221,-1,170,152,148,-1,148,152,155,-1,148,155,169,-1,226,216,270,-1,270,216,277,-1,270,277,272,-1,272,277,278,-1,272,278,275,-1,275,278,170,-1,275,170,150,-1,150,170,148,-1,279,280,180,-1,180,280,185,-1,185,280,281,-1,185,281,182,-1,265,267,240,-1,240,267,238,-1,240,238,268,-1,268,238,228,-1,268,228,270,-1,270,228,231,-1,270,231,233,-1,180,178,279,-1,279,178,174,-1,279,174,278,-1,278,174,177,-1,278,177,172,-1,247,249,251,-1,182,281,201,-1,201,281,282,-1,201,282,199,-1,283,284,213,-1,240,255,257,-1,157,165,155,-1,155,165,167,-1,155,167,169,-1,157,159,165,-1,165,159,161,-1,165,161,163,-1,213,284,211,-1,284,285,211,-1,211,285,286,-1,211,286,209,-1,209,286,287,-1,209,287,207,-1,207,287,288,-1,207,288,205,-1,205,288,289,-1,205,289,202,-1,202,289,290,-1,202,290,216,-1,216,290,291,-1,216,291,276,-1,255,240,253,-1,253,240,243,-1,253,243,251,-1,251,243,245,-1,251,245,247,-1,257,259,240,-1,240,259,261,-1,240,261,263,-1,218,221,227,-1,227,221,270,-1,227,270,235,-1,235,270,233,-1,199,282,197,-1,197,282,292,-1,197,292,195,-1,195,292,293,-1,195,293,193,-1,193,293,294,-1,193,294,191,-1,294,295,191,-1,191,295,296,-1,191,296,189,-1,189,296,297,-1,189,297,186,-1,186,297,283,-1,186,283,215,-1,215,283,213,-1,290,298,291,-1,291,298,299,-1,297,300,301,-1,297,301,283,-1,283,301,302,-1,283,302,284,-1,284,302,303,-1,284,303,285,-1,285,303,304,-1,285,304,286,-1,286,304,305,-1,286,305,287,-1,287,305,306,-1,287,306,288,-1,288,306,307,-1,288,307,289,-1,289,307,298,-1,289,298,290,-1,281,308,309,-1,281,309,282,-1,282,309,310,-1,282,310,292,-1,292,310,311,-1,292,311,293,-1,293,311,312,-1,293,312,294,-1,294,312,313,-1,294,313,295,-1,295,313,314,-1,295,314,296,-1,296,314,300,-1,296,300,297,-1,279,315,316,-1,279,316,280,-1,280,316,308,-1,280,308,281,-1,278,317,279,-1,279,317,315,-1,277,318,278,-1,278,318,317,-1,291,299,319,-1,291,319,276,-1,276,319,318,-1,276,318,277,-1,320,321,322,-1,322,321,323,-1,324,325,326,-1,324,326,327,-1,327,326,328,-1,327,328,329,-1,329,328,321,-1,329,321,320,-1,330,331,324,-1,324,331,325,-1,332,333,330,-1,330,333,331,-1,334,335,336,-1,334,336,337,-1,337,336,338,-1,337,338,339,-1,339,338,340,-1,339,340,341,-1,341,340,342,-1,341,342,343,-1,343,342,344,-1,343,344,345,-1,345,344,346,-1,345,346,347,-1,347,346,348,-1,347,348,349,-1,349,348,350,-1,349,350,351,-1,351,350,352,-1,351,352,353,-1,353,352,354,-1,353,354,355,-1,355,354,333,-1,355,333,332,-1,356,357,334,-1,334,357,335,-1,358,359,356,-1,356,359,357,-1,360,361,358,-1,358,361,359,-1,362,363,364,-1,362,364,365,-1,365,364,361,-1,365,361,360,-1,366,367,362,-1,362,367,363,-1,368,369,366,-1,366,369,367,-1,370,371,372,-1,370,372,373,-1,373,372,374,-1,373,374,375,-1,375,374,376,-1,375,376,377,-1,377,376,378,-1,377,378,379,-1,379,378,380,-1,379,380,381,-1,381,380,382,-1,381,382,383,-1,383,382,384,-1,383,384,385,-1,385,384,386,-1,385,386,387,-1,387,386,388,-1,387,388,389,-1,389,388,390,-1,389,390,391,-1,391,390,392,-1,391,392,393,-1,393,392,369,-1,393,369,368,-1,394,395,370,-1,370,395,371,-1,396,397,398,-1,396,398,399,-1,399,398,395,-1,399,395,394,-1,400,401,396,-1,396,401,397,-1,402,403,404,-1,402,404,405,-1,405,404,406,-1,405,406,407,-1,407,406,408,-1,407,408,409,-1,409,408,410,-1,409,410,411,-1,411,410,412,-1,411,412,413,-1,413,412,414,-1,413,414,415,-1,415,414,416,-1,415,416,417,-1,417,416,418,-1,417,418,419,-1,419,418,420,-1,419,420,421,-1,421,420,422,-1,421,422,423,-1,423,422,401,-1,423,401,400,-1,424,425,426,-1,424,426,427,-1,427,426,403,-1,427,403,402,-1,428,429,424,-1,424,429,425,-1,430,431,432,-1,430,432,433,-1,433,432,429,-1,433,429,428,-1,434,435,430,-1,430,435,431,-1,436,437,438,-1,436,438,439,-1,439,438,440,-1,439,440,441,-1,441,440,442,-1,441,442,443,-1,443,442,444,-1,443,444,445,-1,445,444,446,-1,445,446,447,-1,447,446,448,-1,447,448,449,-1,449,448,450,-1,449,450,451,-1,451,450,452,-1,451,452,453,-1,453,452,454,-1,453,454,455,-1,455,454,456,-1,455,456,457,-1,457,456,458,-1,457,458,459,-1,459,458,460,-1,459,460,461,-1,461,460,462,-1,461,462,463,-1,463,462,464,-1,463,464,465,-1,465,464,435,-1,465,435,434,-1,466,467,436,-1,436,467,437,-1,468,469,470,-1,468,470,471,-1,471,470,467,-1,471,467,466,-1,472,473,468,-1,468,473,469,-1,474,475,476,-1,474,476,477,-1,477,476,473,-1,477,473,472,-1,478,479,474,-1,474,479,475,-1,480,481,482,-1,480,482,483,-1,483,482,484,-1,483,484,485,-1,485,484,479,-1,485,479,478,-1,481,480,486,-1,486,480,487,-1,486,487,488,-1,488,487,489,-1,489,487,490,-1,489,490,491,-1,492,493,494,-1,492,494,495,-1,495,494,496,-1,495,496,497,-1,497,496,498,-1,497,498,499,-1,499,498,500,-1,499,500,501,-1,501,500,502,-1,501,502,503,-1,503,502,504,-1,503,504,505,-1,505,504,506,-1,505,506,507,-1,507,506,508,-1,507,508,509,-1,509,508,510,-1,509,510,511,-1,511,510,512,-1,511,512,513,-1,513,512,491,-1,513,491,490,-1,514,515,492,-1,492,515,493,-1,516,517,518,-1,516,518,519,-1,519,518,515,-1,519,515,514,-1,520,521,516,-1,516,521,517,-1,520,322,521,-1,521,322,323,-1,421,423,358,-1,362,365,394,-1,394,365,360,-1,324,327,334,-1,423,400,358,-1,358,400,396,-1,358,396,360,-1,360,396,399,-1,360,399,394,-1,430,433,358,-1,433,428,358,-1,358,428,424,-1,358,424,427,-1,427,402,358,-1,358,402,405,-1,358,405,407,-1,322,356,320,-1,320,356,334,-1,320,334,329,-1,329,334,327,-1,362,394,366,-1,366,394,370,-1,366,370,368,-1,368,370,373,-1,368,373,375,-1,358,413,415,-1,463,465,520,-1,520,465,434,-1,520,434,322,-1,322,434,430,-1,322,430,356,-1,356,430,358,-1,407,409,358,-1,358,409,411,-1,358,411,413,-1,351,353,337,-1,337,353,334,-1,330,324,332,-1,332,324,334,-1,332,334,355,-1,355,334,353,-1,451,453,520,-1,520,453,455,-1,520,455,457,-1,375,377,368,-1,368,377,379,-1,368,379,381,-1,415,417,358,-1,358,417,419,-1,358,419,421,-1,507,509,495,-1,495,509,511,-1,495,511,492,-1,492,511,513,-1,492,513,490,-1,477,472,520,-1,520,472,468,-1,520,468,471,-1,471,466,520,-1,520,466,436,-1,520,436,439,-1,391,385,389,-1,389,385,387,-1,381,383,368,-1,368,383,385,-1,368,385,393,-1,393,385,391,-1,445,447,520,-1,520,447,449,-1,520,449,451,-1,457,459,520,-1,520,459,461,-1,520,461,463,-1,490,487,492,-1,492,487,480,-1,492,480,514,-1,514,480,483,-1,514,483,519,-1,519,483,485,-1,519,485,516,-1,516,485,478,-1,516,478,520,-1,520,478,474,-1,520,474,477,-1,439,441,520,-1,520,441,443,-1,520,443,445,-1,345,347,337,-1,337,347,349,-1,337,349,351,-1,501,495,499,-1,499,495,497,-1,501,503,495,-1,495,503,505,-1,495,505,507,-1,339,341,337,-1,337,341,343,-1,337,343,345,-1,522,523,524,-1,524,523,525,-1,526,527,522,-1,522,527,523,-1,528,529,526,-1,526,529,527,-1,530,531,532,-1,530,532,533,-1,533,532,534,-1,533,534,535,-1,535,534,536,-1,535,536,537,-1,537,536,538,-1,537,538,539,-1,539,538,540,-1,539,540,541,-1,541,540,542,-1,541,542,543,-1,543,542,529,-1,543,529,528,-1,544,545,546,-1,544,546,547,-1,547,546,548,-1,547,548,549,-1,549,548,550,-1,549,550,551,-1,551,550,552,-1,551,552,553,-1,553,552,554,-1,553,554,555,-1,555,554,556,-1,555,556,557,-1,557,556,558,-1,557,558,559,-1,559,558,531,-1,559,531,530,-1,560,561,562,-1,560,562,563,-1,563,562,564,-1,563,564,565,-1,565,564,566,-1,565,566,567,-1,567,566,568,-1,567,568,569,-1,569,568,570,-1,569,570,571,-1,571,570,572,-1,571,572,573,-1,573,572,545,-1,573,545,544,-1,574,575,576,-1,574,576,577,-1,577,576,578,-1,577,578,579,-1,579,578,580,-1,579,580,581,-1,581,580,582,-1,581,582,583,-1,583,582,584,-1,583,584,585,-1,585,584,586,-1,585,586,587,-1,587,586,561,-1,587,561,560,-1,588,589,574,-1,574,589,575,-1,590,591,588,-1,588,591,589,-1,592,593,594,-1,592,594,595,-1,595,594,596,-1,595,596,597,-1,597,596,598,-1,597,598,599,-1,599,598,600,-1,599,600,601,-1,601,600,602,-1,601,602,603,-1,603,602,604,-1,603,604,605,-1,605,604,591,-1,605,591,590,-1,606,607,608,-1,606,608,609,-1,609,608,610,-1,609,610,611,-1,611,610,612,-1,611,612,613,-1,613,612,614,-1,613,614,615,-1,615,614,616,-1,615,616,617,-1,617,616,618,-1,617,618,619,-1,619,618,620,-1,619,620,621,-1,621,620,593,-1,621,593,592,-1,622,623,624,-1,622,624,625,-1,625,624,626,-1,625,626,627,-1,627,626,628,-1,627,628,629,-1,629,628,630,-1,629,630,631,-1,631,630,632,-1,631,632,633,-1,633,632,634,-1,633,634,635,-1,635,634,607,-1,635,607,606,-1,636,637,638,-1,636,638,639,-1,639,638,640,-1,639,640,641,-1,641,640,642,-1,641,642,643,-1,643,642,623,-1,643,623,622,-1,644,645,636,-1,636,645,637,-1,644,524,645,-1,645,524,525,-1,526,522,644,-1,644,522,524,-1,636,535,644,-1,644,535,537,-1,644,537,539,-1,528,526,543,-1,543,526,644,-1,543,644,541,-1,541,644,539,-1,636,639,535,-1,535,639,641,-1,535,641,533,-1,533,641,643,-1,533,643,530,-1,530,643,622,-1,530,622,559,-1,622,625,559,-1,559,625,627,-1,559,627,557,-1,557,627,629,-1,557,629,555,-1,555,629,631,-1,555,631,553,-1,553,631,633,-1,553,633,551,-1,551,633,549,-1,549,633,635,-1,549,635,547,-1,547,635,606,-1,547,606,544,-1,544,606,609,-1,544,609,573,-1,573,609,611,-1,573,611,571,-1,571,611,613,-1,571,613,569,-1,569,613,615,-1,569,615,567,-1,567,615,617,-1,567,617,565,-1,565,617,619,-1,565,619,563,-1,563,619,621,-1,563,621,560,-1,560,621,592,-1,560,592,587,-1,587,592,595,-1,587,595,585,-1,585,595,597,-1,585,597,583,-1,583,597,599,-1,583,599,581,-1,581,599,601,-1,581,601,579,-1,579,601,603,-1,579,603,577,-1,577,603,605,-1,577,605,574,-1,574,605,590,-1,574,590,588,-1,646,647,648,-1,646,648,649,-1,649,648,650,-1,649,650,651,-1,652,653,654,-1,652,654,655,-1,655,654,656,-1,655,656,657,-1,657,656,647,-1,657,647,646,-1,658,659,652,-1,652,659,653,-1,660,661,662,-1,660,662,663,-1,663,662,664,-1,663,664,665,-1,665,664,666,-1,665,666,667,-1,667,666,668,-1,667,668,669,-1,669,668,670,-1,669,670,671,-1,671,670,672,-1,671,672,673,-1,673,672,659,-1,673,659,658,-1,674,675,676,-1,674,676,677,-1,677,676,678,-1,677,678,679,-1,679,678,680,-1,679,680,681,-1,681,680,682,-1,681,682,683,-1,683,682,684,-1,683,684,685,-1,685,684,661,-1,685,661,660,-1,686,687,688,-1,686,688,689,-1,689,688,690,-1,689,690,691,-1,691,690,692,-1,691,692,693,-1,693,692,694,-1,693,694,695,-1,695,694,696,-1,695,696,697,-1,697,696,698,-1,697,698,699,-1,699,698,700,-1,699,700,701,-1,701,700,702,-1,701,702,703,-1,703,702,675,-1,703,675,674,-1,704,705,686,-1,686,705,687,-1,706,707,704,-1,704,707,705,-1,708,709,710,-1,708,710,711,-1,711,710,712,-1,711,712,713,-1,713,712,714,-1,713,714,715,-1,715,714,716,-1,715,716,717,-1,717,716,718,-1,717,718,719,-1,719,718,720,-1,719,720,721,-1,721,720,722,-1,721,722,723,-1,723,722,724,-1,723,724,725,-1,725,724,726,-1,725,726,727,-1,727,726,728,-1,727,728,729,-1,729,728,707,-1,729,707,706,-1,730,731,708,-1,708,731,709,-1,732,733,730,-1,730,733,731,-1,733,732,734,-1,735,736,737,-1,735,737,734,-1,734,737,738,-1,734,738,733,-1,739,740,735,-1,735,740,736,-1,739,649,740,-1,740,649,651,-1,663,665,693,-1,693,665,667,-1,693,667,691,-1,660,663,685,-1,685,663,693,-1,685,693,683,-1,683,693,695,-1,683,695,681,-1,732,730,658,-1,658,730,708,-1,658,708,711,-1,667,669,691,-1,691,669,671,-1,691,671,689,-1,689,671,673,-1,649,739,646,-1,646,739,735,-1,646,735,657,-1,657,735,734,-1,657,734,655,-1,655,734,732,-1,655,732,652,-1,652,732,658,-1,711,713,658,-1,658,713,715,-1,658,715,717,-1,677,697,699,-1,697,677,695,-1,695,677,679,-1,695,679,681,-1,717,719,658,-1,658,719,721,-1,658,721,723,-1,723,725,658,-1,658,725,727,-1,658,727,729,-1,729,706,658,-1,658,706,704,-1,658,704,673,-1,673,704,686,-1,673,686,689,-1,699,701,677,-1,677,701,703,-1,677,703,674,-1,
        ]
    }
}
Shape{
    appearance Appearance {
        material  Material 	{
            diffuseColor 0.10980392156862745 0.10980392156862745 0.10980392156862745
            specularColor 0.00784313725490196 0.00784313725490196 0.00784313725490196
            ambientIntensity 0.1569
            transparency 0.0
            shininess 0.5
        }
    }
    geometry IndexedFaceSet {
        ccw TRUE
        solid FALSE
        coord DEF co Coordinate {
            point [
                -1.1461 -1.1904 0.0787, -1.1309 -1.1757 0.0787, -1.1671 -1.3347 0.0787, -1.2039 -1.1683 0.0787, -1.1816 -1.1729 0.0787, -1.1651 -1.1781 0.0787, -1.1603 -1.1807 0.0787, -1.4187 -1.345 0.0787, -1.4187 -1.0454 0.0787, -1.408 -1.3495 0.0787, -1.4099 -1.0451 0.0787, -1.4012 -1.0454 0.0787, -1.3762 -1.0483 0.0787, -1.3588 -1.0505 0.0787, -1.3592 -1.3569 0.0787, -1.3839 -1.3551 0.0787, -1.302 -1.2306 0.0787, -1.3033 -1.1472 0.0787, -1.3443 -1.354 0.0787, -1.3086 -1.3075 0.0787, -1.3136 -1.3245 0.0787, -1.3461 -1.0538 0.0787, -1.337 -1.0578 0.0787, -1.3302 -1.0632 0.0787, -1.3199 -1.3367 0.0787, -1.3267 -1.3448 0.0787, -1.3334 -1.3497 0.0787, -1.3236 -1.0717 0.0787, -1.3124 -1.0969 0.0787, -3.2362 0.7874 -0.1181, -3.2362 -3.937 -0.1181, -3.2362 0.7874 3.9764, -3.2362 -3.937 3.9764, -3.2362 -3.4912 4.6858, -3.2362 -3.9173 4.1516, -3.2362 -3.3248 4.744, -3.2362 -3.1496 4.7638, -3.2362 -3.859 4.318, -3.2362 -3.7652 4.4673, -3.2362 -3.6405 4.592, -3.2362 0.0 4.7638, -3.2362 0.1752 4.744, -3.2362 0.7677 4.1516, -3.2362 0.3416 4.6858, -3.2362 0.4909 4.592, -3.2362 0.6156 4.4673, -3.2362 0.7094 4.318
            ]
        }
        coordIndex [
            0,1,2,-1,2,3,4,-1,4,5,2,-1,2,5,6,-1,2,6,0,-1,7,8,9,-1,9,8,10,-1,10,11,9,-1,9,11,12,-1,9,12,13,-1,14,15,16,-1,16,15,9,-1,16,9,17,-1,14,16,18,-1,18,16,19,-1,18,19,20,-1,13,21,9,-1,9,21,22,-1,9,22,23,-1,20,24,18,-1,18,24,25,-1,18,25,26,-1,23,27,9,-1,9,27,28,-1,9,28,17,-1,29,30,31,-1,31,30,32,-1,33,32,34,-1,33,35,32,-1,32,35,36,-1,32,36,31,-1,34,37,33,-1,33,37,38,-1,33,38,39,-1,36,40,31,-1,31,40,41,-1,31,41,42,-1,42,41,43,-1,43,44,42,-1,42,44,45,-1,42,45,46,-1,
        ]
    }
}
Shape{
    appearance Appearance {
        material  Material 	{
            diffuseColor 0.6470588235294118 0.6196078431372549 0.5882352941176471
            specularColor 0.45098039215686275 0.43529411764705883 0.4117647058823529
            ambientIntensity 0.6242
            transparency 0.0
            shininess 0.5
        }
    }
    geometry IndexedFaceSet {
        ccw TRUE
        solid FALSE
        coord DEF co Coordinate {
            point [
                1.2638 -0.1181 -1.7323, 1.2638 0.1181 -1.7323, 1.2718 0.1181 -1.7934, 1.2718 -0.1181 -1.7934, 1.2954 0.1181 -1.8504, 1.2954 -0.1181 -1.8504, 1.333 0.1181 -1.8993, 1.333 -0.1181 -1.8993, 1.3819 0.1181 -1.9369, 1.3819 -0.1181 -1.9369, 1.4389 0.1181 -1.9605, 1.4389 -0.1181 -1.9605, 1.5 0.1181 -1.9685, 1.5 -0.1181 -1.9685, 1.5611 0.1181 -1.9605, 1.5611 -0.1181 -1.9605, 1.6181 0.1181 -1.9369, 1.6181 -0.1181 -1.9369, 1.667 0.1181 -1.8993, 1.667 -0.1181 -1.8993, 1.7046 0.1181 -1.8504, 1.7046 -0.1181 -1.8504, 1.7282 0.1181 -1.7934, 1.7282 -0.1181 -1.7934, 1.7362 0.1181 -1.7323, 1.7362 -0.1181 -1.7323
            ]
        }
        coordIndex [
            0,1,2,-1,0,2,3,-1,3,2,4,-1,3,4,5,-1,5,4,6,-1,5,6,7,-1,7,6,8,-1,7,8,9,-1,9,8,10,-1,9,10,11,-1,11,10,12,-1,11,12,13,-1,13,12,14,-1,13,14,15,-1,15,14,16,-1,15,16,17,-1,17,16,18,-1,17,18,19,-1,19,18,20,-1,19,20,21,-1,21,20,22,-1,21,22,23,-1,23,22,24,-1,23,24,25,-1,
        ]
    }
}
Shape{
    appearance Appearance {
        material  Material 	{
            diffuseColor 0.10980392156862745 0.10980392156862745 0.10980392156862745
            specularColor 0.00784313725490196 0.00784313725490196 0.00784313725490196
            ambientIntensity 0.1569
            transparency 0.0
            shininess 0.5
        }
    }
    geometry IndexedFaceSet {
        ccw TRUE
        solid FALSE
        coord DEF co Coordinate {
            point [
                1.7439 0.3937 0.0787, 2.6426 0.3937 0.0787, 2.6426 -0.5601 0.0787, 0.978 -1.3971 0.0787, 0.9862 -1.3868 0.0787, 1.1219 -1.3868 0.0787, 1.7362 -0.1181 0.0787, 1.7439 -0.5601 0.0787, 1.522 -0.1181 0.0787, 1.522 -0.5601 0.0787, 1.3239 -0.1181 0.0787, 1.3239 -0.5601 0.0787, 1.2638 -0.1181 0.0787, 1.1219 -0.5601 0.0787, 1.7362 0.1181 0.0787, 1.522 0.3937 0.0787, 1.522 0.1181 0.0787, 1.3239 0.3937 0.0787, 1.3239 0.1181 0.0787, 1.1219 0.3937 0.0787, 1.2638 0.1181 0.0787, 1.8703 -1.1671 0.0787, 1.7933 -1.1485 0.0787, 1.9037 -1.0296 0.0787, 1.7752 -1.0641 0.0787, 1.9062 -1.0152 0.0787, 1.9128 -1.0046 0.0787, 1.9125 -1.004 0.0787, 1.7574 -1.0034 0.0787, 1.757 -1.0049 0.0787, 1.7439 -1.0152 0.0787, 1.756 -1.012 0.0787, 1.7589 -1.0021 0.0787, 1.7585 -1.0022 0.0787, 1.7581 -1.0025 0.0787, 1.7577 -1.0028 0.0787, 1.913 -1.0055 0.0787, 1.9106 -1.0029 0.0787, 1.7633 -1.0075 0.0787, 1.7625 -1.0055 0.0787, 1.7652 -1.0152 0.0787, 1.9101 -1.003 0.0787, 1.9095 -1.0033 0.0787, 1.7666 -1.0211 0.0787, 1.9076 -1.0069 0.0787, 1.908 -1.0054 0.0787, 1.9142 -1.0152 0.0787, 1.9139 -1.012 0.0787, 2.6426 -1.0152 0.0787, 1.9136 -1.009 0.0787, 1.9133 -1.0069 0.0787, 1.909 -1.0037 0.0787, 1.9085 -1.0044 0.0787, 1.7602 -1.0023 0.0787, 1.7598 -1.0021 0.0787, 1.7593 -1.002 0.0787, 1.7619 -1.0042 0.0787, 1.7613 -1.0033 0.0787, 1.7607 -1.0027 0.0787, 1.9123 -1.0035 0.0787, 1.9119 -1.0032 0.0787, 1.9114 -1.003 0.0787, 1.911 -1.0029 0.0787, 1.9182 -1.0606 0.0787, 1.9173 -1.0473 0.0787, 1.9171 -1.0648 0.0787, 1.9177 -1.0639 0.0787, 2.6426 -1.3835 0.0787, 1.9181 -1.0633 0.0787, 1.9182 -1.0627 0.0787, 1.9173 -1.0471 0.0787, 1.915 -1.0217 0.0787, 2.6426 -1.3868 0.0787, 1.8381 -1.3835 0.0787, 1.8918 -1.1462 0.0787, 1.8986 -1.1179 0.0787, 1.9016 -1.1045 0.0787, 1.9054 -1.0913 0.0787, 1.9093 -1.0806 0.0787, 1.9129 -1.0705 0.0787, 1.9153 -1.0669 0.0787, 1.7439 -2.4702 0.0787, 1.829 -1.3891 0.0787, 2.6426 -2.4702 0.0787, 1.8368 -1.3891 0.0787, 1.8374 -1.3868 0.0787, 1.7706 -1.1191 0.0787, 1.8277 -1.3835 0.0787, 1.7439 -1.3835 0.0787, 1.7571 -1.0692 0.0787, 1.7645 -1.094 0.0787, 1.7542 -1.0641 0.0787, 1.7531 -1.0619 0.0787, 1.7557 -1.0152 0.0787, 1.7553 -1.0188 0.0787, 1.7525 -1.0426 0.0787, 1.752 -1.0588 0.0787, 1.7518 -1.0536 0.0787, 1.544 -1.0437 0.0787, 1.5443 -1.044 0.0787, 1.522 -1.3835 0.0787, 1.6654 -1.3725 0.0787, 1.6758 -1.3671 0.0787, 1.6648 -1.0356 0.0787, 1.6541 -1.0314 0.0787, 1.5433 -1.0401 0.0787, 1.5432 -1.0407 0.0787, 1.522 -1.0152 0.0787, 1.6527 -1.3756 0.0787, 1.5465 -1.0445 0.0787, 1.5655 -1.341 0.0787, 1.5451 -1.0444 0.0787, 1.5446 -1.0442 0.0787, 1.5426 -1.3608 0.0787, 1.5427 -1.3622 0.0787, 1.5431 -1.3636 0.0787, 1.5436 -1.3645 0.0787, 1.6852 -1.3588 0.0787, 1.6942 -1.3457 0.0787, 1.703 -1.3226 0.0787, 1.5643 -1.0181 0.0787, 1.5561 -1.0256 0.0787, 1.5581 -1.345 0.0787, 1.5479 -1.3535 0.0787, 1.5485 -1.0443 0.0787, 1.5564 -1.0443 0.0787, 1.5655 -1.0443 0.0787, 1.6351 -1.3767 0.0787, 1.6225 -1.3757 0.0787, 1.613 -1.025 0.0787, 1.5881 -1.0222 0.0787, 1.5789 -1.0197 0.0787, 1.5431 -1.0414 0.0787, 1.5433 -1.0421 0.0787, 1.5437 -1.0433 0.0787, 1.5616 -1.3428 0.0787, 1.5454 -1.3555 0.0787, 1.5439 -1.3574 0.0787, 1.5429 -1.3595 0.0787, 1.6973 -1.0764 0.0787, 1.6856 -1.0554 0.0787, 1.6757 -1.0437 0.0787, 1.5453 -1.0373 0.0787, 1.5444 -1.0385 0.0787, 1.5437 -1.0394 0.0787, 1.5535 -1.0285 0.0787, 1.5467 -1.0358 0.0787, 1.5768 -1.366 0.0787, 1.5887 -1.367 0.0787, 1.6102 -1.3733 0.0787, 1.5444 -1.3654 0.0787, 1.5451 -1.366 0.0787, 1.5553 -1.3642 0.0787, 1.7113 -1.2592 0.0787, 1.7139 -1.1807 0.0787, 1.7081 -1.1139 0.0787, 1.5671 -1.3642 0.0787, 1.572 -1.3651 0.0787, 1.569 -1.015 0.0787, 1.5684 -1.0152 0.0787, 1.5679 -1.0154 0.0787, 1.5706 -1.0149 0.0787, 1.5711 -1.015 0.0787, 1.5714 -1.0152 0.0787, 1.5729 -1.0161 0.0787, 1.3477 -1.3663 0.0787, 1.3479 -1.3665 0.0787, 1.3239 -1.3835 0.0787, 1.4856 -1.2134 0.0787, 1.4846 -1.2129 0.0787, 1.4832 -1.0647 0.0787, 1.3475 -1.3658 0.0787, 1.3779 -1.2176 0.0787, 1.4254 -1.2238 0.0787, 1.3779 -1.3421 0.0787, 1.4451 -1.2277 0.0787, 1.4685 -1.2385 0.0787, 1.4849 -1.3586 0.0787, 1.4759 -1.3574 0.0787, 1.3481 -1.3667 0.0787, 1.3484 -1.3669 0.0787, 1.3492 -1.3671 0.0787, 1.4625 -1.3556 0.0787, 1.4492 -1.354 0.0787, 1.4634 -1.2357 0.0787, 1.4576 -1.2322 0.0787, 1.4864 -1.2142 0.0787, 1.3239 -1.0152 0.0787, 1.3609 -1.0179 0.0787, 1.3596 -1.0185 0.0787, 1.3489 -1.3577 0.0787, 1.348 -1.3596 0.0787, 1.3475 -1.3624 0.0787, 1.4898 -1.3634 0.0787, 1.4899 -1.3626 0.0787, 1.4861 -1.2205 0.0787, 1.4868 -1.2193 0.0787, 1.4862 -1.3587 0.0787, 1.4873 -1.2181 0.0787, 1.4874 -1.359 0.0787, 1.4874 -1.2172 0.0787, 1.4884 -1.3596 0.0787, 1.4892 -1.3603 0.0787, 1.3582 -1.0196 0.0787, 1.357 -1.021 0.0787, 1.3564 -1.0223 0.0787, 1.3474 -1.364 0.0787, 1.3474 -1.3653 0.0787, 1.4713 -1.3846 0.0787, 1.4723 -1.3835 0.0787, 1.4877 -1.3676 0.0787, 1.3779 -1.1978 0.0787, 1.3779 -1.0443 0.0787, 1.4623 -1.0561 0.0787, 1.4849 -1.2221 0.0787, 1.499 -1.0471 0.0787, 1.5013 -1.0416 0.0787, 1.501 -1.0407 0.0787, 1.5005 -1.0396 0.0787, 1.3625 -1.0176 0.0787, 1.3653 -1.0178 0.0787, 1.356 -1.0246 0.0787, 1.3561 -1.0278 0.0787, 1.3563 -1.029 0.0787, 1.4899 -1.3618 0.0787, 1.4896 -1.361 0.0787, 1.4835 -1.2125 0.0787, 1.4821 -1.2124 0.0787, 1.4781 -1.0618 0.0787, 1.4705 -1.0583 0.0787, 1.3551 -1.3497 0.0787, 1.3512 -1.3544 0.0787, 1.3508 -1.3672 0.0787, 1.3524 -1.367 0.0787, 1.3631 -1.3654 0.0787, 1.4874 -1.2163 0.0787, 1.4871 -1.2154 0.0787, 1.5007 -1.0447 0.0787, 1.5012 -1.0434 0.0787, 1.5014 -1.0424 0.0787, 1.5001 -1.0391 0.0787, 1.4997 -1.0387 0.0787, 1.499 -1.0384 0.0787, 1.499 -1.0384 0.0787, 1.4974 -1.0381 0.0787, 1.4957 -1.038 0.0787, 1.3727 -1.3642 0.0787, 1.3824 -1.3642 0.0787, 1.3841 -1.3642 0.0787, 1.4888 -1.3658 0.0787, 1.4895 -1.3644 0.0787, 1.4016 -1.0256 0.0787, 1.3756 -1.0211 0.0787, 1.3693 -1.0188 0.0787, 1.36 -1.0432 0.0787, 1.3614 -1.0579 0.0787, 1.3614 -1.0686 0.0787, 1.3952 -1.3645 0.0787, 1.4061 -1.366 0.0787, 1.4283 -1.3699 0.0787, 1.4478 -1.3738 0.0787, 1.4632 -1.3794 0.0787, 1.4662 -1.3812 0.0787, 1.4872 -1.0375 0.0787, 1.4443 -1.0323 0.0787, 1.3614 -1.3421 0.0787, 1.362 -1.0828 0.0787, 1.3618 -1.0757 0.0787, 0.9793 -1.3596 0.0787, 0.9756 -1.3835 0.0787, 0.6657 -1.3835 0.0787, 0.9751 -1.3868 0.0787, 0.6657 -1.3868 0.0787, 0.974 -1.3925 0.0787, 0.9944 -1.3302 0.0787, 1.0768 -1.0576 0.0787, 1.0787 -1.0584 0.0787, 1.1219 -1.3835 0.0787, 0.9888 -1.3835 0.0787, 1.0029 -1.366 0.0787, 1.1219 -1.0152 0.0787, 1.102 -1.033 0.0787, 1.1013 -1.0317 0.0787, 0.997 -1.3535 0.0787, 0.9946 -1.3375 0.0787, 1.0982 -1.041 0.0787, 1.1003 -1.0387 0.0787, 1.1012 -1.037 0.0787, 1.1017 -1.035 0.0787, 1.0919 -1.0468 0.0787, 0.9944 -1.0415 0.0787, 1.038 -1.0451 0.0787, 1.0588 -1.0483 0.0787, 1.0658 -1.0499 0.0787, 1.0698 -1.0519 0.0787, 1.0751 -1.0564 0.0787, 0.9802 -1.0186 0.0787, 0.9794 -1.0189 0.0787, 0.6657 -1.0152 0.0787, 0.9787 -1.0194 0.0787, 0.9767 -1.0234 0.0787, 0.9767 -1.0265 0.0787, 0.9783 -1.0404 0.0787, 0.978 -1.0202 0.0787, 0.9771 -1.0219 0.0787, 0.9785 -1.0437 0.0787, 0.9796 -1.0771 0.0787, 0.9796 -1.332 0.0787, 1.1008 -1.0312 0.0787, 1.1001 -1.0307 0.0787, 1.0987 -1.0302 0.0787, 1.0966 -1.0299 0.0787, 1.0866 -1.0297 0.0787, 1.0723 -1.0276 0.0787, 1.035 -1.0238 0.0787, 1.0227 -1.0228 0.0787, 0.9989 -1.0205 0.0787, 0.9814 -1.0184 0.0787, 0.9829 -1.0185 0.0787, 0.9858 -1.0194 0.0787, 1.8285 -1.3868 0.0787, 1.7439 -1.3868 0.0787, 1.522 -1.3868 0.0787, 1.3239 -1.3868 0.0787, 1.4697 -1.3835 0.0787, 1.2916 -1.3761 0.0787, 1.2916 -1.2249 0.0787, 1.2265 -1.3823 0.0787, 1.2432 -1.378 0.0787, 1.2832 -1.3761 0.0787, 1.2562 -1.3708 0.0787, 1.2958 -1.0877 0.0787, 1.2894 -1.0624 0.0787, 1.2614 -1.0246 0.0787, 1.2478 -1.0182 0.0787, 1.2344 -1.016 0.0787, 1.2199 -1.0165 0.0787, 1.2049 -1.0211 0.0787, 1.1609 -1.3208 0.0787, 1.1729 -1.3479 0.0787, 1.3001 -1.1553 0.0787, 1.2796 -1.0427 0.0787, 1.2723 -1.0333 0.0787, 1.2675 -1.3606 0.0787, 1.2741 -1.3518 0.0787, 1.2791 -1.3427 0.0787, 1.1845 -1.3629 0.0787, 1.202 -1.3765 0.0787, 1.2104 -1.3806 0.0787, 1.1603 -1.1717 0.0787, 1.2882 -1.1259 0.0787, 1.1623 -1.2617 0.0787, 1.291 -1.1558 0.0787, 1.1675 -1.2913 0.0787, 1.1918 -1.0288 0.0787, 1.1824 -1.0384 0.0787, 1.1694 -1.0596 0.0787, 1.2265 -1.0347 0.0787, 1.1743 -1.0908 0.0787, 1.2809 -1.2249 0.0787, 1.2761 -1.3047 0.0787, 1.2186 -1.3822 0.0787, 1.2619 -1.0474 0.0787, 1.2702 -1.057 0.0787, 1.2396 -1.3618 0.0787, 1.1996 -1.3536 0.0787, 1.1905 -1.3447 0.0787, 1.2392 -1.0356 0.0787, 1.2517 -1.0403 0.0787, 1.2776 -1.0717 0.0787, 1.2857 -1.1091 0.0787, 1.2311 -1.3637 0.0787, 1.2193 -1.363 0.0787, 1.2091 -1.3596 0.0787, 1.1536 -1.107 0.0787, 1.1474 -1.1454 0.0787, 1.1473 -1.2595 0.0787, 1.2039 -1.042 0.0787, 1.1958 -1.0495 0.0787, 1.1828 -1.0677 0.0787, 1.2112 -1.0377 0.0787, 1.2186 -1.0354 0.0787, 1.2691 -1.3304 0.0787, 1.262 -1.3443 0.0787, 1.2552 -1.3525 0.0787, 1.1807 -1.3293 0.0787, 1.2476 -1.3583 0.0787, 1.522 -2.4702 0.0787, 1.3239 -2.4702 0.0787, 1.1219 -2.4702 0.0787, 0.6657 -2.4702 0.0787, 0.6657 0.3937 0.0787, 0.6657 -0.5601 0.0787, 0.3574 0.3937 0.0787, 0.3574 -0.5601 0.0787, 0.3574 -1.0152 0.0787, 0.3574 -1.3835 0.0787, 0.3574 -1.3868 0.0787, 0.3574 -2.4702 0.0787, 2.6426 -3.5433 0.0787, 1.7439 -3.5433 0.0787, 1.522 -3.5433 0.0787, 1.3239 -3.5433 0.0787, 1.1219 -3.5433 0.0787, 0.6657 -3.5433 0.0787, 0.3574 -3.5433 0.0787
            ]
        }
        coordIndex [
            0,1,2,-1,3,4,5,-1,6,7,8,-1,8,7,9,-1,8,9,10,-1,10,9,11,-1,10,11,12,-1,12,11,13,-1,0,14,15,-1,15,14,16,-1,15,16,17,-1,17,16,18,-1,17,18,19,-1,19,18,20,-1,21,22,23,-1,23,22,24,-1,23,24,25,-1,26,27,2,-1,28,29,30,-1,30,29,31,-1,32,33,7,-1,7,33,34,-1,7,34,30,-1,30,34,35,-1,30,35,28,-1,26,2,36,-1,37,38,39,-1,38,37,40,-1,40,37,41,-1,40,41,42,-1,24,43,25,-1,25,43,40,-1,25,40,44,-1,44,40,45,-1,46,47,48,-1,48,47,49,-1,48,49,2,-1,2,49,50,-1,2,50,36,-1,42,51,40,-1,40,51,52,-1,40,52,45,-1,53,54,7,-1,7,54,55,-1,7,55,32,-1,39,56,37,-1,37,56,57,-1,37,57,58,-1,59,60,7,-1,7,60,61,-1,61,62,7,-1,7,62,37,-1,7,37,53,-1,53,37,58,-1,63,64,48,-1,65,66,67,-1,67,66,68,-1,67,68,48,-1,48,68,69,-1,48,69,63,-1,64,70,48,-1,48,70,71,-1,48,71,46,-1,72,73,67,-1,67,73,74,-1,67,74,75,-1,75,76,67,-1,67,76,77,-1,67,77,78,-1,78,79,67,-1,67,79,80,-1,67,80,65,-1,81,82,83,-1,83,82,84,-1,83,84,72,-1,72,84,85,-1,72,85,73,-1,86,87,88,-1,89,90,91,-1,91,90,92,-1,31,93,30,-1,30,93,94,-1,30,94,95,-1,90,86,92,-1,92,86,88,-1,92,88,96,-1,96,88,30,-1,96,30,97,-1,97,30,95,-1,98,99,100,-1,101,102,88,-1,30,103,104,-1,105,106,107,-1,101,88,108,-1,109,110,111,-1,111,110,112,-1,113,114,100,-1,100,114,115,-1,100,115,116,-1,102,117,88,-1,88,117,118,-1,88,118,119,-1,107,120,121,-1,99,122,123,-1,109,124,110,-1,110,124,125,-1,110,125,126,-1,108,88,127,-1,127,88,100,-1,127,100,128,-1,104,129,30,-1,30,129,130,-1,30,130,131,-1,106,132,107,-1,107,132,133,-1,107,133,100,-1,100,133,134,-1,100,134,98,-1,112,110,99,-1,99,110,135,-1,99,135,122,-1,123,136,99,-1,99,136,137,-1,99,137,100,-1,100,137,138,-1,100,138,113,-1,139,140,30,-1,30,140,141,-1,30,141,103,-1,142,143,107,-1,107,143,144,-1,107,144,105,-1,121,145,107,-1,107,145,146,-1,107,146,142,-1,147,148,100,-1,100,148,149,-1,100,149,128,-1,116,150,100,-1,100,150,151,-1,100,151,152,-1,119,153,88,-1,88,153,154,-1,88,154,30,-1,30,154,155,-1,30,155,139,-1,152,156,100,-1,100,156,157,-1,100,157,147,-1,158,159,107,-1,107,159,160,-1,107,160,120,-1,161,9,162,-1,162,9,7,-1,162,7,163,-1,163,7,30,-1,163,30,164,-1,164,30,131,-1,165,166,167,-1,168,169,170,-1,165,167,171,-1,172,173,174,-1,174,173,175,-1,176,177,178,-1,166,179,167,-1,167,179,180,-1,167,180,181,-1,178,182,176,-1,176,182,183,-1,176,183,184,-1,184,183,174,-1,184,174,185,-1,185,174,175,-1,168,170,186,-1,187,188,189,-1,190,191,167,-1,167,191,192,-1,193,194,100,-1,195,196,197,-1,197,196,198,-1,197,198,199,-1,199,198,200,-1,199,200,201,-1,201,200,202,-1,189,203,187,-1,187,203,204,-1,187,204,205,-1,192,206,167,-1,167,206,207,-1,167,207,171,-1,208,209,100,-1,100,209,210,-1,211,212,213,-1,177,176,197,-1,197,176,214,-1,197,214,195,-1,100,170,215,-1,216,217,107,-1,107,217,218,-1,188,187,219,-1,219,187,107,-1,219,107,220,-1,205,221,187,-1,187,221,222,-1,187,222,223,-1,194,224,100,-1,100,224,225,-1,100,225,202,-1,169,226,170,-1,170,226,227,-1,170,227,228,-1,228,227,211,-1,228,211,229,-1,229,211,213,-1,230,231,187,-1,181,232,167,-1,167,232,233,-1,167,233,234,-1,202,200,100,-1,100,200,235,-1,100,235,170,-1,170,235,236,-1,170,236,186,-1,215,237,100,-1,100,237,238,-1,100,238,107,-1,107,238,239,-1,107,239,216,-1,218,240,107,-1,107,240,241,-1,107,241,242,-1,242,243,107,-1,107,243,244,-1,107,244,245,-1,234,246,167,-1,167,246,247,-1,167,247,248,-1,210,249,100,-1,100,249,250,-1,100,250,193,-1,251,252,107,-1,107,252,253,-1,107,253,220,-1,223,254,187,-1,187,254,255,-1,187,255,256,-1,248,257,167,-1,167,257,258,-1,167,258,259,-1,259,260,167,-1,167,260,261,-1,167,261,262,-1,245,263,107,-1,107,263,264,-1,107,264,251,-1,265,230,266,-1,266,230,187,-1,266,187,267,-1,267,187,256,-1,268,269,270,-1,270,269,271,-1,270,271,272,-1,272,271,273,-1,272,273,3,-1,274,275,276,-1,277,278,279,-1,280,281,282,-1,279,283,277,-1,277,283,284,-1,277,284,274,-1,285,286,277,-1,277,286,287,-1,277,287,280,-1,280,287,288,-1,280,288,281,-1,274,276,277,-1,277,276,289,-1,277,289,285,-1,290,291,274,-1,274,291,292,-1,274,292,293,-1,293,294,274,-1,274,294,295,-1,274,295,275,-1,296,297,298,-1,298,297,299,-1,300,301,298,-1,298,301,302,-1,299,303,298,-1,298,303,304,-1,298,304,300,-1,302,305,298,-1,298,305,306,-1,298,306,270,-1,270,306,307,-1,270,307,268,-1,282,308,280,-1,280,308,309,-1,280,309,310,-1,310,311,280,-1,280,311,312,-1,280,312,313,-1,313,314,280,-1,280,314,315,-1,280,315,316,-1,296,298,317,-1,317,298,280,-1,317,280,318,-1,318,280,316,-1,318,316,319,-1,27,59,2,-1,2,59,7,-1,2,7,0,-1,0,7,6,-1,0,6,14,-1,87,320,88,-1,88,320,321,-1,88,321,100,-1,100,321,322,-1,100,322,208,-1,208,322,323,-1,208,323,324,-1,167,325,326,-1,327,328,329,-1,329,328,330,-1,331,332,187,-1,333,334,187,-1,187,334,335,-1,187,335,280,-1,280,335,336,-1,280,336,337,-1,338,339,277,-1,331,187,340,-1,332,341,187,-1,187,341,342,-1,187,342,333,-1,330,343,329,-1,329,343,344,-1,329,344,345,-1,339,346,277,-1,277,346,347,-1,277,347,348,-1,349,350,351,-1,351,350,352,-1,351,352,353,-1,337,354,280,-1,280,354,355,-1,280,355,356,-1,357,349,358,-1,231,190,187,-1,187,190,167,-1,187,167,340,-1,340,167,326,-1,340,326,352,-1,352,326,359,-1,352,359,353,-1,353,359,360,-1,348,361,277,-1,277,361,327,-1,277,327,167,-1,167,327,329,-1,167,329,325,-1,349,362,363,-1,364,365,366,-1,357,367,349,-1,349,367,368,-1,349,368,362,-1,363,369,349,-1,349,369,370,-1,349,370,350,-1,371,372,364,-1,364,372,373,-1,364,373,365,-1,356,374,280,-1,280,374,375,-1,280,375,277,-1,277,375,376,-1,277,376,338,-1,377,358,378,-1,378,358,379,-1,377,380,358,-1,358,380,381,-1,358,381,357,-1,360,382,353,-1,353,382,383,-1,353,383,384,-1,366,385,364,-1,364,385,353,-1,364,353,386,-1,386,353,384,-1,262,324,167,-1,167,324,323,-1,167,323,277,-1,277,323,5,-1,277,5,278,-1,278,5,4,-1,320,82,321,-1,321,82,81,-1,321,81,322,-1,322,81,387,-1,322,387,323,-1,323,387,388,-1,323,388,5,-1,5,388,389,-1,5,389,3,-1,3,389,390,-1,3,390,272,-1,20,12,19,-1,19,12,13,-1,19,13,391,-1,391,13,392,-1,391,392,393,-1,161,158,9,-1,9,158,107,-1,9,107,11,-1,11,107,187,-1,11,187,13,-1,13,187,280,-1,13,280,392,-1,392,280,298,-1,393,392,394,-1,394,392,298,-1,394,298,395,-1,395,298,270,-1,395,270,396,-1,396,270,272,-1,396,272,397,-1,397,272,390,-1,397,390,398,-1,83,399,81,-1,81,399,400,-1,81,400,387,-1,387,400,401,-1,387,401,388,-1,388,401,402,-1,388,402,389,-1,389,402,403,-1,389,403,390,-1,390,403,404,-1,390,404,398,-1,398,404,405,-1,
        ]
    }
}
Shape{
    appearance Appearance {
        material  Material 	{
            diffuseColor 0.6470588235294118 0.6196078431372549 0.5882352941176471
            specularColor 0.45098039215686275 0.43529411764705883 0.4117647058823529
            ambientIntensity 0.6242
            transparency 0.0
            shininess 0.5
        }
    }
    geometry IndexedFaceSet {
        ccw TRUE
        solid FALSE
        coord DEF co Coordinate {
            point [
                0.9366 -1.752 4.3701, 0.9484 -1.7858 4.3701, 1.3228 -1.752 4.3701, 0.985 -1.8638 4.3701, 1.0326 -1.9357 4.3701, 1.0901 -1.9999 4.3701, 1.1564 -2.0551 4.3701, 1.23 -2.1 4.3701, 1.3093 -2.1337 4.3701, 1.3228 -2.1382 4.3701, 1.3228 -1.0115 4.3701, 1.3093 -1.0159 4.3701, 1.3228 -1.3976 4.3701, 1.23 -1.0496 4.3701, 1.1564 -1.0945 4.3701, 1.0901 -1.1497 4.3701, 1.0326 -1.2139 4.3701, 0.985 -1.2858 4.3701, 0.9484 -1.3638 4.3701, 0.9366 -1.3976 4.3701, 1.6772 -1.3976 4.3701, 2.0634 -1.3976 4.3701, 2.0347 -1.3241 4.3701, 1.8778 -1.1209 4.3701, 1.8076 -1.0707 4.3701, 1.731 -1.0313 4.3701, 1.6772 -1.0115 4.3701, 1.9925 -1.249 4.3701, 1.9398 -1.1807 4.3701, 1.0393 -1.2054 2.9742, 1.0049 -1.2528 2.9752, 1.0049 -0.7874 2.9752, 1.3066 -2.1328 2.8571, 1.3066 -2.3622 2.8571, 1.2422 -2.1061 2.9002, 1.1774 -2.3622 2.9349, 1.1937 -2.0787 2.9262, 1.1774 -2.0694 2.9349, 1.1265 -2.0322 2.9554, 1.0783 -2.3622 2.9685, 1.0783 -1.9882 2.9685, 1.0756 -1.9852 2.9689, 1.0049 -2.3622 2.9752, 1.0394 -1.9443 2.9742, 0.942 -2.3622 2.966, 0.9862 -1.8638 2.9734, 1.0049 -1.8968 2.9752, 0.91 -1.5994 2.9555, 0.9176 -1.6727 2.9584, 0.8753 -2.3622 2.9391, 0.9301 -1.4255 2.9624, 0.8753 -0.7874 2.9391, 0.942 -1.3814 2.966, 0.942 -0.7874 2.966, 0.9696 -1.3152 2.9718, 0.9101 -1.5748 2.9555, 0.9205 -1.4613 2.9594, 0.9102 -1.5442 2.9556, 0.9307 -1.7239 2.9625, 0.942 -1.7682 2.966, 0.9694 -1.8341 2.9718, 0.9862 -1.2858 2.9734, 1.0783 -0.7874 2.9685, 1.0783 -1.1614 2.9685, 1.0756 -1.1644 2.9689, 1.3066 -0.7874 2.8571, 1.3066 -1.0168 2.8571, 1.1774 -0.7874 2.9349, 1.2422 -1.0435 2.9002, 1.1937 -1.0709 2.9262, 1.1774 -1.0802 2.9349, 1.1263 -1.1175 2.9554, 0.8077 -2.3622 2.8914, 0.8077 -0.7874 2.8914, 0.7196 -2.3622 2.7953, 0.7196 -0.7874 2.7953, 1.8541 -2.0474 2.9484, 1.9081 -2.0017 2.9655, 1.9081 -2.3622 2.9655, 1.9478 -1.9598 2.9729, 1.9834 -1.914 2.9753, 1.9834 -2.3622 2.9753, 1.6934 -1.0168 2.8571, 1.6934 -0.7874 2.8571, 1.745 -1.0375 2.8923, 1.7968 -0.7874 2.9222, 1.9081 -1.1479 2.9655, 1.854 -1.1021 2.9483, 1.9081 -0.7874 2.9655, 1.8064 -1.0706 2.9266, 1.7968 -1.0643 2.9222, 1.9241 -1.1648 2.9684, 1.9834 -0.7874 2.9753, 1.9479 -1.1899 2.9729, 2.0526 -0.7874 2.9674, 2.014 -1.2857 2.9735, 1.9834 -1.2356 2.9753, 2.09 -1.5482 2.9555, 2.081 -1.469 2.9589, 2.1164 -0.7874 2.9435, 2.0699 -1.724 2.9623, 2.1164 -2.3622 2.9435, 2.0526 -1.783 2.9674, 2.0526 -2.3622 2.9674, 2.0221 -1.8508 2.973, 2.0777 -1.6972 2.96, 2.0896 -1.6079 2.9556, 2.0898 -1.5748 2.9556, 2.069 -1.4258 2.9625, 2.0526 -1.3666 2.9674, 2.0223 -1.2992 2.973, 2.0141 -1.8639 2.9735, 1.9241 -1.9848 2.9684, 1.7968 -2.3622 2.9222, 1.6934 -2.3622 2.8571, 1.6934 -2.1328 2.8571, 1.745 -2.1121 2.8923, 1.7968 -2.0853 2.9222, 1.8064 -2.079 2.9266, 2.2804 -0.7874 2.7953, 2.2804 -2.3622 2.7953, 2.1891 -2.3622 2.8941, 2.1891 -0.7874 2.8941, 1.5307 -0.985 2.7953, 1.5307 -0.7874 2.7953, 1.5883 -0.7874 2.806, 1.5883 -0.9909 2.806, 1.6431 -0.7874 2.8268, 1.6431 -1.0019 2.8268, 1.6687 -1.0094 2.8422, 1.6687 -2.1402 2.8422, 1.6431 -2.3622 2.8268, 1.6431 -2.1477 2.8268, 1.5883 -2.3622 2.806, 1.5883 -2.1587 2.806, 1.5307 -2.3622 2.7953, 1.5307 -2.1646 2.7953, 1.4693 -2.1646 2.7953, 1.4693 -2.3622 2.7953, 1.4117 -2.3622 2.806, 1.4117 -2.1587 2.806, 1.3569 -2.3622 2.8268, 1.3569 -2.1477 2.8268, 1.3313 -2.1402 2.8422, 1.3313 -1.0094 2.8422, 1.3569 -0.7874 2.8268, 1.3569 -1.0019 2.8268, 1.4117 -0.7874 2.806, 1.4117 -0.9909 2.806, 1.4693 -0.7874 2.7953, 1.4693 -0.985 2.7953, 1.0757 -1.9856 3.1285, 1.0233 -1.9234 3.1326, 1.0233 -2.3622 3.1326, 1.3997 -0.9928 2.9841, 1.3997 -0.7874 2.9841, 1.3474 -1.0052 3.0194, 1.2557 -0.7874 3.0721, 1.3282 -1.0098 3.0323, 1.1359 -1.1098 3.1167, 1.1944 -1.0695 3.0984, 1.1359 -0.7874 3.1167, 1.205 -1.0639 3.0938, 1.2557 -1.0372 3.0721, 1.0828 -1.1576 3.1271, 1.0233 -0.7874 3.1326, 1.0761 -1.1636 3.1284, 0.9298 -1.422 3.1247, 0.9304 -1.4188 3.1248, 0.9158 -0.7874 3.1217, 0.9682 -1.318 3.1304, 0.9906 -1.2807 3.1313, 1.0233 -1.2262 3.1326, 0.9158 -1.4887 3.1217, 0.8139 -0.7874 3.0846, 0.9095 -1.5748 3.1202, 0.9845 -1.8629 3.1318, 0.941 -1.7652 3.1267, 0.9158 -2.3622 3.1217, 0.9889 -1.8698 3.1319, 0.9094 -1.5752 3.1202, 0.8139 -2.3622 3.0846, 0.9158 -1.6609 3.1217, 0.9318 -1.7271 3.1249, 1.1359 -2.3622 3.1167, 1.1359 -2.0398 3.1167, 1.0828 -1.992 3.1271, 1.3284 -2.1399 3.0321, 1.2557 -2.1124 3.0721, 1.2557 -2.3622 3.0721, 1.205 -2.0857 3.0938, 1.1944 -2.0801 3.0984, 1.3474 -2.1444 3.0194, 1.3997 -2.3622 2.9841, 1.3997 -2.1568 2.9841, 0.5733 -0.7874 2.8617, 0.5733 -2.3622 2.8617, 0.6228 -2.3622 2.9267, 0.6228 -0.7874 2.9267, 0.7168 -2.3622 3.0208, 0.7168 -0.7874 3.0208, 1.5 -0.9842 2.9513, 1.5214 -0.9846 2.9527, 1.5214 -0.7874 2.9527, 1.5629 -0.9876 2.9634, 1.5629 -0.7874 2.9634, 1.6003 -0.9928 2.9841, 1.6003 -0.7874 2.9841, 1.5 -0.9842 2.9513, 1.4786 -0.7874 2.9527, 1.4786 -0.9846 2.9527, 1.4371 -0.7874 2.9634, 1.4371 -0.9876 2.9634, 1.5 -2.1654 2.9513, 1.4786 -2.165 2.9527, 1.4786 -2.3622 2.9527, 1.4371 -2.162 2.9634, 1.4371 -2.3622 2.9634, 1.5 -2.1654 2.9513, 1.5214 -2.3622 2.9527, 1.5214 -2.165 2.9527, 1.5629 -2.3622 2.9634, 1.5629 -2.162 2.9634, 1.6003 -2.3622 2.9841, 1.6003 -2.1568 2.9841, 1.6526 -2.1442 3.0192, 1.6746 -2.3622 3.034, 1.6746 -2.139 3.034, 1.7364 -2.116 3.0683, 1.7982 -2.3622 3.0956, 1.7952 -2.0861 3.0943, 1.9141 -2.3622 3.127, 1.8584 -2.0442 3.1152, 1.7982 -2.0845 3.0956, 2.0103 -1.8694 3.1316, 1.974 -1.927 3.1325, 2.0223 -2.3622 3.1313, 1.9173 -1.9921 3.1273, 1.9141 -1.9959 3.127, 2.0892 -1.6145 3.1205, 2.0818 -1.6759 3.1222, 2.1268 -2.3622 3.1095, 2.0891 -1.5748 3.1205, 2.0703 -1.422 3.1246, 2.071 -1.4243 3.1245, 2.1268 -0.7874 3.1095, 2.089 -1.5322 3.1206, 2.0687 -1.7272 3.1248, 2.059 -1.7651 3.1267, 2.0223 -1.8503 3.1313, 1.9141 -0.7874 3.127, 1.9141 -1.1537 3.127, 2.0223 -0.7874 3.1313, 1.9173 -1.1575 3.1273, 1.9736 -1.2221 3.1325, 2.0103 -1.2802 3.1316, 2.0223 -1.2993 3.1313, 2.0518 -1.3644 3.1279, 1.7364 -1.0336 3.0682, 1.7952 -1.0635 3.0943, 1.7982 -0.7874 3.0956, 1.7982 -1.0651 3.0956, 1.8579 -1.1051 3.1151, 1.6746 -1.0106 3.034, 1.6746 -0.7874 3.034, 1.6526 -1.0054 3.0192, 2.2274 -2.3622 3.0612, 2.2274 -0.7874 3.0612, 2.3237 -2.3622 2.9846, 2.3237 -0.7874 2.9846, 2.4267 -2.3622 2.8617, 2.4267 -0.7874 2.8617
            ]
        }
        coordIndex [
            0,1,2,-1,2,1,3,-1,3,4,2,-1,2,4,5,-1,2,5,6,-1,6,7,2,-1,2,7,8,-1,2,8,9,-1,10,11,12,-1,12,11,13,-1,13,14,12,-1,12,14,15,-1,12,15,16,-1,16,17,12,-1,12,17,18,-1,12,18,19,-1,20,21,22,-1,23,24,20,-1,20,24,25,-1,20,25,26,-1,22,27,20,-1,20,27,28,-1,20,28,23,-1,29,30,31,-1,32,33,34,-1,34,33,35,-1,34,35,36,-1,36,35,37,-1,37,35,38,-1,38,35,39,-1,38,39,40,-1,40,39,41,-1,41,39,42,-1,41,42,43,-1,44,45,42,-1,42,45,46,-1,42,46,43,-1,47,48,49,-1,50,51,52,-1,52,51,53,-1,52,53,54,-1,47,49,55,-1,50,56,51,-1,51,56,57,-1,51,57,55,-1,48,58,49,-1,49,58,59,-1,49,59,44,-1,44,59,60,-1,44,60,45,-1,31,30,53,-1,53,30,61,-1,53,61,54,-1,62,63,31,-1,31,63,64,-1,31,64,29,-1,65,66,67,-1,67,66,68,-1,68,69,67,-1,67,69,70,-1,67,70,62,-1,62,70,71,-1,62,71,63,-1,55,49,51,-1,51,49,72,-1,51,72,73,-1,73,72,74,-1,73,74,75,-1,76,77,78,-1,79,80,81,-1,82,83,84,-1,84,83,85,-1,86,87,88,-1,88,87,89,-1,88,89,85,-1,85,89,90,-1,85,90,84,-1,86,88,91,-1,91,88,92,-1,91,92,93,-1,94,95,92,-1,92,95,96,-1,92,96,93,-1,97,98,99,-1,100,101,102,-1,102,101,103,-1,102,103,104,-1,100,105,101,-1,101,105,106,-1,101,106,107,-1,98,108,99,-1,99,108,109,-1,99,109,94,-1,94,109,110,-1,94,110,95,-1,81,80,103,-1,103,80,111,-1,103,111,104,-1,78,77,81,-1,81,77,112,-1,81,112,79,-1,113,114,115,-1,115,116,113,-1,113,116,117,-1,113,117,78,-1,78,117,118,-1,78,118,76,-1,119,120,121,-1,119,121,122,-1,122,121,101,-1,122,101,99,-1,99,101,107,-1,99,107,97,-1,123,124,125,-1,123,125,126,-1,126,125,127,-1,126,127,128,-1,128,127,129,-1,129,127,83,-1,129,83,82,-1,115,114,130,-1,130,114,131,-1,130,131,132,-1,132,131,133,-1,132,133,134,-1,134,133,135,-1,134,135,136,-1,137,138,139,-1,137,139,140,-1,140,139,141,-1,140,141,142,-1,142,141,143,-1,143,141,33,-1,143,33,32,-1,66,65,144,-1,144,65,145,-1,144,145,146,-1,146,145,147,-1,146,147,148,-1,148,147,149,-1,148,149,150,-1,151,152,153,-1,154,155,156,-1,156,155,157,-1,156,157,158,-1,159,160,161,-1,161,160,162,-1,161,162,157,-1,157,162,163,-1,157,163,158,-1,159,161,164,-1,164,161,165,-1,164,165,166,-1,167,168,169,-1,168,170,169,-1,169,170,171,-1,169,171,165,-1,165,171,172,-1,165,172,166,-1,167,169,173,-1,173,169,174,-1,173,174,175,-1,176,177,178,-1,153,152,178,-1,178,152,179,-1,178,179,176,-1,180,181,182,-1,182,181,178,-1,182,178,183,-1,183,178,177,-1,184,185,153,-1,153,185,186,-1,153,186,151,-1,187,188,189,-1,189,188,190,-1,189,190,184,-1,184,190,191,-1,184,191,185,-1,187,189,192,-1,192,189,193,-1,192,193,194,-1,195,196,197,-1,195,197,198,-1,198,197,199,-1,198,199,200,-1,200,199,181,-1,200,181,174,-1,174,181,180,-1,174,180,175,-1,201,202,203,-1,203,202,204,-1,203,204,205,-1,205,204,206,-1,205,206,207,-1,201,203,208,-1,208,203,209,-1,208,209,210,-1,210,209,211,-1,210,211,212,-1,212,211,155,-1,212,155,154,-1,213,214,215,-1,215,214,216,-1,215,216,217,-1,217,216,194,-1,217,194,193,-1,213,215,218,-1,218,215,219,-1,218,219,220,-1,220,219,221,-1,220,221,222,-1,222,221,223,-1,222,223,224,-1,224,223,225,-1,225,223,226,-1,225,226,227,-1,227,226,228,-1,228,226,229,-1,228,229,230,-1,231,232,229,-1,229,232,233,-1,229,233,230,-1,234,235,236,-1,236,235,237,-1,236,237,231,-1,231,237,238,-1,231,238,232,-1,239,240,241,-1,239,241,242,-1,243,244,245,-1,245,244,246,-1,245,246,242,-1,240,247,241,-1,241,247,248,-1,241,248,236,-1,236,248,249,-1,236,249,234,-1,250,251,252,-1,252,251,253,-1,252,253,254,-1,254,255,252,-1,252,255,256,-1,252,256,245,-1,245,256,257,-1,245,257,243,-1,258,259,260,-1,260,259,261,-1,260,261,250,-1,250,261,262,-1,250,262,251,-1,258,260,263,-1,263,260,264,-1,263,264,265,-1,265,264,207,-1,265,207,206,-1,242,241,245,-1,245,241,266,-1,245,266,267,-1,267,266,268,-1,267,268,269,-1,269,268,270,-1,269,270,271,-1,
        ]
    }
}
Shape{
    appearance Appearance {
        material  Material 	{
            diffuseColor 0.10980392156862745 0.10980392156862745 0.10980392156862745
            specularColor 0.00784313725490196 0.00784313725490196 0.00784313725490196
            ambientIntensity 0.1569
            transparency 0.0
            shininess 0.5
        }
    }
    geometry IndexedFaceSet {
        ccw TRUE
        solid FALSE
        coord DEF co Coordinate {
            point [
                0.2711 -3.5433 2.5984, 0.3386 -2.7362 2.5984, 0.3386 -0.4134 2.5984, 2.6614 -2.7362 2.5984, 2.7289 -3.5433 2.5984, 2.6614 -0.4134 2.5984, 2.7289 0.3937 2.5984, 0.2711 0.3937 2.5984, 0.1969 -3.1496 4.7638, 0.1969 0.0 4.7638, 0.0 -3.1496 4.7638, 0.0 0.0 4.7638, 0.3642 -3.937 -0.1181, 0.0 -3.937 -0.1181, 0.3642 0.7874 -0.1181, 0.0 0.7874 -0.1181, 1.7439 -3.5433 0.0787, 2.6426 -3.5433 0.0787, 0.3574 -3.5433 0.0787, 0.6657 -3.5433 0.0787, 1.1219 -3.5433 0.0787, 1.3239 -3.5433 0.0787, 1.522 -3.5433 0.0787, 2.6426 0.3937 0.0787, 1.7439 0.3937 0.0787, 1.522 0.3937 0.0787, 1.3239 0.3937 0.0787, 1.1219 0.3937 0.0787, 0.6657 0.3937 0.0787, 0.3574 0.3937 0.0787, 3.2362 -3.1496 4.7638, 3.2362 0.0 4.7638, 2.8031 -3.1496 4.7638, 2.8031 0.0 4.7638, 3.2362 0.7874 -0.1181, 3.2362 -3.937 -0.1181, 2.6358 0.7874 -0.1181, 2.6358 -3.937 -0.1181, 3.2362 0.7874 3.9764, 2.7762 0.7874 3.9764, 0.2238 0.7874 3.9764, 0.0 0.7874 3.9764, 3.2362 -3.937 3.9764, 2.7762 -3.937 3.9764, 0.0 -3.937 3.9764, 0.2238 -3.937 3.9764, 0.0 -3.4912 4.6858, 0.0 -3.9173 4.1516, 0.0 -3.3248 4.744, 0.0 -3.859 4.318, 0.0 -3.7652 4.4673, 0.0 -3.6405 4.592, 0.0 0.3416 4.6858, 0.0 0.4909 4.592, 0.0 0.1752 4.744, 0.0 0.6156 4.4673, 0.0 0.7094 4.318, 0.0 0.7677 4.1516, 2.7822 0.7677 4.1516, 2.7822 -3.9173 4.1516, 2.7879 -3.859 4.318, 2.793 -3.7652 4.4673, 2.793 0.6156 4.4673, 2.7879 0.7094 4.318, 2.6426 -2.4702 0.0787, 2.6426 -1.3868 0.0787, 2.6426 -1.3835 0.0787, 2.6426 -1.0152 0.0787, 2.6426 -0.5601 0.0787, 2.7973 -3.6405 4.592, 2.8005 -3.4912 4.6858, 2.8025 -3.3248 4.744, 2.8025 0.1752 4.744, 2.8005 0.3416 4.6858, 2.7973 0.4909 4.592, 0.2178 -3.9173 4.1516, 0.3574 -0.5601 0.0787, 0.3574 -1.0152 0.0787, 0.3574 -1.3835 0.0787, 0.3574 -1.3868 0.0787, 0.3574 -2.4702 0.0787, 0.2178 0.7677 4.1516, 0.2121 0.7094 4.318, 0.207 0.6156 4.4673, 0.207 -3.7652 4.4673, 0.2121 -3.859 4.318, 0.2027 0.4909 4.592, 0.1995 0.3416 4.6858, 0.1975 0.1752 4.744, 0.1975 -3.3248 4.744, 0.1995 -3.4912 4.6858, 0.2027 -3.6405 4.592, 0.3386 -0.4134 2.0079, 0.3386 -2.7362 2.0079, 2.6614 -0.4134 2.0079, 2.6614 -2.7362 2.0079, 2.5827 -0.4921 2.0079, 0.4173 -0.4921 2.0079, 0.4173 -2.6575 2.0079, 2.5827 -2.6575 2.0079
            ]
        }
        coordIndex [
            0,1,2,-1,1,0,3,-1,3,0,4,-1,3,4,5,-1,5,4,6,-1,5,6,2,-1,2,6,7,-1,2,7,0,-1,8,9,10,-1,10,9,11,-1,12,13,14,-1,14,13,15,-1,16,17,4,-1,0,18,19,-1,19,20,0,-1,0,20,21,-1,0,21,4,-1,4,21,22,-1,4,22,16,-1,23,24,6,-1,6,24,25,-1,6,25,7,-1,7,25,26,-1,26,27,7,-1,7,27,28,-1,7,28,29,-1,30,31,32,-1,32,31,33,-1,34,35,36,-1,36,35,37,-1,38,34,39,-1,39,34,36,-1,40,14,41,-1,41,14,15,-1,42,43,35,-1,35,43,37,-1,44,13,45,-1,45,13,12,-1,15,13,41,-1,41,13,44,-1,46,44,47,-1,46,48,44,-1,44,48,10,-1,44,10,41,-1,47,49,46,-1,46,49,50,-1,46,50,51,-1,52,53,54,-1,54,53,55,-1,54,55,56,-1,10,11,41,-1,41,11,54,-1,41,54,57,-1,57,54,56,-1,6,39,36,-1,4,17,37,-1,39,6,58,-1,43,59,32,-1,32,59,60,-1,32,60,61,-1,62,63,33,-1,63,58,33,-1,33,58,6,-1,33,6,32,-1,32,6,4,-1,32,4,43,-1,43,4,37,-1,17,64,37,-1,37,64,65,-1,37,65,36,-1,36,65,66,-1,36,66,67,-1,67,68,36,-1,36,68,23,-1,36,23,6,-1,61,69,32,-1,32,69,70,-1,32,70,71,-1,72,73,33,-1,33,73,74,-1,33,74,62,-1,75,45,0,-1,0,45,12,-1,0,12,18,-1,7,29,14,-1,14,29,76,-1,14,76,77,-1,77,78,14,-1,14,78,79,-1,14,79,12,-1,12,79,80,-1,12,80,18,-1,40,81,9,-1,9,81,82,-1,9,82,83,-1,84,85,8,-1,85,75,8,-1,8,75,0,-1,8,0,9,-1,9,0,7,-1,9,7,40,-1,40,7,14,-1,83,86,9,-1,9,86,87,-1,9,87,88,-1,89,90,8,-1,8,90,91,-1,8,91,84,-1,92,2,93,-1,93,2,1,-1,94,5,92,-1,92,5,2,-1,95,3,94,-1,94,3,5,-1,93,1,95,-1,95,1,3,-1,96,94,97,-1,97,94,92,-1,97,92,98,-1,98,92,93,-1,98,93,99,-1,99,93,95,-1,99,95,96,-1,96,95,94,-1,
        ]
    }
}
Shape{
    appearance Appearance {
        material  Material 	{
            diffuseColor 0.6470588235294118 0.6196078431372549 0.5882352941176471
            specularColor 0.45098039215686275 0.43529411764705883 0.4117647058823529
            ambientIntensity 0.6242
            transparency 0.0
            shininess 0.5
        }
    }
    geometry IndexedFaceSet {
        ccw TRUE
        solid FALSE
        coord DEF co Coordinate {
            point [
                1.1933 -2.0795 2.7953, 1.0754 -1.9853 2.7953, 0.7196 -2.3622 2.7953, 2.2804 -2.3622 2.7953, 1.5307 -2.3622 2.7953, 2.5827 -2.6575 2.7953, 0.9853 -1.8643 2.7953, 0.9287 -1.7244 2.7953, 0.7196 -0.7874 2.7953, 1.3312 -2.1407 2.7953, 1.4693 -2.3622 2.7953, 1.4693 -2.1646 2.7953, 1.5307 -0.7874 2.7953, 2.5827 -0.4921 2.7953, 1.4693 -0.7874 2.7953, 0.4173 -0.4921 2.7953, 2.2804 -0.7874 2.7953, 2.3317 -0.7874 2.7953, 2.3317 -2.3622 2.7953, 0.4173 -2.6575 2.7953, 0.6683 -2.3622 2.7953, 0.6683 -0.7874 2.7953, 1.5307 -0.985 2.7953, 1.6688 -1.0089 2.7953, 1.9246 -1.1643 2.7953, 2.0147 -1.2853 2.7953, 1.8067 -1.0701 2.7953, 2.0713 -1.4252 2.7953, 2.0906 -1.5748 2.7953, 2.0713 -1.7244 2.7953, 2.0147 -1.8643 2.7953, 1.9246 -1.9853 2.7953, 1.8067 -2.0795 2.7953, 1.6688 -2.1407 2.7953, 1.5307 -2.1646 2.7953, 0.9094 -1.5748 2.7953, 0.9287 -1.4252 2.7953, 0.9853 -1.2853 2.7953, 1.0754 -1.1643 2.7953, 1.1933 -1.0701 2.7953, 1.3312 -1.0089 2.7953, 1.4693 -0.985 2.7953, 2.5827 -2.6575 2.0079, 0.4173 -2.6575 2.0079, 0.4173 -0.4921 2.0079, 2.5827 -0.4921 2.0079, 0.5733 -2.3622 2.8617, 0.5733 -0.7874 2.8617, 2.4267 -0.7874 2.8617, 2.4267 -2.3622 2.8617, 1.5629 -0.7874 2.9634, 1.5883 -0.7874 2.806, 1.5214 -0.7874 2.9527, 1.4786 -0.7874 2.9527, 2.1891 -0.7874 2.8941, 1.4117 -0.7874 2.806, 1.4371 -0.7874 2.9634, 1.3569 -0.7874 2.8268, 1.3997 -0.7874 2.9841, 1.3066 -0.7874 2.8571, 1.2557 -0.7874 3.0721, 1.1774 -0.7874 2.9349, 1.1359 -0.7874 3.1167, 1.0783 -0.7874 2.9685, 1.0233 -0.7874 3.1326, 1.0049 -0.7874 2.9752, 0.9158 -0.7874 3.1217, 0.942 -0.7874 2.966, 0.8139 -0.7874 3.0846, 0.8753 -0.7874 2.9391, 0.7168 -0.7874 3.0208, 0.8077 -0.7874 2.8914, 0.6228 -0.7874 2.9267, 2.3237 -0.7874 2.9846, 2.2274 -0.7874 3.0612, 2.1164 -0.7874 2.9435, 2.1268 -0.7874 3.1095, 2.0526 -0.7874 2.9674, 2.0223 -0.7874 3.1313, 1.9834 -0.7874 2.9753, 1.9141 -0.7874 3.127, 1.9081 -0.7874 2.9655, 1.7982 -0.7874 3.0956, 1.7968 -0.7874 2.9222, 1.6746 -0.7874 3.034, 1.6003 -0.7874 2.9841, 1.6934 -0.7874 2.8571, 1.6431 -0.7874 2.8268, 1.4371 -2.3622 2.9634, 1.4117 -2.3622 2.806, 1.4786 -2.3622 2.9527, 1.5214 -2.3622 2.9527, 2.1891 -2.3622 2.8941, 2.3237 -2.3622 2.9846, 2.1164 -2.3622 2.9435, 2.2274 -2.3622 3.0612, 2.0526 -2.3622 2.9674, 2.1268 -2.3622 3.1095, 1.9834 -2.3622 2.9753, 2.0223 -2.3622 3.1313, 1.9081 -2.3622 2.9655, 0.6228 -2.3622 2.9267, 0.7168 -2.3622 3.0208, 0.8077 -2.3622 2.8914, 0.8139 -2.3622 3.0846, 0.8753 -2.3622 2.9391, 0.9158 -2.3622 3.1217, 0.942 -2.3622 2.966, 1.0233 -2.3622 3.1326, 1.0049 -2.3622 2.9752, 1.1359 -2.3622 3.1167, 1.0783 -2.3622 2.9685, 1.2557 -2.3622 3.0721, 1.1774 -2.3622 2.9349, 1.3997 -2.3622 2.9841, 1.3066 -2.3622 2.8571, 1.3569 -2.3622 2.8268, 1.5883 -2.3622 2.806, 1.5629 -2.3622 2.9634, 1.6431 -2.3622 2.8268, 1.6003 -2.3622 2.9841, 1.6934 -2.3622 2.8571, 1.6746 -2.3622 3.034, 1.7968 -2.3622 2.9222, 1.7982 -2.3622 3.0956, 1.9141 -2.3622 3.127, 1.6746 -1.0106 3.034, 1.6526 -1.0054 3.0192, 1.6528 -1.0044 3.5827, 1.5 -0.9842 3.5827, 1.5 -0.9842 2.9513, 1.4786 -0.9846 2.9527, 1.3474 -1.0052 3.0194, 1.3472 -1.0044 3.5827, 1.3997 -0.9928 2.9841, 1.4371 -0.9876 2.9634, 1.5629 -0.9876 2.9634, 1.5214 -0.9846 2.9527, 1.5 -0.9842 2.9513, 1.6003 -0.9928 2.9841, 1.8579 -1.1051 3.1151, 1.7982 -1.0651 3.0956, 1.7953 -1.0634 3.5827, 1.7952 -1.0635 3.0943, 1.7364 -1.0336 3.0682, 1.9141 -1.1537 3.127, 1.9176 -1.1572 3.5827, 1.9173 -1.1575 3.1273, 2.0114 -1.2795 3.5827, 2.0103 -1.2802 3.1316, 1.9736 -1.2221 3.1325, 2.071 -1.4243 3.1245, 2.0703 -1.422 3.1246, 2.0704 -1.422 3.5827, 2.0518 -1.3644 3.1279, 2.0223 -1.2993 3.1313, 2.089 -1.5322 3.1206, 2.0906 -1.5748 3.5827, 2.0891 -1.5748 3.1205, 2.0892 -1.6145 3.1205, 2.0704 -1.7276 3.5827, 2.0818 -1.6759 3.1222, 2.0103 -1.8694 3.1316, 2.0223 -1.8503 3.1313, 2.0114 -1.8701 3.5827, 2.059 -1.7651 3.1267, 2.0687 -1.7272 3.1248, 1.974 -1.927 3.1325, 1.9176 -1.9924 3.5827, 1.9173 -1.9921 3.1273, 1.7952 -2.0861 3.0943, 1.7982 -2.0845 3.0956, 1.7953 -2.0862 3.5827, 1.8584 -2.0442 3.1152, 1.9141 -1.9959 3.127, 1.7364 -2.116 3.0683, 1.6528 -2.1452 3.5827, 1.6746 -2.139 3.034, 1.5 -2.1654 3.5827, 1.5 -2.1654 2.9513, 1.5214 -2.165 2.9527, 1.5629 -2.162 2.9634, 1.6003 -2.1568 2.9841, 1.6526 -2.1442 3.0192, 1.4371 -2.162 2.9634, 1.4786 -2.165 2.9527, 1.5 -2.1654 2.9513, 1.2557 -2.1124 3.0721, 1.3472 -2.1452 3.5827, 1.205 -2.0857 3.0938, 1.2047 -2.0862 3.5827, 1.1944 -2.0801 3.0984, 1.3284 -2.1399 3.0321, 1.3474 -2.1444 3.0194, 1.3997 -2.1568 2.9841, 1.0824 -1.9924 3.5827, 1.0828 -1.992 3.1271, 1.1359 -2.0398 3.1167, 0.9845 -1.8629 3.1318, 0.9889 -1.8698 3.1319, 0.9886 -1.8701 3.5827, 1.0233 -1.9234 3.1326, 1.0757 -1.9856 3.1285, 0.941 -1.7652 3.1267, 0.9296 -1.7276 3.5827, 0.9318 -1.7271 3.1249, 0.9158 -1.6609 3.1217, 0.9094 -1.5748 3.5827, 0.9094 -1.5752 3.1202, 0.9296 -1.422 3.5827, 0.9158 -1.4887 3.1217, 0.9095 -1.5748 3.1202, 0.9906 -1.2807 3.1313, 0.9682 -1.318 3.1304, 0.9886 -1.2795 3.5827, 0.9304 -1.4188 3.1248, 0.9298 -1.422 3.1247, 1.0824 -1.1572 3.5827, 1.0828 -1.1576 3.1271, 1.0761 -1.1636 3.1284, 1.0233 -1.2262 3.1326, 1.1359 -1.1098 3.1167, 1.2047 -1.0634 3.5827, 1.1944 -1.0695 3.0984, 1.3282 -1.0098 3.0323, 1.2557 -1.0372 3.0721, 1.205 -1.0639 3.0938, 0.7037 -2.1533 3.5827, 0.6008 -1.9751 3.5827, 0.5373 -1.7794 3.5827, 0.5157 -1.5748 3.5827, 1.3971 -0.5959 3.5827, 1.6029 -0.5959 3.5827, 1.8042 -0.6387 3.5827, 1.9921 -0.7224 3.5827, 2.1586 -0.8434 3.5827, 2.2963 -0.9963 3.5827, 2.3992 -1.1745 3.5827, 2.4627 -1.3702 3.5827, 2.4843 -1.5748 3.5827, 0.5373 -1.3702 3.5827, 0.6008 -1.1745 3.5827, 0.7037 -0.9963 3.5827, 0.8414 -0.8434 3.5827, 1.0079 -0.7224 3.5827, 1.1958 -0.6387 3.5827, 2.4627 -1.7794 3.5827, 2.3992 -1.9751 3.5827, 2.2963 -2.1533 3.5827, 2.1586 -2.3062 3.5827, 1.9921 -2.4272 3.5827, 1.8042 -2.5109 3.5827, 1.6029 -2.5537 3.5827, 1.3971 -2.5537 3.5827, 1.1958 -2.5109 3.5827, 1.0079 -2.4272 3.5827, 0.8414 -2.3062 3.5827, 2.4738 -1.7181 3.9764, 2.398 -1.9747 3.9764, 2.4425 -1.8584 3.9764, 2.4602 -1.7789 3.9764, 2.3912 -1.9926 3.9764, 2.3209 -2.1179 3.9764, 2.1572 -2.3048 3.9764, 2.233 -2.2316 3.9764, 2.2945 -2.152 3.9764, 2.1296 -2.3313 3.9764, 2.0127 -2.415 3.9764, 1.8033 -2.5085 3.9764, 1.8849 -2.4807 3.9764, 1.9915 -2.4259 3.9764, 1.7489 -2.527 3.9764, 1.6076 -2.5531 3.9764, 1.6029 -2.5533 3.9764, 1.4641 -2.5584 3.9764, 1.1961 -2.51 3.9764, 1.3212 -2.5427 3.9764, 1.3974 -2.5511 3.9764, 1.1822 -2.5063 3.9764, 1.05 -2.4501 3.9764, 0.8426 -2.3048 3.9764, 0.9273 -2.3753 3.9764, 1.0091 -2.4252 3.9764, 0.8169 -2.2834 3.9764, 0.721 -2.1763 3.9764, 0.603 -1.9741 3.9764, 0.6417 -2.0565 3.9764, 0.7051 -2.1524 3.9764, 0.5807 -1.9264 3.9764, 0.5393 -1.7888 3.9764, 0.5379 -1.7793 3.9764, 0.5184 -1.6466 3.9764, 0.5379 -1.3703 3.9764, 0.5184 -1.503 3.9764, 0.5184 -1.5748 3.9764, 0.5393 -1.3608 3.9764, 0.5807 -1.2232 3.9764, 0.7051 -0.9972 3.9764, 0.6417 -1.0931 3.9764, 0.603 -1.1755 3.9764, 0.721 -0.9733 3.9764, 0.8169 -0.8662 3.9764, 1.0091 -0.7244 3.9764, 0.9273 -0.7743 3.9764, 0.8426 -0.8448 3.9764, 1.05 -0.6995 3.9764, 1.1822 -0.6433 3.9764, 1.1961 -0.6396 3.9764, 1.3212 -0.6069 3.9764, 1.6029 -0.5963 3.9764, 1.4641 -0.5912 3.9764, 1.3974 -0.5985 3.9764, 1.6076 -0.5965 3.9764, 1.7489 -0.6226 3.9764, 1.9915 -0.7237 3.9764, 1.8849 -0.6689 3.9764, 1.8033 -0.6411 3.9764, 2.0127 -0.7346 3.9764, 2.1296 -0.8183 3.9764, 2.2945 -0.9976 3.9764, 2.233 -0.918 3.9764, 2.1572 -0.8448 3.9764, 2.3209 -1.0317 3.9764, 2.3912 -1.157 3.9764, 2.398 -1.1749 3.9764, 2.4425 -1.2912 3.9764, 2.4602 -1.3707 3.9764, 2.4738 -1.4315 3.9764, 2.4843 -1.5748 3.9764, 1.6772 -1.752 4.3701, 1.6772 -2.1382 4.3701, 1.731 -2.1183 4.3701, 1.9398 -1.9689 4.3701, 1.9925 -1.9006 4.3701, 2.0347 -1.8255 4.3701, 2.0634 -1.752 4.3701, 1.8076 -2.0789 4.3701, 1.8778 -2.0287 4.3701, 1.3313 -1.0094 2.8422, 1.3569 -1.0019 2.8268, 1.4117 -0.9909 2.806, 1.3066 -1.0168 2.8571, 1.2422 -1.0435 2.9002, 1.0756 -1.1644 2.9689, 1.0783 -1.1614 2.9685, 1.1263 -1.1175 2.9554, 1.1774 -1.0802 2.9349, 1.1937 -1.0709 2.9262, 1.0393 -1.2054 2.9742, 1.0049 -1.2528 2.9752, 0.9301 -1.4255 2.9624, 0.942 -1.3814 2.966, 0.9696 -1.3152 2.9718, 0.9862 -1.2858 2.9734, 0.9101 -1.5748 2.9555, 0.9102 -1.5442 2.9556, 0.9205 -1.4613 2.9594, 0.942 -1.7682 2.966, 0.9307 -1.7239 2.9625, 0.9176 -1.6727 2.9584, 0.91 -1.5994 2.9555, 0.9694 -1.8341 2.9718, 0.9862 -1.8638 2.9734, 1.0783 -1.9882 2.9685, 1.0756 -1.9852 2.9689, 1.0394 -1.9443 2.9742, 1.0049 -1.8968 2.9752, 1.2422 -2.1061 2.9002, 1.1937 -2.0787 2.9262, 1.1774 -2.0694 2.9349, 1.1265 -2.0322 2.9554, 1.4117 -2.1587 2.806, 1.3569 -2.1477 2.8268, 1.3313 -2.1402 2.8422, 1.3066 -2.1328 2.8571, 1.9834 -1.2356 2.9753, 2.014 -1.2857 2.9735, 2.0221 -1.8508 2.973, 2.0141 -1.8639 2.9735, 1.5883 -2.1587 2.806, 1.6431 -2.1477 2.8268, 1.8064 -2.079 2.9266, 1.7968 -2.0853 2.9222, 1.745 -2.1121 2.8923, 1.6934 -2.1328 2.8571, 1.6687 -2.1402 2.8422, 1.8541 -2.0474 2.9484, 1.9081 -2.0017 2.9655, 1.9834 -1.914 2.9753, 1.9478 -1.9598 2.9729, 1.9241 -1.9848 2.9684, 2.0898 -1.5748 2.9556, 2.0896 -1.6079 2.9556, 2.0777 -1.6972 2.96, 2.0699 -1.724 2.9623, 2.0526 -1.783 2.9674, 2.081 -1.469 2.9589, 2.09 -1.5482 2.9555, 2.0223 -1.2992 2.973, 2.0526 -1.3666 2.9674, 2.069 -1.4258 2.9625, 1.9479 -1.1899 2.9729, 1.9241 -1.1648 2.9684, 1.854 -1.1021 2.9483, 1.9081 -1.1479 2.9655, 1.745 -1.0375 2.8923, 1.7968 -1.0643 2.9222, 1.8064 -1.0706 2.9266, 1.5883 -0.9909 2.806, 1.6431 -1.0019 2.8268, 1.6687 -1.0094 2.8422, 1.6934 -1.0168 2.8571, 2.4331 -1.2941 4.064, 2.3823 -1.1612 4.064, 2.2257 -0.9246 4.064, 2.1233 -0.8258 4.064, 1.8811 -0.678 4.064, 1.4644 -0.6011 4.064, 1.323 -0.6166 4.064, 1.1854 -0.6526 4.064, 0.933 -0.7823 4.064, 0.8237 -0.8733 4.064, 0.6503 -1.0979 4.064, 0.5282 -1.5037 4.064, 0.5489 -1.7867 4.064, 0.6503 -2.0517 4.064, 0.7288 -2.1703 4.064, 0.933 -2.3673 4.064, 1.0545 -2.4414 4.064, 1.323 -2.533 4.064, 1.6066 -2.5433 4.064, 1.8811 -2.4716 4.064, 2.0076 -2.4065 4.064, 2.2257 -2.225 4.064, 2.3126 -2.1124 4.064, 2.4331 -1.8555 4.064, 2.0861 -1.5143 4.3701, 2.0906 -1.5748 4.3701, 2.1782 -1.5748 4.3602, 2.0634 -1.3976 4.3701, 2.0655 -1.4047 4.3701, 2.1494 -1.3794 4.3602, 1.5606 -0.9876 4.3701, 1.5646 -0.9878 4.3701, 1.5742 -0.9007 4.3602, 1.4396 -0.9889 4.3701, 1.4784 -0.9846 4.3701, 1.4752 -0.8971 4.3602, 1.3228 -1.0115 4.3701, 1.3927 -0.9941 4.3701, 1.3768 -0.9079 4.3602, 0.9366 -1.3976 4.3701, 0.9484 -1.3638 4.3701, 0.8666 -1.3325 4.3602, 0.9136 -1.6352 4.3701, 0.911 -1.6179 4.3701, 0.8237 -1.6243 4.3602, 0.9366 -1.752 4.3701, 0.9236 -1.7032 4.3701, 0.8381 -1.7223 4.3602, 1.3228 -2.1382 4.3701, 1.3093 -2.1337 4.3701, 1.281 -2.2166 4.3602, 1.5606 -2.162 4.3701, 1.4784 -2.165 4.3701, 1.4752 -2.2525 4.3602, 1.6494 -2.1461 4.3701, 1.6715 -2.2309 4.3602, 2.0861 -1.6353 4.3701, 2.0843 -1.6608 4.3701, 2.1709 -1.6735 4.3602, 1.3927 -2.1555 4.3701, 0.9236 -1.4464 4.3701, 2.0347 -1.3241 4.3701, 2.0655 -1.7449 4.3701, 2.1494 -1.7702 4.3602, 2.2533 -1.6857 4.3311, 2.2291 -1.7942 4.3311, 2.3271 -1.6965 4.2842, 2.3006 -1.8157 4.2842, 2.3888 -1.7056 4.2219, 2.3603 -1.8336 4.2219, 2.4352 -1.7124 4.1472, 2.4052 -1.8471 4.1472, 2.464 -1.7167 4.064, 1.4396 -2.1607 4.3701, 1.3768 -2.2417 4.3602, 1.4722 -2.3357 4.3311, 1.3617 -2.3235 4.3311, 1.4695 -2.4103 4.2842, 1.3481 -2.3969 4.2842, 1.4672 -2.4726 4.2219, 1.3368 -2.4582 4.2219, 1.4655 -2.5194 4.1472, 1.3283 -2.5043 4.1472, 1.4644 -2.5485 4.064, 0.911 -1.5317 4.3701, 0.8237 -1.5253 4.3602, 0.7407 -1.6304 4.3311, 0.7407 -1.5192 4.3311, 0.6662 -1.6358 4.2842, 0.6662 -1.5138 4.2842, 0.604 -1.6404 4.2219, 0.604 -1.5092 4.2219, 0.5573 -1.6438 4.1472, 0.5573 -1.5058 4.1472, 0.5282 -1.6459 4.064, 0.985 -1.2858 4.3701, 0.9086 -1.2429 4.3602, 0.7889 -1.3028 4.3311, 0.836 -1.2022 4.3311, 0.7191 -1.2761 4.2842, 0.7709 -1.1656 4.2842, 0.6609 -1.2539 4.2219, 0.7166 -1.1351 4.2219, 0.6171 -1.2371 4.1472, 0.6757 -1.1122 4.1472, 0.5899 -1.2267 4.064, 1.6494 -1.0035 4.3701, 1.6772 -1.0115 4.3701, 1.6715 -0.9187 4.3602, 1.7652 -0.9507 4.3602, 1.6926 -0.8382 4.3311, 1.7978 -0.8741 4.3311, 1.7115 -0.766 4.2842, 1.827 -0.8054 4.2842, 1.7272 -0.7057 4.2219, 1.8514 -0.748 4.2219, 1.7391 -0.6603 4.1472, 1.8697 -0.7048 4.1472, 1.7465 -0.6321 4.064, 2.2614 -1.5748 4.3311, 2.336 -1.5748 4.2842, 2.3984 -1.5748 4.2219, 2.4453 -1.5748 4.1472, 2.4744 -1.5748 4.064, 2.3823 -1.9884 4.064, 2.3559 -1.976 4.1472, 2.3134 -1.9561 4.2219, 2.257 -1.9297 4.2842, 2.1894 -1.898 4.3311, 2.114 -1.8626 4.3602, 2.0656 -1.949 4.3602, 2.135 -1.9949 4.3311, 2.1972 -2.0361 4.2842, 2.2492 -2.0705 4.2219, 2.2883 -2.0964 4.1472, 2.204 -2.2056 4.1472, 2.1691 -2.1743 4.2219, 2.1226 -2.1327 4.2842, 2.067 -2.0829 4.3311, 2.0051 -2.0273 4.3602, 2.1233 -2.3238 4.064, 2.1047 -2.3014 4.1472, 2.0747 -2.2653 4.2219, 2.0348 -2.2174 4.2842, 1.987 -2.16 4.3311, 1.9338 -2.0961 4.3602, 1.8533 -2.1537 4.3602, 1.8966 -2.2247 4.3311, 1.9355 -2.2884 4.2842, 1.968 -2.3416 4.2219, 1.9924 -2.3817 4.1472, 1.8697 -2.4448 4.1472, 1.8514 -2.4016 4.2219, 1.827 -2.3442 4.2842, 1.7978 -2.2755 4.3311, 1.7652 -2.1989 4.3602, 1.7465 -2.5175 4.064, 1.7391 -2.4893 4.1472, 1.7272 -2.4439 4.2219, 1.7115 -2.3836 4.2842, 1.6926 -2.3114 4.3311, 1.5646 -2.1618 4.3701, 1.5742 -2.2489 4.3602, 1.5833 -2.3316 4.3311, 1.5914 -2.4058 4.2842, 1.5983 -2.4678 4.2219, 1.6034 -2.5144 4.1472, 1.1854 -2.497 4.064, 1.1948 -2.4694 4.1472, 1.2099 -2.425 4.2219, 1.2301 -2.366 4.2842, 1.2542 -2.2954 4.3311, 1.23 -2.1 4.3701, 1.1899 -2.1779 4.3602, 1.1519 -2.2519 4.3311, 1.1177 -2.3183 4.2842, 1.0892 -2.3737 4.2219, 1.0678 -2.4155 4.1472, 0.95 -2.3436 4.1472, 0.9773 -2.3054 4.2219, 1.0136 -2.2547 4.2842, 1.057 -2.194 4.3311, 1.1054 -2.1263 4.3602, 1.1564 -2.0551 4.3701, 0.8237 -2.2763 4.064, 0.8439 -2.2553 4.1472, 0.8765 -2.2215 4.2219, 0.9197 -2.1767 4.2842, 0.9716 -2.1229 4.3311, 1.0293 -2.063 4.3602, 1.0901 -1.9999 4.3701, 1.0326 -1.9357 4.3701, 0.9632 -1.9893 4.3602, 0.8974 -2.0401 4.3311, 0.8383 -2.0858 4.2842, 0.789 -2.1239 4.2219, 0.7518 -2.1525 4.1472, 0.6757 -2.0374 4.1472, 0.7166 -2.0145 4.2219, 0.7709 -1.984 4.2842, 0.836 -1.9474 4.3311, 0.9086 -1.9067 4.3602, 0.985 -1.8638 4.3701, 0.5899 -1.9229 4.064, 0.6171 -1.9125 4.1472, 0.6609 -1.8957 4.2219, 0.7191 -1.8735 4.2842, 0.7889 -1.8468 4.3311, 0.8666 -1.8171 4.3602, 0.9484 -1.7858 4.3701, 0.7568 -1.7403 4.3311, 0.684 -1.7566 4.2842, 0.6231 -1.7701 4.2219, 0.5774 -1.7803 4.1472, 0.5489 -1.3629 4.064, 0.5774 -1.3693 4.1472, 0.6231 -1.3795 4.2219, 0.684 -1.393 4.2842, 0.7568 -1.4093 4.3311, 0.8381 -1.4273 4.3602, 0.9136 -1.5144 4.3701, 0.7288 -0.9793 4.064, 0.7518 -0.9971 4.1472, 0.789 -1.0257 4.2219, 0.8383 -1.0638 4.2842, 0.8974 -1.1095 4.3311, 0.9632 -1.1603 4.3602, 1.0326 -1.2139 4.3701, 1.0901 -1.1497 4.3701, 1.0293 -1.0866 4.3602, 0.9716 -1.0267 4.3311, 0.9197 -0.9729 4.2842, 0.8765 -0.9281 4.2219, 0.8439 -0.8943 4.1472, 0.95 -0.806 4.1472, 0.9773 -0.8442 4.2219, 1.0136 -0.8949 4.2842, 1.057 -0.9556 4.3311, 1.1054 -1.0233 4.3602, 1.1564 -1.0945 4.3701, 1.0545 -0.7082 4.064, 1.0678 -0.7341 4.1472, 1.0892 -0.7759 4.2219, 1.1177 -0.8313 4.2842, 1.1519 -0.8977 4.3311, 1.1899 -0.9717 4.3602, 1.23 -1.0496 4.3701, 1.3093 -1.0159 4.3701, 1.281 -0.933 4.3602, 1.2542 -0.8542 4.3311, 1.2301 -0.7836 4.2842, 1.2099 -0.7246 4.2219, 1.1948 -0.6802 4.1472, 1.3283 -0.6453 4.1472, 1.3368 -0.6914 4.2219, 1.3481 -0.7527 4.2842, 1.3617 -0.8261 4.3311, 1.4655 -0.6302 4.1472, 1.4672 -0.677 4.2219, 1.4695 -0.7393 4.2842, 1.4722 -0.8139 4.3311, 1.6066 -0.6063 4.064, 1.6034 -0.6352 4.1472, 1.5983 -0.6818 4.2219, 1.5914 -0.7438 4.2842, 1.5833 -0.818 4.3311, 2.0076 -0.7431 4.064, 1.9924 -0.7679 4.1472, 1.968 -0.808 4.2219, 1.9355 -0.8612 4.2842, 1.8966 -0.9249 4.3311, 1.8533 -0.9959 4.3602, 1.9338 -1.0535 4.3602, 1.987 -0.9896 4.3311, 2.0348 -0.9322 4.2842, 2.0747 -0.8843 4.2219, 2.1047 -0.8482 4.1472, 2.204 -0.944 4.1472, 2.1691 -0.9753 4.2219, 2.1226 -1.0169 4.2842, 2.067 -1.0667 4.3311, 2.0051 -1.1223 4.3602, 2.3126 -1.0372 4.064, 2.2883 -1.0532 4.1472, 2.2492 -1.0791 4.2219, 2.1972 -1.1135 4.2842, 2.135 -1.1547 4.3311, 2.0656 -1.2006 4.3602, 2.114 -1.287 4.3602, 2.1894 -1.2516 4.3311, 2.257 -1.2199 4.2842, 2.3134 -1.1935 4.2219, 2.3559 -1.1736 4.1472, 2.4052 -1.3025 4.1472, 2.3603 -1.316 4.2219, 2.3006 -1.3339 4.2842, 2.2291 -1.3554 4.3311, 1.9925 -1.249 4.3701, 1.9398 -1.1807 4.3701, 1.8778 -1.1209 4.3701, 1.8076 -1.0707 4.3701, 1.731 -1.0313 4.3701, 2.464 -1.4329 4.064, 2.4352 -1.4372 4.1472, 2.3888 -1.444 4.2219, 2.3271 -1.4531 4.2842, 2.2533 -1.4639 4.3311, 2.1709 -1.4761 4.3602, 2.0843 -1.4888 4.3701, 2.0823 -1.4764 4.0551, 2.0823 -1.4764 4.2913, 1.6772 -1.4764 4.0551, 1.6772 -1.4764 4.2913, 2.0855 -1.5144 4.0551, 2.0694 -1.418 4.3674, 2.0743 -1.437 4.3595, 2.0762 -1.4455 4.3538, 2.0804 -1.4658 4.3307, 2.0793 -1.4601 4.3393, 2.0779 -1.4533 4.347, 2.0812 -1.4704 4.3215, 2.0818 -1.4737 4.3117, 2.0822 -1.4757 4.3016, 2.0823 -1.6732 4.0551, 2.0823 -1.6732 4.2913, 2.0822 -1.6739 4.3016, 2.0818 -1.6759 4.3117, 2.0812 -1.6792 4.3215, 2.0804 -1.6838 4.3307, 2.0793 -1.6895 4.3393, 2.0779 -1.6963 4.347, 2.0762 -1.704 4.3538, 2.0743 -1.7126 4.3595, 2.0694 -1.7316 4.3674, 2.0906 -1.5748 4.0551, 2.0855 -1.6352 4.0551, 1.6772 -1.6732 4.0551, 1.6772 -1.6732 4.2913, 1.5984 -2.1571 4.0551, 1.5984 -2.1571 4.2913, 1.5984 -1.752 4.0551, 1.5984 -1.752 4.2913, 1.5604 -2.1603 4.0551, 1.6568 -2.1442 4.3674, 1.6378 -2.1491 4.3595, 1.6293 -2.151 4.3538, 1.609 -2.1552 4.3307, 1.6147 -2.1541 4.3393, 1.6215 -2.1527 4.347, 1.6044 -2.156 4.3215, 1.6011 -2.1566 4.3117, 1.5991 -2.157 4.3016, 1.3708 -2.151 4.3538, 1.3622 -2.1491 4.3595, 1.3432 -2.1442 4.3674, 1.4016 -2.1571 4.0551, 1.4016 -2.1571 4.2913, 1.4009 -2.157 4.3016, 1.3989 -2.1566 4.3117, 1.3956 -2.156 4.3215, 1.391 -2.1552 4.3307, 1.3853 -2.1541 4.3393, 1.3785 -2.1527 4.347, 1.5 -2.1654 4.0551, 1.4396 -2.1603 4.0551, 1.4016 -1.752 4.0551, 1.4016 -1.752 4.2913, 0.9177 -1.6732 4.0551, 0.9177 -1.6732 4.2913, 1.3228 -1.6732 4.0551, 1.3228 -1.6732 4.2913, 0.9306 -1.418 4.3674, 0.9145 -1.6352 4.0551, 0.9306 -1.7316 4.3674, 0.9207 -1.6895 4.3393, 0.9196 -1.6838 4.3307, 0.9258 -1.7126 4.3595, 0.9238 -1.7041 4.3538, 0.9221 -1.6963 4.347, 0.9188 -1.6792 4.3215, 0.9182 -1.6759 4.3117, 0.9178 -1.6739 4.3016, 0.9258 -1.437 4.3595, 0.9177 -1.4764 4.2913, 0.9178 -1.4757 4.3016, 0.9182 -1.4737 4.3117, 0.9188 -1.4704 4.3215, 0.9196 -1.4658 4.3307, 0.9207 -1.4601 4.3393, 0.9221 -1.4533 4.347, 0.9238 -1.4456 4.3538, 0.9094 -1.5748 4.0551, 0.9145 -1.5144 4.0551, 0.9177 -1.4764 4.0551, 1.3228 -1.4764 4.0551, 1.3228 -1.4764 4.2913, 1.4016 -0.9925 4.0551, 1.4016 -0.9925 4.2913, 1.4016 -1.3976 4.0551, 1.4016 -1.3976 4.2913, 1.4396 -0.9893 4.0551, 1.3404 -1.0062 4.3681, 1.357 -1.0018 4.3623, 1.3719 -0.9983 4.3529, 1.3844 -0.9957 4.3404, 1.3938 -0.9939 4.3255, 1.3996 -0.9928 4.3089, 1.5984 -0.9925 4.0551, 1.5984 -0.9925 4.2913, 1.5991 -0.9926 4.3016, 1.6011 -0.993 4.3117, 1.6044 -0.9936 4.3215, 1.609 -0.9944 4.3307, 1.6147 -0.9955 4.3393, 1.6215 -0.9969 4.347, 1.6292 -0.9986 4.3538, 1.6378 -1.0006 4.3595, 1.6568 -1.0054 4.3674, 1.5 -0.9842 4.0551, 1.5604 -0.9893 4.0551, 1.5984 -1.3976 4.0551, 1.5984 -1.3976 4.2913, 1.5 -2.0866 3.9764, 1.5197 -2.0862 3.9764, 1.5197 -1.752 3.9764, 1.5658 -1.6406 3.9764, 1.4342 -1.509 3.9764, 1.4016 -1.6156 3.9764, 1.4016 -1.534 3.9764, 1.3636 -1.5497 3.9764, 1.6364 -1.5999 3.9764, 1.5984 -1.534 3.9764, 1.5984 -1.6156 3.9764, 1.5658 -1.509 3.9764, 2.0118 -1.5748 3.9764, 2.0114 -1.5551 3.9764, 1.6772 -1.5551 3.9764, 1.5251 -1.4384 3.9764, 1.4592 -1.4764 3.9764, 1.5408 -1.4764 3.9764, 1.5 -1.063 3.9764, 1.4803 -1.0634 3.9764, 1.4803 -1.3976 3.9764, 0.9882 -1.5748 3.9764, 0.9886 -1.5945 3.9764, 1.3228 -1.5945 3.9764, 1.4749 -1.7112 3.9764, 1.5408 -1.6732 3.9764, 1.4592 -1.6732 3.9764, 1.4342 -1.6406 3.9764, 1.4803 -2.0862 3.9764, 1.4803 -1.752 3.9764, 1.5251 -1.7112 3.9764, 1.5197 -1.0634 3.9764, 1.5197 -1.3976 3.9764, 1.4749 -1.4384 3.9764, 2.0114 -1.5945 3.9764, 1.6772 -1.5945 3.9764, 1.6364 -1.5497 3.9764, 0.9886 -1.5551 3.9764, 1.3228 -1.5551 3.9764, 1.3636 -1.5999 3.9764, 1.3989 -1.752 4.3117, 1.391 -1.752 4.3307, 1.3785 -1.752 4.347, 1.3622 -1.752 4.3595, 1.3432 -1.752 4.3674, 1.3228 -1.752 4.3701, 1.3228 -1.7316 4.3674, 1.3228 -1.7126 4.3595, 1.3228 -1.6963 4.347, 1.3228 -1.6838 4.3307, 1.3228 -1.6759 4.3117, 1.3228 -1.4737 4.3117, 1.3228 -1.4658 4.3307, 1.3228 -1.4533 4.347, 1.3228 -1.437 4.3595, 1.3228 -1.418 4.3674, 1.3228 -1.3976 4.3701, 1.3403 -1.3976 4.3678, 1.3432 -1.3976 4.3674, 1.3568 -1.3976 4.3618, 1.3622 -1.3976 4.3595, 1.3715 -1.3976 4.3524, 1.3785 -1.3976 4.347, 1.3839 -1.3976 4.34, 1.391 -1.3976 4.3307, 1.3933 -1.3976 4.3253, 1.3989 -1.3976 4.3117, 1.3993 -1.3976 4.3088, 1.3425 -1.6785 4.3117, 1.3425 -1.7179 4.3595, 1.333 -1.7343 4.3674, 1.3372 -1.7376 4.3674, 1.3425 -1.7467 4.3674, 1.3281 -1.7323 4.3674, 1.333 -1.7139 4.3595, 1.3372 -1.6982 4.347, 1.3507 -1.7241 4.3595, 1.3405 -1.7418 4.3674, 1.3569 -1.7323 4.3595, 1.3609 -1.7418 4.3595, 1.3507 -1.7037 4.347, 1.3622 -1.7126 4.347, 1.3711 -1.7241 4.347, 1.3766 -1.7376 4.347, 1.3405 -1.6861 4.3307, 1.3569 -1.6929 4.3307, 1.3711 -1.7037 4.3307, 1.3819 -1.7179 4.3307, 1.3887 -1.7343 4.3307, 1.3609 -1.6861 4.3117, 1.3766 -1.6982 4.3117, 1.3887 -1.7139 4.3117, 1.3963 -1.7323 4.3117, 1.3432 -1.6759 4.2913, 1.3622 -1.6838 4.2913, 1.3785 -1.6963 4.2913, 1.391 -1.7126 4.2913, 1.3989 -1.7316 4.2913, 0.9678 -1.5748 3.9791, 0.9696 -1.6147 3.9797, 0.9878 -1.5953 3.9764, 0.9695 -1.6147 3.9797, 0.9488 -1.5748 3.9869, 0.9647 -1.6199 3.9806, 0.9378 -1.6498 3.9998, 0.9379 -1.6498 3.9997, 0.9325 -1.5748 3.9994, 0.9413 -1.6458 3.9954, 0.9474 -1.639 3.9902, 0.9523 -1.6336 3.9875, 0.9523 -1.6336 3.9874, 0.9121 -1.5748 4.0347, 0.9201 -1.6704 4.0348, 0.9202 -1.6702 4.0336, 0.9216 -1.6687 4.0287, 0.9268 -1.6626 4.0158, 0.92 -1.5748 4.0158, 0.9272 -1.662 4.0147, 0.9307 -1.658 4.0085, 0.918 -1.6729 4.0478, 0.9252 -1.4852 4.0189, 0.9202 -1.4794 4.0336, 0.92 -1.4791 4.0348, 0.9188 -1.4777 4.0406, 0.9413 -1.5038 3.9954, 0.9376 -1.4995 3.9995, 0.937 -1.4988 4.0001, 0.9272 -1.4876 4.0147, 0.9267 -1.4869 4.0158, 0.9647 -1.5297 3.9806, 0.9579 -1.5222 3.9836, 0.9524 -1.5161 3.9875, 0.9524 -1.5161 3.9875, 0.9878 -1.5543 3.9764, 0.9696 -1.5349 3.9797, 0.9695 -1.5349 3.9797, 1.3887 -1.4153 4.3307, 1.3766 -1.412 4.347, 1.3609 -1.4078 4.3595, 1.3425 -1.4029 4.3674, 1.3405 -1.4078 4.3674, 1.3281 -1.4173 4.3674, 1.3507 -1.4255 4.3595, 1.333 -1.4153 4.3674, 1.3425 -1.4317 4.3595, 1.333 -1.4357 4.3595, 1.3569 -1.4173 4.3595, 1.3372 -1.412 4.3674, 1.3711 -1.4255 4.347, 1.3622 -1.437 4.347, 1.3507 -1.4459 4.347, 1.3372 -1.4514 4.347, 1.3819 -1.4317 4.3307, 1.3711 -1.4459 4.3307, 1.3569 -1.4567 4.3307, 1.3405 -1.4635 4.3307, 1.3963 -1.4173 4.3117, 1.3887 -1.4357 4.3117, 1.3766 -1.4514 4.3117, 1.3609 -1.4635 4.3117, 1.3425 -1.4711 4.3117, 1.3989 -1.418 4.2913, 1.391 -1.437 4.2913, 1.3785 -1.4533 4.2913, 1.3622 -1.4658 4.2913, 1.3432 -1.4737 4.2913, 1.3989 -1.7316 4.0551, 1.391 -1.7126 4.0551, 1.3785 -1.6963 4.0551, 1.3622 -1.6838 4.0551, 1.3432 -1.6759 4.0551, 1.3228 -1.6149 3.9791, 1.3228 -1.6339 3.9869, 1.3228 -1.6705 4.0347, 0.9201 -1.6704 4.0348, 1.3228 -1.6627 4.0158, 1.3228 -1.6502 3.9994, 1.3228 -1.5347 3.9791, 1.3228 -1.5157 3.9869, 1.3228 -1.4994 3.9994, 0.9376 -1.4995 3.9995, 1.3228 -1.4869 4.0158, 1.3228 -1.4791 4.0347, 1.3989 -1.418 4.0551, 1.391 -1.437 4.0551, 1.3785 -1.4533 4.0551, 1.3622 -1.4658 4.0551, 1.3432 -1.4737 4.0551, 1.4043 -1.752 4.0347, 1.4015 -1.7309 4.0347, 1.3933 -1.7113 4.0347, 1.3804 -1.6944 4.0347, 1.3635 -1.6815 4.0347, 1.3439 -1.6733 4.0347, 1.4121 -1.752 4.0158, 1.4091 -1.7289 4.0158, 1.4002 -1.7073 4.0158, 1.386 -1.6888 4.0158, 1.3675 -1.6746 4.0158, 1.3459 -1.6657 4.0158, 1.4246 -1.752 3.9994, 1.4212 -1.7256 3.9994, 1.411 -1.7011 3.9994, 1.3948 -1.68 3.9994, 1.3737 -1.6638 3.9994, 1.3492 -1.6536 3.9994, 1.4409 -1.752 3.9869, 1.4369 -1.7214 3.9869, 1.4251 -1.6929 3.9869, 1.4064 -1.6684 3.9869, 1.3819 -1.6497 3.9869, 1.3534 -1.6379 3.9869, 1.4599 -1.752 3.9791, 1.4553 -1.7165 3.9791, 1.4416 -1.6834 3.9791, 1.4198 -1.655 3.9791, 1.3914 -1.6332 3.9791, 1.3583 -1.6195 3.9791, 1.3439 -1.4763 4.0347, 1.3635 -1.4681 4.0347, 1.3804 -1.4552 4.0347, 1.3933 -1.4383 4.0347, 1.4015 -1.4187 4.0347, 1.4043 -1.3976 4.0347, 1.3459 -1.4839 4.0158, 1.3675 -1.475 4.0158, 1.386 -1.4608 4.0158, 1.4002 -1.4423 4.0158, 1.4091 -1.4207 4.0158, 1.4121 -1.3976 4.0158, 1.3492 -1.496 3.9994, 1.3737 -1.4858 3.9994, 1.3948 -1.4696 3.9994, 1.411 -1.4485 3.9994, 1.4212 -1.424 3.9994, 1.4246 -1.3976 3.9994, 1.3534 -1.5117 3.9869, 1.3819 -1.4999 3.9869, 1.4064 -1.4812 3.9869, 1.4251 -1.4567 3.9869, 1.4369 -1.4282 3.9869, 1.4409 -1.3976 3.9869, 1.3583 -1.5301 3.9791, 1.3914 -1.5164 3.9791, 1.4198 -1.4946 3.9791, 1.4416 -1.4662 3.9791, 1.4553 -1.4331 3.9791, 1.4599 -1.3976 3.9791, 1.6772 -1.6759 4.3117, 1.6772 -1.6838 4.3307, 1.6772 -1.6963 4.347, 1.6772 -1.7126 4.3595, 1.6772 -1.7316 4.3674, 1.6568 -1.752 4.3674, 1.6378 -1.752 4.3595, 1.6215 -1.752 4.347, 1.609 -1.752 4.3307, 1.6011 -1.752 4.3117, 1.4795 -2.087 3.9764, 1.4601 -2.1052 3.9797, 1.4601 -2.1053 3.9797, 1.4549 -2.1101 3.9806, 1.425 -2.1369 3.9997, 1.429 -2.1335 3.9954, 1.4358 -2.1274 3.9902, 1.4412 -2.1225 3.9875, 1.4412 -2.1225 3.9874, 1.425 -2.137 3.9998, 1.4168 -2.1441 4.0085, 1.4128 -2.1476 4.0147, 1.4044 -2.1547 4.0348, 1.4046 -2.1546 4.0336, 1.4061 -2.1532 4.0287, 1.4122 -2.148 4.0158, 1.4019 -2.1568 4.0478, 1.4601 -1.0444 3.9797, 1.4601 -1.0443 3.9797, 1.4128 -1.002 4.0147, 1.4121 -1.0015 4.0158, 1.4029 -0.9936 4.0406, 1.4043 -0.9948 4.0348, 1.4046 -0.995 4.0336, 1.4104 -1.0 4.0189, 1.4247 -1.0124 3.9995, 1.424 -1.0118 4.0001, 1.4474 -1.0327 3.9836, 1.4413 -1.0272 3.9875, 1.4413 -1.0272 3.9875, 1.429 -1.0161 3.9954, 1.4549 -1.0395 3.9806, 1.4795 -1.0626 3.9764, 1.6011 -1.3976 4.3117, 1.609 -1.3976 4.3307, 1.6215 -1.3976 4.347, 1.6378 -1.3976 4.3595, 1.6568 -1.3976 4.3674, 1.6772 -1.3976 4.3701, 1.6772 -1.418 4.3674, 1.6772 -1.437 4.3595, 1.6772 -1.4533 4.347, 1.6772 -1.4658 4.3307, 1.6772 -1.4737 4.3117, 1.6037 -1.7323 4.3117, 1.6431 -1.7323 4.3595, 1.6595 -1.7418 4.3674, 1.6628 -1.7376 4.3674, 1.6719 -1.7323 4.3674, 1.6575 -1.7467 4.3674, 1.6391 -1.7418 4.3595, 1.6234 -1.7376 4.347, 1.6493 -1.7241 4.3595, 1.667 -1.7343 4.3674, 1.6575 -1.7179 4.3595, 1.667 -1.7139 4.3595, 1.6289 -1.7241 4.347, 1.6378 -1.7126 4.347, 1.6493 -1.7037 4.347, 1.6628 -1.6982 4.347, 1.6113 -1.7343 4.3307, 1.6181 -1.7179 4.3307, 1.6289 -1.7037 4.3307, 1.6431 -1.6929 4.3307, 1.6595 -1.6861 4.3307, 1.6113 -1.7139 4.3117, 1.6234 -1.6982 4.3117, 1.6391 -1.6861 4.3117, 1.6575 -1.6785 4.3117, 1.6011 -1.7316 4.2913, 1.609 -1.7126 4.2913, 1.6215 -1.6963 4.2913, 1.6378 -1.6838 4.2913, 1.6568 -1.6759 4.2913, 1.5 -2.126 3.9869, 1.5 -2.1548 4.0158, 1.5 -2.107 3.9791, 1.5399 -2.1052 3.9797, 1.5205 -2.087 3.9764, 1.5399 -2.1053 3.9797, 1.5451 -2.1101 3.9806, 1.5 -2.1423 3.9994, 1.575 -2.1369 3.9997, 1.571 -2.1335 3.9954, 1.5642 -2.1274 3.9902, 1.5588 -2.1225 3.9875, 1.5588 -2.1225 3.9874, 1.575 -2.137 3.9998, 1.5832 -2.1441 4.0085, 1.5 -2.1627 4.0347, 1.5956 -2.1547 4.0348, 1.5954 -2.1546 4.0336, 1.5939 -2.1532 4.0287, 1.5878 -2.148 4.0158, 1.5872 -2.1476 4.0147, 1.5981 -2.1568 4.0478, 1.4044 -2.1547 4.0348, 1.5753 -1.0124 3.9995, 1.576 -1.0118 4.0001, 1.5 -1.0073 3.9994, 1.5954 -0.995 4.0336, 1.5957 -0.9948 4.0348, 1.5 -0.9869 4.0347, 1.5971 -0.9936 4.0406, 1.5872 -1.002 4.0147, 1.5 -0.9948 4.0158, 1.5879 -1.0015 4.0158, 1.5896 -1.0 4.0189, 1.571 -1.0161 3.9954, 1.5451 -1.0395 3.9806, 1.5526 -1.0327 3.9836, 1.5 -1.0236 3.9869, 1.5587 -1.0272 3.9875, 1.5587 -1.0272 3.9875, 1.5205 -1.0626 3.9764, 1.5 -1.0426 3.9791, 1.5399 -1.0444 3.9797, 1.5399 -1.0443 3.9797, 1.4247 -1.0124 3.9995, 1.6575 -1.4711 4.3117, 1.6575 -1.4317 4.3595, 1.667 -1.4153 4.3674, 1.6628 -1.412 4.3674, 1.6575 -1.4029 4.3674, 1.6719 -1.4173 4.3674, 1.667 -1.4357 4.3595, 1.6628 -1.4514 4.347, 1.6493 -1.4255 4.3595, 1.6595 -1.4078 4.3674, 1.6431 -1.4173 4.3595, 1.6391 -1.4078 4.3595, 1.6493 -1.4459 4.347, 1.6378 -1.437 4.347, 1.6289 -1.4255 4.347, 1.6234 -1.412 4.347, 1.6595 -1.4635 4.3307, 1.6431 -1.4567 4.3307, 1.6289 -1.4459 4.3307, 1.6181 -1.4317 4.3307, 1.6113 -1.4153 4.3307, 1.6391 -1.4635 4.3117, 1.6234 -1.4514 4.3117, 1.6113 -1.4357 4.3117, 1.6037 -1.4173 4.3117, 1.6568 -1.4737 4.2913, 1.6378 -1.4658 4.2913, 1.6215 -1.4533 4.2913, 1.609 -1.437 4.2913, 1.6011 -1.418 4.2913, 1.6011 -1.7316 4.0551, 1.609 -1.7126 4.0551, 1.6215 -1.6963 4.0551, 1.6378 -1.6838 4.0551, 1.6568 -1.6759 4.0551, 1.5401 -1.752 3.9791, 1.5591 -1.752 3.9869, 1.5957 -1.752 4.0347, 1.5956 -2.1547 4.0348, 1.5879 -1.752 4.0158, 1.5754 -1.752 3.9994, 1.5401 -1.3976 3.9791, 1.5591 -1.3976 3.9869, 1.5754 -1.3976 3.9994, 1.5879 -1.3976 4.0158, 1.5957 -1.3976 4.0347, 1.5879 -1.0015 4.0158, 1.6011 -1.418 4.0551, 1.609 -1.437 4.0551, 1.6215 -1.4533 4.0551, 1.6378 -1.4658 4.0551, 1.6568 -1.4737 4.0551, 1.6772 -1.6705 4.0347, 1.6561 -1.6733 4.0347, 1.6365 -1.6815 4.0347, 1.6196 -1.6944 4.0347, 1.6067 -1.7113 4.0347, 1.5985 -1.7309 4.0347, 1.6772 -1.6627 4.0158, 1.6541 -1.6657 4.0158, 1.6325 -1.6746 4.0158, 1.614 -1.6888 4.0158, 1.5998 -1.7073 4.0158, 1.5909 -1.7289 4.0158, 1.6772 -1.6502 3.9994, 1.6508 -1.6536 3.9994, 1.6263 -1.6638 3.9994, 1.6052 -1.68 3.9994, 1.589 -1.7011 3.9994, 1.5788 -1.7256 3.9994, 1.6772 -1.6339 3.9869, 1.6466 -1.6379 3.9869, 1.6181 -1.6497 3.9869, 1.5936 -1.6684 3.9869, 1.5749 -1.6929 3.9869, 1.5631 -1.7214 3.9869, 1.6772 -1.6149 3.9791, 1.6417 -1.6195 3.9791, 1.6086 -1.6332 3.9791, 1.5802 -1.655 3.9791, 1.5584 -1.6834 3.9791, 1.5447 -1.7165 3.9791, 1.5985 -1.4187 4.0347, 1.6067 -1.4383 4.0347, 1.6196 -1.4552 4.0347, 1.6365 -1.4681 4.0347, 1.6561 -1.4763 4.0347, 1.6772 -1.4791 4.0347, 1.5909 -1.4207 4.0158, 1.5998 -1.4423 4.0158, 1.614 -1.4608 4.0158, 1.6325 -1.475 4.0158, 1.6541 -1.4839 4.0158, 1.6772 -1.4869 4.0158, 1.5788 -1.424 3.9994, 1.589 -1.4485 3.9994, 1.6052 -1.4696 3.9994, 1.6263 -1.4858 3.9994, 1.6508 -1.496 3.9994, 1.6772 -1.4994 3.9994, 1.5631 -1.4282 3.9869, 1.5749 -1.4567 3.9869, 1.5936 -1.4812 3.9869, 1.6181 -1.4999 3.9869, 1.6466 -1.5117 3.9869, 1.6772 -1.5157 3.9869, 1.5447 -1.4331 3.9791, 1.5584 -1.4662 3.9791, 1.5802 -1.4946 3.9791, 1.6086 -1.5164 3.9791, 1.6417 -1.5301 3.9791, 1.6772 -1.5347 3.9791, 2.0122 -1.5953 3.9764, 2.0277 -1.6118 3.9792, 2.0305 -1.6147 3.9797, 2.0353 -1.6199 3.9806, 2.0429 -1.6283 3.9848, 2.0587 -1.6458 3.9954, 2.0566 -1.6435 3.9936, 2.0526 -1.639 3.9902, 2.0477 -1.6336 3.9875, 2.0728 -1.662 4.0147, 2.0693 -1.658 4.0085, 2.0674 -1.6558 4.0062, 2.0622 -1.6498 3.9998, 2.0798 -1.6702 4.0336, 2.0784 -1.6687 4.0287, 2.0754 -1.6651 4.0211, 2.0732 -1.6626 4.0158, 2.082 -1.6729 4.0478, 2.0804 -1.671 4.0377, 2.0799 -1.6704 4.0348, 2.0277 -1.5378 3.9792, 2.0305 -1.5349 3.9797, 2.0798 -1.4794 4.0336, 2.08 -1.4791 4.0348, 2.0812 -1.4777 4.0406, 2.0806 -1.4784 4.0376, 2.0672 -1.494 4.0063, 2.0728 -1.4876 4.0147, 2.0733 -1.4869 4.0158, 2.0748 -1.4852 4.0189, 2.0565 -1.5062 3.9938, 2.0476 -1.5161 3.9875, 2.0421 -1.5222 3.9836, 2.0587 -1.5038 3.9954, 2.0624 -1.4995 3.9995, 2.063 -1.4988 4.0001, 2.0353 -1.5297 3.9806, 2.0122 -1.5543 3.9764, 2.046 -1.5748 3.9842, 2.0734 -1.5748 4.006, 2.0293 -1.5748 3.9784, 2.0609 -1.5748 3.9936, 2.0828 -1.5748 4.021, 2.0886 -1.5748 4.0376, 1.2638 0.1181 -1.7323, 1.2638 0.1181 0.0787, 1.3239 0.1181 0.0787, 1.333 0.1181 -1.8993, 1.2954 0.1181 -1.8504, 1.2718 0.1181 -1.7934, 1.667 0.1181 -1.8993, 1.6181 0.1181 -1.9369, 1.5611 0.1181 -1.9605, 1.3819 0.1181 -1.9369, 1.522 0.1181 0.0787, 1.4389 0.1181 -1.9605, 1.5 0.1181 -1.9685, 1.7046 0.1181 -1.8504, 1.7362 0.1181 0.0787, 1.7362 0.1181 -1.7323, 1.7282 0.1181 -1.7934, 1.7362 -0.1181 -1.7323, 1.7362 -0.1181 0.0787, 1.522 -0.1181 0.0787, 1.667 -0.1181 -1.8993, 1.7046 -0.1181 -1.8504, 1.7282 -0.1181 -1.7934, 1.2638 -0.1181 0.0787, 1.2638 -0.1181 -1.7323, 1.333 -0.1181 -1.8993, 1.2718 -0.1181 -1.7934, 1.2954 -0.1181 -1.8504, 1.3819 -0.1181 -1.9369, 1.3239 -0.1181 0.0787, 1.4389 -0.1181 -1.9605, 1.5 -0.1181 -1.9685, 1.5611 -0.1181 -1.9605, 1.6181 -0.1181 -1.9369
            ]
        }
        coordIndex [
            0,1,2,-1,3,4,5,-1,1,6,2,-1,2,6,7,-1,2,7,8,-1,0,2,9,-1,9,2,10,-1,9,10,11,-1,12,13,14,-1,14,13,15,-1,14,15,8,-1,12,16,13,-1,13,16,17,-1,13,17,5,-1,5,17,18,-1,5,18,3,-1,4,10,5,-1,5,10,2,-1,5,2,19,-1,19,2,20,-1,19,20,15,-1,15,20,21,-1,15,21,8,-1,12,22,23,-1,24,25,16,-1,12,23,16,-1,16,23,26,-1,16,26,24,-1,25,27,16,-1,16,27,28,-1,16,28,3,-1,3,28,29,-1,3,29,30,-1,30,31,3,-1,3,31,32,-1,3,32,4,-1,4,32,33,-1,4,33,34,-1,7,35,8,-1,8,35,36,-1,8,36,37,-1,37,38,8,-1,8,38,39,-1,8,39,14,-1,14,39,40,-1,14,40,41,-1,42,5,43,-1,43,5,19,-1,43,19,44,-1,44,19,15,-1,44,15,45,-1,45,15,13,-1,45,13,42,-1,42,13,5,-1,46,47,20,-1,20,47,21,-1,48,49,17,-1,17,49,18,-1,50,51,52,-1,52,51,12,-1,52,12,53,-1,17,16,54,-1,12,14,53,-1,53,14,55,-1,53,55,56,-1,56,55,57,-1,56,57,58,-1,58,57,59,-1,58,59,60,-1,60,59,61,-1,60,61,62,-1,62,61,63,-1,62,63,64,-1,64,63,65,-1,64,65,66,-1,66,65,67,-1,66,67,68,-1,68,67,69,-1,68,69,70,-1,70,69,71,-1,70,71,72,-1,72,71,8,-1,72,8,47,-1,47,8,21,-1,48,17,73,-1,73,17,54,-1,73,54,74,-1,74,54,75,-1,74,75,76,-1,76,75,77,-1,76,77,78,-1,78,77,79,-1,78,79,80,-1,80,79,81,-1,80,81,82,-1,82,81,83,-1,82,83,84,-1,84,83,85,-1,85,83,86,-1,85,86,50,-1,50,86,87,-1,50,87,51,-1,88,89,90,-1,90,89,10,-1,90,10,91,-1,92,93,94,-1,94,93,95,-1,94,95,96,-1,96,95,97,-1,96,97,98,-1,98,97,99,-1,98,99,100,-1,92,3,93,-1,93,3,18,-1,93,18,49,-1,46,20,101,-1,101,20,2,-1,101,2,102,-1,102,2,103,-1,102,103,104,-1,104,103,105,-1,104,105,106,-1,106,105,107,-1,106,107,108,-1,108,107,109,-1,108,109,110,-1,110,109,111,-1,110,111,112,-1,112,111,113,-1,112,113,114,-1,114,113,115,-1,114,115,88,-1,88,115,116,-1,88,116,89,-1,10,4,91,-1,91,4,117,-1,91,117,118,-1,118,117,119,-1,118,119,120,-1,120,119,121,-1,120,121,122,-1,122,121,123,-1,122,123,124,-1,124,123,100,-1,124,100,125,-1,125,100,99,-1,126,127,128,-1,129,130,131,-1,132,133,134,-1,134,133,129,-1,134,129,135,-1,135,129,131,-1,136,137,129,-1,129,137,138,-1,129,138,130,-1,128,127,129,-1,129,127,139,-1,129,139,136,-1,140,141,142,-1,142,141,143,-1,142,143,128,-1,128,143,144,-1,128,144,126,-1,140,142,145,-1,145,142,146,-1,145,146,147,-1,148,149,146,-1,146,149,150,-1,146,150,147,-1,151,152,153,-1,153,152,154,-1,153,154,148,-1,148,154,155,-1,148,155,149,-1,151,153,156,-1,156,153,157,-1,156,157,158,-1,158,157,159,-1,159,157,160,-1,159,160,161,-1,162,163,164,-1,164,163,165,-1,164,165,160,-1,160,165,166,-1,160,166,161,-1,162,164,167,-1,167,164,168,-1,167,168,169,-1,170,171,172,-1,172,171,173,-1,172,173,168,-1,168,173,174,-1,168,174,169,-1,170,172,175,-1,175,172,176,-1,175,176,177,-1,178,179,180,-1,180,181,178,-1,178,181,182,-1,178,182,176,-1,176,182,183,-1,176,183,177,-1,184,185,178,-1,178,185,186,-1,178,186,179,-1,187,188,189,-1,189,188,190,-1,189,190,191,-1,187,192,188,-1,188,192,193,-1,188,193,178,-1,178,193,194,-1,178,194,184,-1,195,196,190,-1,190,196,197,-1,190,197,191,-1,198,199,200,-1,200,199,201,-1,200,201,195,-1,195,201,202,-1,195,202,196,-1,198,200,203,-1,203,200,204,-1,203,204,205,-1,205,204,206,-1,206,204,207,-1,206,207,208,-1,209,210,207,-1,207,210,211,-1,207,211,208,-1,212,213,214,-1,214,213,215,-1,214,215,209,-1,209,215,216,-1,209,216,210,-1,217,218,219,-1,217,219,214,-1,214,219,220,-1,214,220,212,-1,218,217,221,-1,221,217,222,-1,221,222,223,-1,132,224,133,-1,133,224,225,-1,133,225,222,-1,222,225,226,-1,222,226,223,-1,195,227,200,-1,200,227,228,-1,200,228,204,-1,204,228,229,-1,204,229,207,-1,207,229,230,-1,207,230,209,-1,133,231,129,-1,129,231,232,-1,129,232,128,-1,128,232,233,-1,128,233,142,-1,142,233,234,-1,142,234,146,-1,234,235,146,-1,146,235,236,-1,146,236,148,-1,148,236,237,-1,148,237,153,-1,153,237,238,-1,153,238,157,-1,157,238,239,-1,157,239,160,-1,230,240,209,-1,209,240,241,-1,209,241,214,-1,214,241,242,-1,214,242,217,-1,217,242,243,-1,217,243,222,-1,222,243,244,-1,222,244,133,-1,133,244,245,-1,133,245,231,-1,239,246,160,-1,160,246,247,-1,160,247,164,-1,164,247,248,-1,164,248,168,-1,168,248,249,-1,168,249,172,-1,172,249,250,-1,172,250,176,-1,250,251,176,-1,176,251,252,-1,176,252,178,-1,178,252,253,-1,178,253,188,-1,188,253,254,-1,188,254,190,-1,190,254,255,-1,190,255,195,-1,195,255,256,-1,195,256,227,-1,257,246,239,-1,258,247,259,-1,259,247,246,-1,259,246,260,-1,260,246,257,-1,258,261,247,-1,247,261,262,-1,247,262,248,-1,263,249,264,-1,264,249,248,-1,264,248,265,-1,265,248,262,-1,263,266,249,-1,249,266,267,-1,249,267,250,-1,268,251,269,-1,269,251,250,-1,269,250,270,-1,270,250,267,-1,268,271,251,-1,251,271,272,-1,251,272,252,-1,272,273,252,-1,252,273,274,-1,252,274,253,-1,275,254,276,-1,276,254,253,-1,276,253,277,-1,277,253,274,-1,275,278,254,-1,254,278,279,-1,254,279,255,-1,280,256,281,-1,281,256,255,-1,281,255,282,-1,282,255,279,-1,280,283,256,-1,256,283,284,-1,256,284,227,-1,285,228,286,-1,286,228,227,-1,286,227,287,-1,287,227,284,-1,285,288,228,-1,228,288,289,-1,228,289,229,-1,289,290,229,-1,229,290,291,-1,229,291,230,-1,292,240,293,-1,293,240,230,-1,293,230,294,-1,294,230,291,-1,292,295,240,-1,240,295,296,-1,240,296,241,-1,297,242,298,-1,298,242,241,-1,298,241,299,-1,299,241,296,-1,297,300,242,-1,242,300,301,-1,242,301,243,-1,302,244,303,-1,303,244,243,-1,303,243,304,-1,304,243,301,-1,302,305,244,-1,244,305,306,-1,244,306,245,-1,306,307,245,-1,245,307,308,-1,245,308,231,-1,309,232,310,-1,310,232,231,-1,310,231,311,-1,311,231,308,-1,309,312,232,-1,232,312,313,-1,232,313,233,-1,314,234,315,-1,315,234,233,-1,315,233,316,-1,316,233,313,-1,314,317,234,-1,234,317,318,-1,234,318,235,-1,319,236,320,-1,320,236,235,-1,320,235,321,-1,321,235,318,-1,319,322,236,-1,236,322,323,-1,236,323,237,-1,323,324,237,-1,237,324,325,-1,237,325,238,-1,325,326,238,-1,238,326,327,-1,238,327,239,-1,239,327,328,-1,239,328,257,-1,329,330,331,-1,332,333,329,-1,329,333,334,-1,329,334,335,-1,331,336,329,-1,329,336,337,-1,329,337,332,-1,338,339,40,-1,40,339,340,-1,40,340,41,-1,338,40,341,-1,341,40,39,-1,341,39,342,-1,38,343,344,-1,344,345,38,-1,38,345,346,-1,38,346,39,-1,39,346,347,-1,39,347,342,-1,343,38,348,-1,348,38,37,-1,348,37,349,-1,350,351,36,-1,36,351,352,-1,36,352,37,-1,37,352,353,-1,37,353,349,-1,35,354,355,-1,35,355,36,-1,36,355,356,-1,36,356,350,-1,357,358,7,-1,7,358,359,-1,7,359,35,-1,35,359,360,-1,35,360,354,-1,357,7,361,-1,361,7,6,-1,361,6,362,-1,363,364,1,-1,1,364,365,-1,1,365,6,-1,6,365,366,-1,6,366,362,-1,367,368,0,-1,0,368,369,-1,0,369,1,-1,1,369,370,-1,1,370,363,-1,9,11,371,-1,371,372,9,-1,9,372,373,-1,9,373,0,-1,0,373,374,-1,0,374,367,-1,375,376,25,-1,377,378,30,-1,379,34,33,-1,379,33,380,-1,32,381,382,-1,382,383,32,-1,32,383,384,-1,32,384,33,-1,33,384,385,-1,33,385,380,-1,381,32,386,-1,386,32,31,-1,386,31,387,-1,378,388,30,-1,30,388,389,-1,30,389,31,-1,31,389,390,-1,31,390,387,-1,28,391,392,-1,28,392,29,-1,392,393,29,-1,29,393,394,-1,29,394,30,-1,30,394,395,-1,30,395,377,-1,27,396,28,-1,28,396,397,-1,28,397,391,-1,376,398,25,-1,25,398,399,-1,25,399,27,-1,27,399,400,-1,27,400,396,-1,375,25,401,-1,401,25,24,-1,401,24,402,-1,26,403,24,-1,24,403,404,-1,24,404,402,-1,405,406,26,-1,26,406,407,-1,26,407,403,-1,23,22,408,-1,408,409,23,-1,23,409,410,-1,23,410,26,-1,26,410,411,-1,26,411,405,-1,326,325,412,-1,324,323,413,-1,319,320,414,-1,321,318,415,-1,314,315,416,-1,309,310,417,-1,311,308,418,-1,307,306,419,-1,302,303,420,-1,304,301,421,-1,297,298,422,-1,292,293,423,-1,290,289,424,-1,285,286,425,-1,287,284,426,-1,280,281,427,-1,282,279,428,-1,275,276,429,-1,273,272,430,-1,268,269,431,-1,270,267,432,-1,263,264,433,-1,265,262,434,-1,258,259,435,-1,436,437,438,-1,439,440,441,-1,442,443,444,-1,445,446,447,-1,448,449,450,-1,451,452,453,-1,454,455,456,-1,457,458,459,-1,460,461,462,-1,463,464,465,-1,330,466,467,-1,468,469,470,-1,330,467,331,-1,460,462,471,-1,451,453,472,-1,439,441,473,-1,469,474,470,-1,470,474,475,-1,470,475,476,-1,476,475,477,-1,476,477,478,-1,478,477,479,-1,478,479,480,-1,480,479,481,-1,480,481,482,-1,482,481,483,-1,482,483,484,-1,484,483,435,-1,464,485,465,-1,465,485,486,-1,465,486,487,-1,487,486,488,-1,487,488,489,-1,489,488,490,-1,489,490,491,-1,491,490,492,-1,491,492,493,-1,493,492,494,-1,493,494,495,-1,495,494,429,-1,455,496,456,-1,456,496,497,-1,456,497,498,-1,498,497,499,-1,498,499,500,-1,500,499,501,-1,500,501,502,-1,502,501,503,-1,502,503,504,-1,504,503,505,-1,504,505,506,-1,506,505,423,-1,452,507,453,-1,453,507,508,-1,453,508,509,-1,509,508,510,-1,509,510,511,-1,511,510,512,-1,511,512,513,-1,513,512,514,-1,513,514,515,-1,515,514,516,-1,515,516,517,-1,517,516,422,-1,518,519,520,-1,520,519,521,-1,520,521,522,-1,522,521,523,-1,522,523,524,-1,524,523,525,-1,524,525,526,-1,526,525,527,-1,526,527,528,-1,528,527,529,-1,528,529,530,-1,530,529,416,-1,437,468,438,-1,438,468,470,-1,438,470,531,-1,531,470,476,-1,531,476,532,-1,532,476,478,-1,532,478,533,-1,533,478,480,-1,533,480,534,-1,534,480,482,-1,534,482,535,-1,535,482,484,-1,535,484,328,-1,328,484,257,-1,435,259,484,-1,484,259,260,-1,484,260,257,-1,261,258,536,-1,536,258,435,-1,536,435,537,-1,537,435,483,-1,537,483,538,-1,538,483,481,-1,538,481,539,-1,539,481,479,-1,539,479,540,-1,540,479,477,-1,540,477,541,-1,541,477,475,-1,541,475,335,-1,335,475,474,-1,541,542,540,-1,540,542,543,-1,540,543,539,-1,539,543,544,-1,539,544,538,-1,538,544,545,-1,538,545,537,-1,537,545,546,-1,537,546,536,-1,536,546,434,-1,536,434,261,-1,261,434,262,-1,264,265,433,-1,433,265,434,-1,433,434,547,-1,547,434,546,-1,547,546,548,-1,548,546,545,-1,548,545,549,-1,549,545,544,-1,549,544,550,-1,550,544,543,-1,550,543,551,-1,551,543,542,-1,266,263,552,-1,552,263,433,-1,552,433,553,-1,553,433,547,-1,553,547,554,-1,554,547,548,-1,554,548,555,-1,555,548,549,-1,555,549,556,-1,556,549,550,-1,556,550,557,-1,557,550,551,-1,557,558,556,-1,556,558,559,-1,556,559,555,-1,555,559,560,-1,555,560,554,-1,554,560,561,-1,554,561,553,-1,553,561,562,-1,553,562,552,-1,552,562,432,-1,552,432,266,-1,266,432,267,-1,269,270,431,-1,431,270,432,-1,431,432,563,-1,563,432,562,-1,563,562,564,-1,564,562,561,-1,564,561,565,-1,565,561,560,-1,565,560,566,-1,566,560,559,-1,566,559,567,-1,567,559,558,-1,271,268,568,-1,568,268,431,-1,568,431,569,-1,569,431,563,-1,569,563,570,-1,570,563,564,-1,570,564,571,-1,571,564,565,-1,571,565,572,-1,572,565,566,-1,572,566,467,-1,467,566,567,-1,467,567,331,-1,331,567,558,-1,331,558,336,-1,336,558,557,-1,336,557,337,-1,337,557,551,-1,337,551,332,-1,332,551,542,-1,332,542,333,-1,333,542,541,-1,333,541,334,-1,334,541,335,-1,466,573,467,-1,467,573,574,-1,467,574,572,-1,572,574,575,-1,572,575,571,-1,571,575,576,-1,571,576,570,-1,570,576,577,-1,570,577,569,-1,569,577,578,-1,569,578,568,-1,568,578,430,-1,568,430,271,-1,271,430,272,-1,274,273,495,-1,495,273,430,-1,495,430,493,-1,493,430,578,-1,493,578,491,-1,491,578,577,-1,491,577,489,-1,489,577,576,-1,489,576,487,-1,487,576,575,-1,487,575,465,-1,465,575,574,-1,465,574,463,-1,463,574,573,-1,429,276,495,-1,495,276,277,-1,495,277,274,-1,278,275,579,-1,579,275,429,-1,579,429,580,-1,580,429,494,-1,580,494,581,-1,581,494,492,-1,581,492,582,-1,582,492,490,-1,582,490,583,-1,583,490,488,-1,583,488,462,-1,462,488,486,-1,462,486,471,-1,471,486,485,-1,461,584,462,-1,462,584,585,-1,462,585,583,-1,583,585,586,-1,583,586,582,-1,582,586,587,-1,582,587,581,-1,581,587,588,-1,581,588,580,-1,580,588,589,-1,580,589,579,-1,579,589,428,-1,579,428,278,-1,278,428,279,-1,281,282,427,-1,427,282,428,-1,427,428,590,-1,590,428,589,-1,590,589,591,-1,591,589,588,-1,591,588,592,-1,592,588,587,-1,592,587,593,-1,593,587,586,-1,593,586,594,-1,594,586,585,-1,594,585,595,-1,595,585,584,-1,283,280,596,-1,596,280,427,-1,596,427,597,-1,597,427,590,-1,597,590,598,-1,598,590,591,-1,598,591,599,-1,599,591,592,-1,599,592,600,-1,600,592,593,-1,600,593,601,-1,601,593,594,-1,601,594,602,-1,602,594,595,-1,602,603,601,-1,601,603,604,-1,601,604,600,-1,600,604,605,-1,600,605,599,-1,599,605,606,-1,599,606,598,-1,598,606,607,-1,598,607,597,-1,597,607,608,-1,597,608,596,-1,596,608,426,-1,596,426,283,-1,283,426,284,-1,286,287,425,-1,425,287,426,-1,425,426,609,-1,609,426,608,-1,609,608,610,-1,610,608,607,-1,610,607,611,-1,611,607,606,-1,611,606,612,-1,612,606,605,-1,612,605,613,-1,613,605,604,-1,613,604,614,-1,614,604,603,-1,288,285,615,-1,615,285,425,-1,615,425,616,-1,616,425,609,-1,616,609,617,-1,617,609,610,-1,617,610,618,-1,618,610,611,-1,618,611,619,-1,619,611,612,-1,619,612,620,-1,620,612,613,-1,620,613,621,-1,621,613,614,-1,621,457,620,-1,620,457,459,-1,620,459,619,-1,619,459,622,-1,619,622,618,-1,618,622,623,-1,618,623,617,-1,617,623,624,-1,617,624,616,-1,616,624,625,-1,616,625,615,-1,615,625,424,-1,615,424,288,-1,288,424,289,-1,291,290,506,-1,506,290,424,-1,506,424,504,-1,504,424,625,-1,504,625,502,-1,502,625,624,-1,502,624,500,-1,500,624,623,-1,500,623,498,-1,498,623,622,-1,498,622,456,-1,456,622,459,-1,456,459,454,-1,454,459,458,-1,423,293,506,-1,506,293,294,-1,506,294,291,-1,295,292,626,-1,626,292,423,-1,626,423,627,-1,627,423,505,-1,627,505,628,-1,628,505,503,-1,628,503,629,-1,629,503,501,-1,629,501,630,-1,630,501,499,-1,630,499,631,-1,631,499,497,-1,631,497,632,-1,632,497,496,-1,632,472,631,-1,631,472,453,-1,631,453,630,-1,630,453,509,-1,630,509,629,-1,629,509,511,-1,629,511,628,-1,628,511,513,-1,628,513,627,-1,627,513,515,-1,627,515,626,-1,626,515,517,-1,626,517,295,-1,295,517,296,-1,422,298,517,-1,517,298,299,-1,517,299,296,-1,300,297,633,-1,633,297,422,-1,633,422,634,-1,634,422,516,-1,634,516,635,-1,635,516,514,-1,635,514,636,-1,636,514,512,-1,636,512,637,-1,637,512,510,-1,637,510,638,-1,638,510,508,-1,638,508,639,-1,639,508,507,-1,639,640,638,-1,638,640,641,-1,638,641,637,-1,637,641,642,-1,637,642,636,-1,636,642,643,-1,636,643,635,-1,635,643,644,-1,635,644,634,-1,634,644,645,-1,634,645,633,-1,633,645,421,-1,633,421,300,-1,300,421,301,-1,303,304,420,-1,420,304,421,-1,420,421,646,-1,646,421,645,-1,646,645,647,-1,647,645,644,-1,647,644,648,-1,648,644,643,-1,648,643,649,-1,649,643,642,-1,649,642,650,-1,650,642,641,-1,650,641,651,-1,651,641,640,-1,305,302,652,-1,652,302,420,-1,652,420,653,-1,653,420,646,-1,653,646,654,-1,654,646,647,-1,654,647,655,-1,655,647,648,-1,655,648,656,-1,656,648,649,-1,656,649,657,-1,657,649,650,-1,657,650,658,-1,658,650,651,-1,658,659,657,-1,657,659,660,-1,657,660,656,-1,656,660,661,-1,656,661,655,-1,655,661,662,-1,655,662,654,-1,654,662,663,-1,654,663,653,-1,653,663,664,-1,653,664,652,-1,652,664,419,-1,652,419,305,-1,305,419,306,-1,308,307,418,-1,418,307,419,-1,418,419,665,-1,665,419,664,-1,665,664,666,-1,666,664,663,-1,666,663,667,-1,667,663,662,-1,667,662,668,-1,668,662,661,-1,668,661,450,-1,450,661,660,-1,450,660,448,-1,448,660,659,-1,310,311,417,-1,417,311,418,-1,417,418,669,-1,669,418,665,-1,669,665,670,-1,670,665,666,-1,670,666,671,-1,671,666,667,-1,671,667,672,-1,672,667,668,-1,672,668,447,-1,447,668,450,-1,447,450,445,-1,445,450,449,-1,312,309,673,-1,673,309,417,-1,673,417,674,-1,674,417,669,-1,674,669,675,-1,675,669,670,-1,675,670,676,-1,676,670,671,-1,676,671,677,-1,677,671,672,-1,677,672,444,-1,444,672,447,-1,444,447,442,-1,442,447,446,-1,443,518,444,-1,444,518,520,-1,444,520,677,-1,677,520,522,-1,677,522,676,-1,676,522,524,-1,676,524,675,-1,675,524,526,-1,675,526,674,-1,674,526,528,-1,674,528,673,-1,673,528,530,-1,673,530,312,-1,312,530,313,-1,416,315,530,-1,530,315,316,-1,530,316,313,-1,317,314,678,-1,678,314,416,-1,678,416,679,-1,679,416,529,-1,679,529,680,-1,680,529,527,-1,680,527,681,-1,681,527,525,-1,681,525,682,-1,682,525,523,-1,682,523,683,-1,683,523,521,-1,683,684,682,-1,682,684,685,-1,682,685,681,-1,681,685,686,-1,681,686,680,-1,680,686,687,-1,680,687,679,-1,679,687,688,-1,679,688,678,-1,678,688,415,-1,678,415,317,-1,317,415,318,-1,320,321,414,-1,414,321,415,-1,414,415,689,-1,689,415,688,-1,689,688,690,-1,690,688,687,-1,690,687,691,-1,691,687,686,-1,691,686,692,-1,692,686,685,-1,692,685,693,-1,693,685,684,-1,322,319,694,-1,694,319,414,-1,694,414,695,-1,695,414,689,-1,695,689,696,-1,696,689,690,-1,696,690,697,-1,697,690,691,-1,697,691,698,-1,698,691,692,-1,698,692,699,-1,699,692,693,-1,699,700,698,-1,698,700,701,-1,698,701,697,-1,697,701,702,-1,697,702,696,-1,696,702,703,-1,696,703,695,-1,695,703,704,-1,695,704,694,-1,694,704,413,-1,694,413,322,-1,322,413,323,-1,325,324,412,-1,412,324,413,-1,412,413,705,-1,705,413,704,-1,705,704,706,-1,706,704,703,-1,706,703,707,-1,707,703,702,-1,707,702,708,-1,708,702,701,-1,708,701,441,-1,441,701,700,-1,441,700,473,-1,473,700,699,-1,473,699,709,-1,709,699,693,-1,709,693,710,-1,710,693,684,-1,710,684,711,-1,711,684,683,-1,711,683,712,-1,712,683,521,-1,712,521,713,-1,713,521,519,-1,327,326,714,-1,714,326,412,-1,714,412,715,-1,715,412,705,-1,715,705,716,-1,716,705,706,-1,716,706,717,-1,717,706,707,-1,717,707,718,-1,718,707,708,-1,718,708,719,-1,719,708,441,-1,719,441,720,-1,720,441,440,-1,720,436,719,-1,719,436,438,-1,719,438,718,-1,718,438,531,-1,718,531,717,-1,717,531,532,-1,717,532,716,-1,716,532,533,-1,716,533,715,-1,715,533,534,-1,715,534,714,-1,714,534,535,-1,714,535,327,-1,327,535,328,-1,721,722,723,-1,723,722,724,-1,722,721,725,-1,440,439,726,-1,440,726,720,-1,720,726,727,-1,720,727,728,-1,729,436,730,-1,730,436,720,-1,730,720,731,-1,731,720,728,-1,729,732,436,-1,436,732,733,-1,436,733,734,-1,735,736,468,-1,468,736,737,-1,468,737,738,-1,738,739,468,-1,468,739,740,-1,468,740,469,-1,740,741,469,-1,469,741,742,-1,469,742,743,-1,743,744,469,-1,469,744,745,-1,469,745,474,-1,474,745,335,-1,734,722,436,-1,436,722,725,-1,436,725,437,-1,437,725,746,-1,437,746,468,-1,468,746,747,-1,468,747,735,-1,748,749,735,-1,735,749,736,-1,750,751,752,-1,752,751,753,-1,751,750,754,-1,466,330,755,-1,466,755,573,-1,573,755,756,-1,573,756,757,-1,758,463,759,-1,759,463,573,-1,759,573,760,-1,760,573,757,-1,758,761,463,-1,463,761,762,-1,463,762,763,-1,764,765,471,-1,471,765,766,-1,471,766,460,-1,767,768,485,-1,768,769,485,-1,485,769,770,-1,485,770,771,-1,771,772,485,-1,485,772,773,-1,485,773,471,-1,471,773,774,-1,471,774,764,-1,763,751,463,-1,463,751,754,-1,463,754,464,-1,464,754,775,-1,464,775,485,-1,485,775,776,-1,485,776,767,-1,777,778,767,-1,767,778,768,-1,779,780,781,-1,781,780,782,-1,783,451,472,-1,780,779,784,-1,458,457,785,-1,786,787,454,-1,785,788,458,-1,458,788,789,-1,458,789,454,-1,454,789,790,-1,454,790,786,-1,787,791,454,-1,454,791,792,-1,454,792,793,-1,783,472,794,-1,795,796,632,-1,796,797,632,-1,632,797,798,-1,632,798,799,-1,799,800,632,-1,632,800,801,-1,632,801,472,-1,472,801,802,-1,472,802,794,-1,793,780,454,-1,454,780,784,-1,454,784,455,-1,455,784,803,-1,455,803,496,-1,496,803,804,-1,496,804,632,-1,632,804,805,-1,632,805,795,-1,806,807,805,-1,805,807,795,-1,808,809,810,-1,810,809,811,-1,809,808,812,-1,449,448,813,-1,813,814,449,-1,449,814,815,-1,449,815,445,-1,815,816,445,-1,445,816,817,-1,445,817,818,-1,819,820,442,-1,442,820,821,-1,442,821,822,-1,822,823,442,-1,442,823,824,-1,442,824,443,-1,443,824,825,-1,443,825,826,-1,826,827,443,-1,443,827,828,-1,443,828,518,-1,518,828,829,-1,518,829,519,-1,818,809,445,-1,445,809,812,-1,445,812,446,-1,446,812,830,-1,446,830,442,-1,442,830,831,-1,442,831,819,-1,832,833,819,-1,819,833,820,-1,834,835,836,-1,837,838,839,-1,839,838,840,-1,839,840,841,-1,842,843,844,-1,844,843,845,-1,846,847,848,-1,849,850,851,-1,851,850,838,-1,851,838,845,-1,845,838,837,-1,845,837,844,-1,852,853,854,-1,855,856,857,-1,858,859,860,-1,860,859,837,-1,860,837,861,-1,861,837,839,-1,862,834,863,-1,863,834,836,-1,863,836,858,-1,858,836,864,-1,858,864,859,-1,865,852,866,-1,866,852,854,-1,866,854,849,-1,849,854,867,-1,849,867,850,-1,868,846,869,-1,869,846,848,-1,869,848,842,-1,842,848,870,-1,842,870,843,-1,871,855,872,-1,872,855,857,-1,872,857,841,-1,841,857,873,-1,841,873,839,-1,768,778,769,-1,769,778,874,-1,769,874,770,-1,770,874,771,-1,771,874,875,-1,771,875,772,-1,772,875,773,-1,773,875,876,-1,773,876,774,-1,774,876,764,-1,764,876,877,-1,764,877,765,-1,765,877,878,-1,765,878,766,-1,766,878,879,-1,766,879,460,-1,457,879,880,-1,457,880,785,-1,785,880,881,-1,785,881,788,-1,788,881,789,-1,789,881,882,-1,789,882,790,-1,790,882,786,-1,786,882,883,-1,786,883,787,-1,787,883,791,-1,791,883,884,-1,791,884,792,-1,792,884,793,-1,793,884,782,-1,793,782,780,-1,795,807,796,-1,796,807,885,-1,796,885,797,-1,797,885,798,-1,798,885,886,-1,798,886,799,-1,799,886,800,-1,800,886,887,-1,800,887,801,-1,801,887,802,-1,802,887,888,-1,802,888,794,-1,794,888,889,-1,794,889,783,-1,783,889,890,-1,783,890,451,-1,448,890,891,-1,448,891,813,-1,813,891,892,-1,813,892,814,-1,892,893,814,-1,814,893,894,-1,814,894,815,-1,894,895,815,-1,815,895,896,-1,815,896,816,-1,896,897,816,-1,816,897,898,-1,816,898,817,-1,898,899,817,-1,817,899,900,-1,817,900,818,-1,900,901,818,-1,818,901,811,-1,818,811,809,-1,782,884,902,-1,903,904,905,-1,879,878,906,-1,905,904,879,-1,907,879,904,-1,907,904,908,-1,908,904,903,-1,908,903,909,-1,880,879,907,-1,910,911,912,-1,912,911,906,-1,912,906,913,-1,913,906,878,-1,913,878,877,-1,880,907,881,-1,881,907,908,-1,881,908,882,-1,882,908,909,-1,882,909,883,-1,914,910,915,-1,915,910,912,-1,915,912,916,-1,916,912,913,-1,916,913,917,-1,917,913,877,-1,917,877,876,-1,918,914,919,-1,919,914,915,-1,919,915,920,-1,920,915,916,-1,920,916,921,-1,921,916,917,-1,921,917,922,-1,922,917,876,-1,922,876,875,-1,884,918,902,-1,902,918,919,-1,902,919,923,-1,923,919,920,-1,923,920,924,-1,924,920,921,-1,924,921,925,-1,925,921,922,-1,925,922,926,-1,926,922,875,-1,926,875,874,-1,782,902,927,-1,927,902,923,-1,927,923,928,-1,928,923,924,-1,928,924,929,-1,929,924,925,-1,929,925,930,-1,930,925,926,-1,930,926,931,-1,931,926,874,-1,931,874,778,-1,911,879,906,-1,884,883,918,-1,918,883,909,-1,918,909,914,-1,914,909,903,-1,914,903,910,-1,910,903,905,-1,910,905,911,-1,911,905,879,-1,932,933,934,-1,933,932,935,-1,935,932,936,-1,935,936,937,-1,938,939,940,-1,940,939,941,-1,941,942,940,-1,940,942,943,-1,940,943,936,-1,936,943,944,-1,936,944,937,-1,945,946,947,-1,947,948,945,-1,945,948,949,-1,945,949,950,-1,950,949,951,-1,950,951,952,-1,779,953,784,-1,784,953,946,-1,784,946,803,-1,803,946,945,-1,803,945,804,-1,954,955,945,-1,945,955,956,-1,945,956,804,-1,804,956,957,-1,804,957,805,-1,958,959,940,-1,940,959,950,-1,940,950,938,-1,938,950,952,-1,959,960,950,-1,950,960,961,-1,950,961,945,-1,945,961,962,-1,945,962,954,-1,963,964,936,-1,936,964,965,-1,936,965,940,-1,940,965,966,-1,940,966,958,-1,871,932,855,-1,855,932,934,-1,855,934,856,-1,871,967,932,-1,932,967,968,-1,932,968,936,-1,936,968,969,-1,936,969,963,-1,899,898,970,-1,897,896,971,-1,972,973,974,-1,890,889,975,-1,974,973,890,-1,891,890,973,-1,895,894,972,-1,972,894,893,-1,972,893,973,-1,973,893,892,-1,973,892,891,-1,976,977,978,-1,978,977,975,-1,978,975,979,-1,979,975,889,-1,979,889,888,-1,896,895,971,-1,971,895,972,-1,971,972,980,-1,980,972,974,-1,980,974,981,-1,981,974,890,-1,982,976,983,-1,983,976,978,-1,983,978,984,-1,984,978,979,-1,984,979,985,-1,985,979,888,-1,985,888,887,-1,970,982,986,-1,986,982,983,-1,986,983,987,-1,987,983,984,-1,987,984,988,-1,988,984,985,-1,988,985,989,-1,989,985,887,-1,989,887,886,-1,901,900,990,-1,990,900,899,-1,899,970,990,-1,990,970,986,-1,990,986,991,-1,991,986,987,-1,991,987,992,-1,992,987,988,-1,992,988,993,-1,993,988,989,-1,993,989,994,-1,994,989,886,-1,994,886,885,-1,995,811,901,-1,901,990,995,-1,995,990,991,-1,995,991,996,-1,996,991,992,-1,996,992,997,-1,997,992,993,-1,997,993,998,-1,998,993,994,-1,998,994,999,-1,999,994,885,-1,999,885,807,-1,977,890,975,-1,898,897,970,-1,970,897,971,-1,970,971,982,-1,982,971,980,-1,982,980,976,-1,976,980,981,-1,976,981,977,-1,977,981,890,-1,778,777,1000,-1,778,1000,931,-1,931,1000,1001,-1,931,1001,930,-1,930,1001,1002,-1,930,1002,929,-1,929,1002,1003,-1,929,1003,928,-1,928,1003,1004,-1,928,1004,927,-1,927,1004,781,-1,927,781,782,-1,933,935,1005,-1,944,943,1006,-1,779,781,953,-1,953,781,1007,-1,953,1007,1008,-1,951,949,1009,-1,1009,949,948,-1,1009,948,1007,-1,1007,948,947,-1,1007,947,1008,-1,941,939,1010,-1,1010,939,938,-1,1010,938,1009,-1,1009,938,952,-1,1009,952,951,-1,1006,943,1010,-1,1010,943,942,-1,1010,942,941,-1,1005,935,1006,-1,1006,935,937,-1,1006,937,944,-1,857,856,1005,-1,1005,856,934,-1,1005,934,933,-1,967,871,872,-1,1011,965,964,-1,964,963,1011,-1,1011,963,969,-1,1011,969,872,-1,872,969,968,-1,872,968,967,-1,965,1011,966,-1,966,1011,1012,-1,966,1012,958,-1,958,1012,1013,-1,958,1013,1014,-1,1014,1013,960,-1,960,1013,1015,-1,960,1015,961,-1,956,955,1016,-1,1016,955,954,-1,1016,954,1015,-1,1015,954,962,-1,1015,962,961,-1,956,1016,957,-1,957,1016,806,-1,957,806,805,-1,810,811,995,-1,810,995,1017,-1,1017,995,996,-1,1017,996,1018,-1,1018,996,997,-1,1018,997,1019,-1,1019,997,998,-1,1019,998,1020,-1,1020,998,999,-1,1020,999,1021,-1,1021,999,807,-1,1021,807,806,-1,777,1022,1000,-1,1000,1022,1023,-1,1000,1023,1001,-1,1001,1023,1024,-1,1001,1024,1002,-1,1002,1024,1025,-1,1002,1025,1003,-1,1003,1025,1026,-1,1003,1026,1004,-1,1004,1026,1027,-1,1004,1027,781,-1,781,1027,1007,-1,1022,1028,1023,-1,1023,1028,1029,-1,1023,1029,1024,-1,1024,1029,1030,-1,1024,1030,1025,-1,1025,1030,1031,-1,1025,1031,1026,-1,1026,1031,1032,-1,1026,1032,1027,-1,1027,1032,1033,-1,1027,1033,1007,-1,1007,1033,1009,-1,1028,1034,1029,-1,1029,1034,1035,-1,1029,1035,1030,-1,1030,1035,1036,-1,1030,1036,1031,-1,1031,1036,1037,-1,1031,1037,1032,-1,1032,1037,1038,-1,1032,1038,1033,-1,1033,1038,1039,-1,1033,1039,1009,-1,1009,1039,1010,-1,1034,1040,1035,-1,1035,1040,1041,-1,1035,1041,1036,-1,1036,1041,1042,-1,1036,1042,1037,-1,1037,1042,1043,-1,1037,1043,1038,-1,1038,1043,1044,-1,1038,1044,1039,-1,1039,1044,1045,-1,1039,1045,1010,-1,1010,1045,1006,-1,1040,1046,1041,-1,1041,1046,1047,-1,1041,1047,1042,-1,1042,1047,1048,-1,1042,1048,1043,-1,1043,1048,1049,-1,1043,1049,1044,-1,1044,1049,1050,-1,1044,1050,1045,-1,1045,1050,1051,-1,1045,1051,1006,-1,1006,1051,1005,-1,1046,863,1047,-1,1047,863,858,-1,1047,858,1048,-1,1048,858,860,-1,1048,860,1049,-1,1049,860,861,-1,1049,861,1050,-1,1050,861,839,-1,1050,839,1051,-1,1051,839,873,-1,1051,873,1005,-1,1005,873,857,-1,806,1016,1021,-1,1021,1016,1052,-1,1021,1052,1020,-1,1020,1052,1053,-1,1020,1053,1019,-1,1019,1053,1054,-1,1019,1054,1018,-1,1018,1054,1055,-1,1018,1055,1017,-1,1017,1055,1056,-1,1017,1056,810,-1,810,1056,1057,-1,1016,1015,1052,-1,1052,1015,1058,-1,1052,1058,1053,-1,1053,1058,1059,-1,1053,1059,1054,-1,1054,1059,1060,-1,1054,1060,1055,-1,1055,1060,1061,-1,1055,1061,1056,-1,1056,1061,1062,-1,1056,1062,1057,-1,1057,1062,1063,-1,1015,1013,1058,-1,1058,1013,1064,-1,1058,1064,1059,-1,1059,1064,1065,-1,1059,1065,1060,-1,1060,1065,1066,-1,1060,1066,1061,-1,1061,1066,1067,-1,1061,1067,1062,-1,1062,1067,1068,-1,1062,1068,1063,-1,1063,1068,1069,-1,1013,1012,1064,-1,1064,1012,1070,-1,1064,1070,1065,-1,1065,1070,1071,-1,1065,1071,1066,-1,1066,1071,1072,-1,1066,1072,1067,-1,1067,1072,1073,-1,1067,1073,1068,-1,1068,1073,1074,-1,1068,1074,1069,-1,1069,1074,1075,-1,1012,1011,1070,-1,1070,1011,1076,-1,1070,1076,1071,-1,1071,1076,1077,-1,1071,1077,1072,-1,1072,1077,1078,-1,1072,1078,1073,-1,1073,1078,1079,-1,1073,1079,1074,-1,1074,1079,1080,-1,1074,1080,1075,-1,1075,1080,1081,-1,1011,872,1076,-1,1076,872,841,-1,1076,841,1077,-1,1077,841,840,-1,1077,840,1078,-1,1078,840,838,-1,1078,838,1079,-1,1079,838,850,-1,1079,850,1080,-1,1080,850,867,-1,1080,867,1081,-1,1081,867,854,-1,736,749,737,-1,737,749,1082,-1,737,1082,738,-1,738,1082,739,-1,739,1082,1083,-1,739,1083,740,-1,740,1083,741,-1,741,1083,1084,-1,741,1084,742,-1,742,1084,743,-1,743,1084,1085,-1,743,1085,744,-1,744,1085,1086,-1,744,1086,745,-1,745,1086,329,-1,745,329,335,-1,330,329,1087,-1,330,1087,755,-1,755,1087,1088,-1,755,1088,756,-1,756,1088,757,-1,757,1088,1089,-1,757,1089,760,-1,760,1089,759,-1,759,1089,1090,-1,759,1090,758,-1,758,1090,761,-1,761,1090,1091,-1,761,1091,762,-1,762,1091,763,-1,763,1091,753,-1,763,753,751,-1,862,863,1092,-1,1092,863,1093,-1,1093,863,1094,-1,1094,863,1046,-1,1094,1046,1095,-1,1040,1096,1097,-1,1097,1098,1040,-1,1040,1098,1099,-1,1040,1099,1046,-1,1046,1099,1100,-1,1046,1100,1095,-1,1096,1040,1101,-1,1101,1040,1034,-1,1101,1034,1102,-1,1102,1034,1028,-1,1102,1028,1103,-1,1104,1105,1022,-1,1022,1105,1106,-1,1022,1106,1028,-1,1028,1106,1107,-1,1028,1107,1103,-1,1104,1022,1108,-1,1108,1022,777,-1,1108,777,767,-1,1109,1110,1081,-1,1111,1112,1063,-1,808,810,1113,-1,1113,810,1057,-1,1113,1057,1114,-1,1114,1057,1115,-1,1063,1112,1057,-1,1057,1112,1116,-1,1057,1116,1115,-1,1069,1117,1063,-1,1063,1117,1118,-1,1063,1118,1111,-1,1119,1120,1075,-1,1075,1120,1121,-1,1075,1121,1069,-1,1069,1121,1122,-1,1069,1122,1117,-1,1081,1110,1075,-1,1075,1110,1123,-1,1075,1123,1119,-1,854,853,1081,-1,1081,853,1124,-1,1081,1124,1109,-1,820,833,821,-1,821,833,1125,-1,821,1125,822,-1,822,1125,823,-1,823,1125,1126,-1,823,1126,824,-1,824,1126,825,-1,825,1126,1127,-1,825,1127,826,-1,826,1127,827,-1,827,1127,1128,-1,827,1128,828,-1,828,1128,1129,-1,828,1129,829,-1,829,1129,1130,-1,829,1130,519,-1,439,1130,1131,-1,439,1131,726,-1,726,1131,1132,-1,726,1132,727,-1,727,1132,728,-1,728,1132,1133,-1,728,1133,731,-1,731,1133,730,-1,730,1133,1134,-1,730,1134,729,-1,729,1134,732,-1,732,1134,1135,-1,732,1135,733,-1,733,1135,734,-1,734,1135,724,-1,734,724,722,-1,753,1091,1136,-1,1137,1138,1139,-1,329,1086,1140,-1,1139,1138,329,-1,1141,329,1138,-1,1141,1138,1142,-1,1142,1138,1137,-1,1142,1137,1143,-1,1087,329,1141,-1,1144,1145,1146,-1,1146,1145,1140,-1,1146,1140,1147,-1,1147,1140,1086,-1,1147,1086,1085,-1,1087,1141,1088,-1,1088,1141,1142,-1,1088,1142,1089,-1,1089,1142,1143,-1,1089,1143,1090,-1,1148,1144,1149,-1,1149,1144,1146,-1,1149,1146,1150,-1,1150,1146,1147,-1,1150,1147,1151,-1,1151,1147,1085,-1,1151,1085,1084,-1,1152,1148,1153,-1,1153,1148,1149,-1,1153,1149,1154,-1,1154,1149,1150,-1,1154,1150,1155,-1,1155,1150,1151,-1,1155,1151,1156,-1,1156,1151,1084,-1,1156,1084,1083,-1,1091,1152,1136,-1,1136,1152,1153,-1,1136,1153,1157,-1,1157,1153,1154,-1,1157,1154,1158,-1,1158,1154,1155,-1,1158,1155,1159,-1,1159,1155,1156,-1,1159,1156,1160,-1,1160,1156,1083,-1,1160,1083,1082,-1,753,1136,1161,-1,1161,1136,1157,-1,1161,1157,1162,-1,1162,1157,1158,-1,1162,1158,1163,-1,1163,1158,1159,-1,1163,1159,1164,-1,1164,1159,1160,-1,1164,1160,1165,-1,1165,1160,1082,-1,1165,1082,749,-1,1145,329,1140,-1,1091,1090,1152,-1,1152,1090,1143,-1,1152,1143,1148,-1,1148,1143,1137,-1,1148,1137,1144,-1,1144,1137,1139,-1,1144,1139,1145,-1,1145,1139,329,-1,1095,1100,1166,-1,1102,1103,1167,-1,1168,1169,1170,-1,1169,1168,1171,-1,1171,1168,1166,-1,1171,1166,1172,-1,1173,1174,1175,-1,1175,1176,1173,-1,1173,1176,1177,-1,1173,1177,1166,-1,1166,1177,1178,-1,1166,1178,1172,-1,1174,1173,1179,-1,1179,1173,1167,-1,1179,1167,1180,-1,1181,1182,1183,-1,1183,1184,1181,-1,1181,1184,1185,-1,1181,1185,1167,-1,1167,1185,1186,-1,1167,1186,1180,-1,750,1187,754,-1,754,1187,1182,-1,754,1182,775,-1,775,1182,1181,-1,775,1181,776,-1,1167,1103,1181,-1,1181,1103,1107,-1,1181,1107,1106,-1,1106,1105,1181,-1,1181,1105,1188,-1,1181,1188,776,-1,776,1188,1108,-1,776,1108,767,-1,1166,1100,1173,-1,1173,1100,1099,-1,1173,1099,1098,-1,1098,1097,1173,-1,1173,1097,1096,-1,1173,1096,1167,-1,1167,1096,1101,-1,1167,1101,1102,-1,862,1168,834,-1,834,1168,1170,-1,834,1170,835,-1,862,1092,1168,-1,1168,1092,1093,-1,1168,1093,1166,-1,1166,1093,1094,-1,1166,1094,1095,-1,1189,1190,1191,-1,1192,1193,1194,-1,1195,819,831,-1,1190,1196,1197,-1,1197,1196,1198,-1,1197,1198,1194,-1,1194,1198,1199,-1,1194,1199,1192,-1,1189,1191,1200,-1,1201,1202,1203,-1,1203,1202,1204,-1,1203,1204,1191,-1,1191,1204,1205,-1,1191,1205,1200,-1,865,1206,1207,-1,1207,1206,1208,-1,1207,1208,1203,-1,1203,1208,1209,-1,1203,1209,1201,-1,865,1207,852,-1,852,1207,1124,-1,852,1124,853,-1,1119,1123,1203,-1,1203,1123,1110,-1,1203,1110,1207,-1,1207,1110,1109,-1,1207,1109,1124,-1,1210,1122,1191,-1,1191,1122,1121,-1,1191,1121,1203,-1,1203,1121,1120,-1,1203,1120,1119,-1,1190,1197,1191,-1,1191,1197,1118,-1,1191,1118,1210,-1,1194,1114,1115,-1,1115,1116,1194,-1,1194,1116,1112,-1,1194,1112,1197,-1,1197,1112,1111,-1,1197,1111,1118,-1,808,1113,812,-1,812,1113,1114,-1,812,1114,830,-1,830,1114,1194,-1,830,1194,831,-1,831,1194,1193,-1,831,1193,1195,-1,724,1135,1211,-1,1212,1213,1214,-1,1130,1129,1215,-1,1214,1213,1130,-1,1216,1130,1213,-1,1216,1213,1217,-1,1217,1213,1212,-1,1217,1212,1218,-1,1131,1130,1216,-1,1219,1220,1221,-1,1221,1220,1215,-1,1221,1215,1222,-1,1222,1215,1129,-1,1222,1129,1128,-1,1131,1216,1132,-1,1132,1216,1217,-1,1132,1217,1133,-1,1133,1217,1218,-1,1133,1218,1134,-1,1223,1219,1224,-1,1224,1219,1221,-1,1224,1221,1225,-1,1225,1221,1222,-1,1225,1222,1226,-1,1226,1222,1128,-1,1226,1128,1127,-1,1227,1223,1228,-1,1228,1223,1224,-1,1228,1224,1229,-1,1229,1224,1225,-1,1229,1225,1230,-1,1230,1225,1226,-1,1230,1226,1231,-1,1231,1226,1127,-1,1231,1127,1126,-1,1135,1227,1211,-1,1211,1227,1228,-1,1211,1228,1232,-1,1232,1228,1229,-1,1232,1229,1233,-1,1233,1229,1230,-1,1233,1230,1234,-1,1234,1230,1231,-1,1234,1231,1235,-1,1235,1231,1126,-1,1235,1126,1125,-1,724,1211,1236,-1,1236,1211,1232,-1,1236,1232,1237,-1,1237,1232,1233,-1,1237,1233,1238,-1,1238,1233,1234,-1,1238,1234,1239,-1,1239,1234,1235,-1,1239,1235,1240,-1,1240,1235,1125,-1,1240,1125,833,-1,1220,1130,1215,-1,1135,1134,1227,-1,1227,1134,1218,-1,1227,1218,1223,-1,1223,1218,1212,-1,1223,1212,1219,-1,1219,1212,1214,-1,1219,1214,1220,-1,1220,1214,1130,-1,752,753,1161,-1,752,1161,1241,-1,1241,1161,1162,-1,1241,1162,1242,-1,1242,1162,1163,-1,1242,1163,1243,-1,1243,1163,1164,-1,1243,1164,1244,-1,1244,1164,1165,-1,1244,1165,1245,-1,1245,1165,749,-1,1245,749,748,-1,1169,1171,1246,-1,1178,1177,1247,-1,750,752,1187,-1,1187,752,1248,-1,1187,1248,1249,-1,1186,1185,1250,-1,1250,1185,1184,-1,1250,1184,1248,-1,1248,1184,1183,-1,1248,1183,1249,-1,1175,1174,1251,-1,1251,1174,1179,-1,1251,1179,1250,-1,1250,1179,1180,-1,1250,1180,1186,-1,1247,1177,1251,-1,1251,1177,1176,-1,1251,1176,1175,-1,1246,1171,1247,-1,1247,1171,1172,-1,1247,1172,1178,-1,836,835,1246,-1,1246,835,1170,-1,1246,1170,1169,-1,1206,865,866,-1,1252,1204,1202,-1,1202,1201,1252,-1,1252,1201,1209,-1,1252,1209,866,-1,866,1209,1208,-1,866,1208,1206,-1,1204,1252,1205,-1,1205,1252,1253,-1,1205,1253,1200,-1,1200,1253,1254,-1,1200,1254,1189,-1,1189,1254,1190,-1,1190,1254,1255,-1,1190,1255,1196,-1,1193,1192,1256,-1,1256,1192,1199,-1,1256,1199,1255,-1,1255,1199,1257,-1,1255,1257,1196,-1,1193,1256,1195,-1,1195,1256,832,-1,1195,832,819,-1,833,832,1258,-1,833,1258,1240,-1,1240,1258,1259,-1,1240,1259,1239,-1,1239,1259,1260,-1,1239,1260,1238,-1,1238,1260,1261,-1,1238,1261,1237,-1,1237,1261,1262,-1,1237,1262,1236,-1,1236,1262,723,-1,1236,723,724,-1,748,1263,1245,-1,1245,1263,1264,-1,1245,1264,1244,-1,1244,1264,1265,-1,1244,1265,1243,-1,1243,1265,1266,-1,1243,1266,1242,-1,1242,1266,1267,-1,1242,1267,1241,-1,1241,1267,1268,-1,1241,1268,752,-1,752,1268,1248,-1,1263,1269,1264,-1,1264,1269,1270,-1,1264,1270,1265,-1,1265,1270,1271,-1,1265,1271,1266,-1,1266,1271,1272,-1,1266,1272,1267,-1,1267,1272,1273,-1,1267,1273,1268,-1,1268,1273,1274,-1,1268,1274,1248,-1,1248,1274,1250,-1,1269,1275,1270,-1,1270,1275,1276,-1,1270,1276,1271,-1,1271,1276,1277,-1,1271,1277,1272,-1,1272,1277,1278,-1,1272,1278,1273,-1,1273,1278,1279,-1,1273,1279,1274,-1,1274,1279,1280,-1,1274,1280,1250,-1,1250,1280,1251,-1,1275,1281,1276,-1,1276,1281,1282,-1,1276,1282,1277,-1,1277,1282,1283,-1,1277,1283,1278,-1,1278,1283,1284,-1,1278,1284,1279,-1,1279,1284,1285,-1,1279,1285,1280,-1,1280,1285,1286,-1,1280,1286,1251,-1,1251,1286,1247,-1,1281,1287,1282,-1,1282,1287,1288,-1,1282,1288,1283,-1,1283,1288,1289,-1,1283,1289,1284,-1,1284,1289,1290,-1,1284,1290,1285,-1,1285,1290,1291,-1,1285,1291,1286,-1,1286,1291,1292,-1,1286,1292,1247,-1,1247,1292,1246,-1,1287,869,1288,-1,1288,869,842,-1,1288,842,1289,-1,1289,842,844,-1,1289,844,1290,-1,1290,844,837,-1,1290,837,1291,-1,1291,837,859,-1,1291,859,1292,-1,1292,859,864,-1,1292,864,1246,-1,1246,864,836,-1,832,1256,1258,-1,1258,1256,1293,-1,1258,1293,1259,-1,1259,1293,1294,-1,1259,1294,1260,-1,1260,1294,1295,-1,1260,1295,1261,-1,1261,1295,1296,-1,1261,1296,1262,-1,1262,1296,1297,-1,1262,1297,723,-1,723,1297,1298,-1,1256,1255,1293,-1,1293,1255,1299,-1,1293,1299,1294,-1,1294,1299,1300,-1,1294,1300,1295,-1,1295,1300,1301,-1,1295,1301,1296,-1,1296,1301,1302,-1,1296,1302,1297,-1,1297,1302,1303,-1,1297,1303,1298,-1,1298,1303,1304,-1,1255,1254,1299,-1,1299,1254,1305,-1,1299,1305,1300,-1,1300,1305,1306,-1,1300,1306,1301,-1,1301,1306,1307,-1,1301,1307,1302,-1,1302,1307,1308,-1,1302,1308,1303,-1,1303,1308,1309,-1,1303,1309,1304,-1,1304,1309,1310,-1,1254,1253,1305,-1,1305,1253,1311,-1,1305,1311,1306,-1,1306,1311,1312,-1,1306,1312,1307,-1,1307,1312,1313,-1,1307,1313,1308,-1,1308,1313,1314,-1,1308,1314,1309,-1,1309,1314,1315,-1,1309,1315,1310,-1,1310,1315,1316,-1,1253,1252,1311,-1,1311,1252,1317,-1,1311,1317,1312,-1,1312,1317,1318,-1,1312,1318,1313,-1,1313,1318,1319,-1,1313,1319,1314,-1,1314,1319,1320,-1,1314,1320,1315,-1,1315,1320,1321,-1,1315,1321,1316,-1,1316,1321,1322,-1,1252,866,1317,-1,1317,866,849,-1,1317,849,1318,-1,1318,849,851,-1,1318,851,1319,-1,1319,851,845,-1,1319,845,1320,-1,1320,845,843,-1,1320,843,1321,-1,1321,843,870,-1,1321,870,1322,-1,1322,870,848,-1,868,869,1323,-1,1323,869,1287,-1,1323,1287,1324,-1,1324,1287,1325,-1,1325,1287,1326,-1,1326,1287,1281,-1,1326,1281,1327,-1,1328,1329,1275,-1,1275,1329,1330,-1,1275,1330,1281,-1,1281,1330,1331,-1,1281,1331,1327,-1,1332,1333,1269,-1,1269,1333,1334,-1,1269,1334,1275,-1,1275,1334,1335,-1,1275,1335,1328,-1,1336,1337,1263,-1,1263,1337,1338,-1,1263,1338,1269,-1,1269,1338,1339,-1,1269,1339,1332,-1,735,1340,748,-1,748,1340,1341,-1,748,1341,1263,-1,1263,1341,1342,-1,1263,1342,1336,-1,1343,1344,1322,-1,1345,1346,1298,-1,1347,721,723,-1,1298,1346,723,-1,723,1346,1348,-1,723,1348,1347,-1,1349,1350,1304,-1,1304,1350,1351,-1,1304,1351,1298,-1,1298,1351,1352,-1,1298,1352,1345,-1,1353,1310,1354,-1,1354,1310,1316,-1,1354,1316,1355,-1,1353,1356,1310,-1,1310,1356,1357,-1,1310,1357,1304,-1,1304,1357,1358,-1,1304,1358,1349,-1,1322,1344,1316,-1,1316,1344,1359,-1,1316,1359,1355,-1,848,847,1322,-1,1322,847,1360,-1,1322,1360,1343,-1,1326,1327,1361,-1,1335,1334,1362,-1,1354,1355,1361,-1,1355,1359,1361,-1,1361,1359,1344,-1,1361,1344,1363,-1,1363,1344,1343,-1,1363,1343,1360,-1,1362,1349,1358,-1,1358,1357,1362,-1,1362,1357,1356,-1,1362,1356,1364,-1,1364,1356,1353,-1,1364,1353,1354,-1,1349,1362,1350,-1,1350,1362,1365,-1,1350,1365,1351,-1,1348,1346,1366,-1,1366,1346,1345,-1,1366,1345,1365,-1,1365,1345,1352,-1,1365,1352,1351,-1,721,1347,725,-1,725,1347,1348,-1,725,1348,746,-1,746,1348,1366,-1,746,1366,747,-1,1336,1342,1366,-1,1366,1342,1341,-1,1366,1341,747,-1,747,1341,1340,-1,747,1340,735,-1,1332,1339,1365,-1,1365,1339,1338,-1,1365,1338,1366,-1,1366,1338,1337,-1,1366,1337,1336,-1,1362,1334,1365,-1,1365,1334,1333,-1,1365,1333,1332,-1,1354,1361,1364,-1,1364,1361,1327,-1,1364,1327,1331,-1,1331,1330,1364,-1,1364,1330,1329,-1,1364,1329,1362,-1,1362,1329,1328,-1,1362,1328,1335,-1,868,1363,846,-1,846,1363,1360,-1,846,1360,847,-1,868,1323,1363,-1,1363,1323,1324,-1,1363,1324,1361,-1,1361,1324,1325,-1,1361,1325,1326,-1,1367,1368,1369,-1,1370,1371,1372,-1,1373,1374,1375,-1,1372,1367,1370,-1,1370,1367,1369,-1,1370,1369,1376,-1,1376,1369,1377,-1,1376,1377,1378,-1,1378,1377,1379,-1,1373,1375,1380,-1,1377,1381,1379,-1,1379,1381,1382,-1,1379,1382,1375,-1,1375,1382,1383,-1,1375,1383,1380,-1,1382,1381,1384,-1,1384,1381,1385,-1,1384,1385,1386,-1,1387,1388,1389,-1,1390,1391,1392,-1,1392,1391,1393,-1,1392,1393,1394,-1,1395,1386,1392,-1,1392,1386,1396,-1,1392,1396,1390,-1,1395,1397,1386,-1,1386,1397,1398,-1,1386,1398,1384,-1,1384,1398,1399,-1,1384,1399,1389,-1,1389,1399,1400,-1,1389,1400,1387,-1,1391,1390,1367,-1,1367,1390,1368,-1,
        ]
    }
}
Shape{
    appearance Appearance {
        material  Material 	{
            diffuseColor 0.10980392156862745 0.10980392156862745 0.10980392156862745
            specularColor 0.00784313725490196 0.00784313725490196 0.00784313725490196
            ambientIntensity 0.1569
            transparency 0.0
            shininess 0.5
        }
    }
    geometry IndexedFaceSet {
        ccw TRUE
        solid FALSE
        coord DEF co Coordinate {
            point [
                2.7762 -3.937 3.9764, 3.2362 -3.937 3.9764, 3.2362 -3.9173 4.1516, 2.7822 -3.9173 4.1516, 3.2362 -3.859 4.318, 2.7879 -3.859 4.318, 3.2362 -3.7652 4.4673, 2.793 -3.7652 4.4673, 3.2362 -3.6405 4.592, 2.7973 -3.6405 4.592, 3.2362 -3.4912 4.6858, 2.8005 -3.4912 4.6858, 3.2362 -3.3248 4.744, 2.8025 -3.3248 4.744, 3.2362 -3.1496 4.7638, 2.8031 -3.1496 4.7638, 0.1969 -3.1496 4.7638, 0.0 -3.1496 4.7638, 0.0 -3.3248 4.744, 0.1975 -3.3248 4.744, 0.0 -3.4912 4.6858, 0.1995 -3.4912 4.6858, 0.0 -3.6405 4.592, 0.2027 -3.6405 4.592, 0.0 -3.7652 4.4673, 0.207 -3.7652 4.4673, 0.0 -3.859 4.318, 0.2121 -3.859 4.318, 0.0 -3.9173 4.1516, 0.2178 -3.9173 4.1516, 0.0 -3.937 3.9764, 0.2238 -3.937 3.9764, 0.2238 0.7874 3.9764, 0.0 0.7874 3.9764, 0.0 0.7677 4.1516, 0.2178 0.7677 4.1516, 0.0 0.7094 4.318, 0.2121 0.7094 4.318, 0.0 0.6156 4.4673, 0.207 0.6156 4.4673, 0.0 0.4909 4.592, 0.2027 0.4909 4.592, 0.0 0.3416 4.6858, 0.1995 0.3416 4.6858, 0.0 0.1752 4.744, 0.1975 0.1752 4.744, 0.0 0.0 4.7638, 0.1969 0.0 4.7638, 2.8031 0.0 4.7638, 3.2362 0.0 4.7638, 3.2362 0.1752 4.744, 2.8025 0.1752 4.744, 3.2362 0.3416 4.6858, 2.8005 0.3416 4.6858, 3.2362 0.4909 4.592, 2.7973 0.4909 4.592, 3.2362 0.6156 4.4673, 2.793 0.6156 4.4673, 3.2362 0.7094 4.318, 2.7879 0.7094 4.318, 3.2362 0.7677 4.1516, 2.7822 0.7677 4.1516, 3.2362 0.7874 3.9764, 2.7762 0.7874 3.9764
            ]
        }
        coordIndex [
            0,1,2,-1,0,2,3,-1,3,2,4,-1,3,4,5,-1,5,4,6,-1,5,6,7,-1,7,6,8,-1,7,8,9,-1,9,8,10,-1,9,10,11,-1,11,10,12,-1,11,12,13,-1,13,12,14,-1,13,14,15,-1,16,17,18,-1,16,18,19,-1,19,18,20,-1,19,20,21,-1,21,20,22,-1,21,22,23,-1,23,22,24,-1,23,24,25,-1,25,24,26,-1,25,26,27,-1,27,26,28,-1,27,28,29,-1,29,28,30,-1,29,30,31,-1,32,33,34,-1,32,34,35,-1,35,34,36,-1,35,36,37,-1,37,36,38,-1,37,38,39,-1,39,38,40,-1,39,40,41,-1,41,40,42,-1,41,42,43,-1,43,42,44,-1,43,44,45,-1,45,44,46,-1,45,46,47,-1,48,49,50,-1,48,50,51,-1,51,50,52,-1,51,52,53,-1,53,52,54,-1,53,54,55,-1,55,54,56,-1,55,56,57,-1,57,56,58,-1,57,58,59,-1,59,58,60,-1,59,60,61,-1,61,60,62,-1,61,62,63,-1,
        ]
    }
}
Shape{
    appearance Appearance {
        material  Material 	{
            diffuseColor 0.6470588235294118 0.6196078431372549 0.5882352941176471
            specularColor 0.45098039215686275 0.43529411764705883 0.4117647058823529
            ambientIntensity 0.6242
            transparency 0.0
            shininess 0.5
        }
    }
    geometry IndexedFaceSet {
        ccw TRUE
        solid FALSE
        coord DEF co Coordinate {
            point [
                1.7752 -1.0641 0.0827, 1.7752 -1.0641 0.0787, 1.7933 -1.1485 0.0827, 1.7933 -1.1485 0.0787, 1.7666 -1.0211 0.0827, 1.7666 -1.0211 0.0787, 1.7633 -1.0075 0.0827, 1.7633 -1.0075 0.0787, 1.7652 -1.0152 0.0787, 1.7553 -1.0188 0.0827, 1.7553 -1.0188 0.0787, 1.756 -1.012 0.0827, 1.7557 -1.0152 0.0787, 1.756 -1.012 0.0787, 1.757 -1.0049 0.0787, 1.757 -1.0049 0.0827, 1.7574 -1.0034 0.0787, 1.7574 -1.0034 0.0827, 1.7577 -1.0028 0.0787, 1.7577 -1.0028 0.0827, 1.7581 -1.0025 0.0787, 1.7581 -1.0025 0.0827, 1.7585 -1.0022 0.0787, 1.7585 -1.0022 0.0827, 1.7589 -1.0021 0.0787, 1.7589 -1.0021 0.0827, 1.7593 -1.002 0.0787, 1.7593 -1.002 0.0827, 1.7598 -1.0021 0.0787, 1.7598 -1.0021 0.0827, 1.7602 -1.0023 0.0787, 1.7602 -1.0023 0.0827, 1.7607 -1.0027 0.0787, 1.7607 -1.0027 0.0827, 1.7613 -1.0033 0.0787, 1.7613 -1.0033 0.0827, 1.7619 -1.0042 0.0787, 1.7619 -1.0042 0.0827, 1.7625 -1.0055 0.0787, 1.7625 -1.0055 0.0827, 1.7525 -1.0426 0.0827, 1.7525 -1.0426 0.0787, 1.7542 -1.0641 0.0827, 1.7542 -1.0641 0.0787, 1.7531 -1.0619 0.0787, 1.7531 -1.0619 0.0827, 1.752 -1.0588 0.0787, 1.752 -1.0588 0.0827, 1.7518 -1.0536 0.0787, 1.7518 -1.0536 0.0827, 1.7571 -1.0692 0.0827, 1.7571 -1.0692 0.0787, 1.7706 -1.1191 0.0827, 1.7706 -1.1191 0.0787, 1.7645 -1.094 0.0787, 1.7645 -1.094 0.0827, 1.8277 -1.3835 0.0787, 1.829 -1.3891 0.0827, 1.8285 -1.3868 0.0787, 1.829 -1.3891 0.0787, 1.8368 -1.3891 0.0827, 1.8368 -1.3891 0.0787, 1.8918 -1.1462 0.0827, 1.8918 -1.1462 0.0787, 1.8381 -1.3835 0.0787, 1.8374 -1.3868 0.0787, 1.8986 -1.1179 0.0827, 1.8986 -1.1179 0.0787, 1.9054 -1.0913 0.0827, 1.9054 -1.0913 0.0787, 1.9016 -1.1045 0.0787, 1.9016 -1.1045 0.0827, 1.9093 -1.0806 0.0827, 1.9093 -1.0806 0.0787, 1.9173 -1.0471 0.0827, 1.9173 -1.0471 0.0787, 1.9173 -1.0473 0.0787, 1.9173 -1.0473 0.0827, 1.9182 -1.0606 0.0787, 1.9182 -1.0606 0.0827, 1.9182 -1.0627 0.0787, 1.9182 -1.0627 0.0827, 1.9181 -1.0633 0.0787, 1.9181 -1.0633 0.0827, 1.9177 -1.0639 0.0787, 1.9177 -1.0639 0.0827, 1.9171 -1.0648 0.0787, 1.9171 -1.0648 0.0827, 1.9153 -1.0669 0.0787, 1.9153 -1.0669 0.0827, 1.9129 -1.0705 0.0787, 1.9129 -1.0705 0.0827, 1.915 -1.0217 0.0827, 1.915 -1.0217 0.0787, 1.9142 -1.0152 0.0787, 1.9139 -1.012 0.0827, 1.9139 -1.012 0.0787, 1.9076 -1.0069 0.0827, 1.9076 -1.0069 0.0787, 1.908 -1.0054 0.0787, 1.908 -1.0054 0.0827, 1.9085 -1.0044 0.0787, 1.9085 -1.0044 0.0827, 1.909 -1.0037 0.0787, 1.909 -1.0037 0.0827, 1.9095 -1.0033 0.0787, 1.9095 -1.0033 0.0827, 1.9101 -1.003 0.0787, 1.9101 -1.003 0.0827, 1.9106 -1.0029 0.0787, 1.9106 -1.0029 0.0827, 1.911 -1.0029 0.0787, 1.911 -1.0029 0.0827, 1.9114 -1.003 0.0787, 1.9114 -1.003 0.0827, 1.9119 -1.0032 0.0787, 1.9119 -1.0032 0.0827, 1.9123 -1.0035 0.0787, 1.9123 -1.0035 0.0827, 1.9125 -1.004 0.0787, 1.9125 -1.004 0.0827, 1.9128 -1.0046 0.0787, 1.9128 -1.0046 0.0827, 1.913 -1.0055 0.0787, 1.913 -1.0055 0.0827, 1.9133 -1.0069 0.0787, 1.9133 -1.0069 0.0827, 1.9136 -1.009 0.0787, 1.9136 -1.009 0.0827, 1.9037 -1.0296 0.0827, 1.9037 -1.0296 0.0787, 1.9062 -1.0152 0.0787, 1.8703 -1.1671 0.0827, 1.8703 -1.1671 0.0787, 1.8329 -1.3347 0.0827, 1.7961 -1.1683 0.0827, 1.8691 -1.1757 0.0827, 1.8539 -1.1904 0.0827, 1.8397 -1.1807 0.0827, 1.8349 -1.1781 0.0827, 1.8184 -1.1729 0.0827, 1.7961 -1.1683 0.0787, 1.8329 -1.3347 0.0787, 1.8397 -1.1807 0.0787, 1.8349 -1.1781 0.0787, 1.8184 -1.1729 0.0787, 1.8539 -1.1904 0.0787, 1.8691 -1.1757 0.0787, 1.5479 -1.3535 0.0827, 1.5479 -1.3535 0.0787, 1.5581 -1.345 0.0827, 1.5581 -1.345 0.0787, 1.5451 -1.366 0.0827, 1.5451 -1.366 0.0787, 1.5444 -1.3654 0.0787, 1.5444 -1.3654 0.0827, 1.5436 -1.3645 0.0787, 1.5436 -1.3645 0.0827, 1.5431 -1.3636 0.0787, 1.5431 -1.3636 0.0827, 1.5427 -1.3622 0.0787, 1.5427 -1.3622 0.0827, 1.5426 -1.3608 0.0787, 1.5426 -1.3608 0.0827, 1.5429 -1.3595 0.0787, 1.5429 -1.3595 0.0827, 1.5439 -1.3574 0.0787, 1.5439 -1.3574 0.0827, 1.5454 -1.3555 0.0787, 1.5454 -1.3555 0.0827, 1.5553 -1.3642 0.0827, 1.5553 -1.3642 0.0787, 1.5671 -1.3642 0.0827, 1.5671 -1.3642 0.0787, 1.5768 -1.366 0.0827, 1.5768 -1.366 0.0787, 1.572 -1.3651 0.0787, 1.572 -1.3651 0.0827, 1.5887 -1.367 0.0827, 1.5887 -1.367 0.0787, 1.6102 -1.3733 0.0827, 1.6102 -1.3733 0.0787, 1.6351 -1.3767 0.0827, 1.6351 -1.3767 0.0787, 1.6225 -1.3757 0.0787, 1.6225 -1.3757 0.0827, 1.7139 -1.1807 0.0827, 1.7139 -1.1807 0.0787, 1.7113 -1.2592 0.0787, 1.7113 -1.2592 0.0827, 1.703 -1.3226 0.0787, 1.703 -1.3226 0.0827, 1.6942 -1.3457 0.0787, 1.6942 -1.3457 0.0827, 1.6852 -1.3588 0.0787, 1.6852 -1.3588 0.0827, 1.6758 -1.3671 0.0787, 1.6758 -1.3671 0.0827, 1.6654 -1.3725 0.0787, 1.6654 -1.3725 0.0827, 1.6527 -1.3756 0.0787, 1.6527 -1.3756 0.0827, 1.613 -1.025 0.0827, 1.613 -1.025 0.0787, 1.6541 -1.0314 0.0787, 1.6541 -1.0314 0.0827, 1.6648 -1.0356 0.0787, 1.6648 -1.0356 0.0827, 1.6757 -1.0437 0.0787, 1.6757 -1.0437 0.0827, 1.6856 -1.0554 0.0787, 1.6856 -1.0554 0.0827, 1.6973 -1.0764 0.0787, 1.6973 -1.0764 0.0827, 1.7081 -1.1139 0.0787, 1.7081 -1.1139 0.0827, 1.5881 -1.0222 0.0827, 1.5881 -1.0222 0.0787, 1.5706 -1.0149 0.0827, 1.5706 -1.0149 0.0787, 1.5711 -1.015 0.0787, 1.5711 -1.015 0.0827, 1.5714 -1.0152 0.0787, 1.5729 -1.0161 0.0827, 1.5729 -1.0161 0.0787, 1.5789 -1.0197 0.0787, 1.5789 -1.0197 0.0827, 1.569 -1.015 0.0827, 1.5535 -1.0285 0.0827, 1.5535 -1.0285 0.0787, 1.5561 -1.0256 0.0787, 1.5561 -1.0256 0.0827, 1.5643 -1.0181 0.0787, 1.5643 -1.0181 0.0827, 1.5679 -1.0154 0.0787, 1.5679 -1.0154 0.0827, 1.5684 -1.0152 0.0787, 1.569 -1.015 0.0787, 1.5467 -1.0358 0.0827, 1.5467 -1.0358 0.0787, 1.5485 -1.0443 0.0827, 1.5485 -1.0443 0.0787, 1.5465 -1.0445 0.0787, 1.5465 -1.0445 0.0827, 1.5451 -1.0444 0.0787, 1.5451 -1.0444 0.0827, 1.5446 -1.0442 0.0787, 1.5446 -1.0442 0.0827, 1.5443 -1.044 0.0787, 1.5443 -1.044 0.0827, 1.544 -1.0437 0.0787, 1.544 -1.0437 0.0827, 1.5437 -1.0433 0.0787, 1.5437 -1.0433 0.0827, 1.5433 -1.0421 0.0787, 1.5433 -1.0421 0.0827, 1.5431 -1.0414 0.0787, 1.5431 -1.0414 0.0827, 1.5432 -1.0407 0.0787, 1.5432 -1.0407 0.0827, 1.5433 -1.0401 0.0787, 1.5433 -1.0401 0.0827, 1.5437 -1.0394 0.0787, 1.5437 -1.0394 0.0827, 1.5444 -1.0385 0.0787, 1.5444 -1.0385 0.0827, 1.5453 -1.0373 0.0787, 1.5453 -1.0373 0.0827, 1.5564 -1.0443 0.0827, 1.5564 -1.0443 0.0787, 1.5655 -1.0443 0.0827, 1.5655 -1.0443 0.0787, 1.5655 -1.341 0.0827, 1.5655 -1.341 0.0787, 1.5616 -1.3428 0.0787, 1.5616 -1.3428 0.0827, 1.5901 -1.0451 0.0827, 1.5813 -1.0454 0.0827, 1.5813 -1.345 0.0827, 1.592 -1.3495 0.0827, 1.6161 -1.3551 0.0827, 1.6408 -1.3569 0.0827, 1.6557 -1.354 0.0827, 1.6967 -1.1472 0.0827, 1.6876 -1.0969 0.0827, 1.6764 -1.0717 0.0827, 1.6698 -1.0632 0.0827, 1.663 -1.0578 0.0827, 1.6539 -1.0538 0.0827, 1.6412 -1.0505 0.0827, 1.6238 -1.0483 0.0827, 1.5988 -1.0454 0.0827, 1.6666 -1.3497 0.0827, 1.6733 -1.3448 0.0827, 1.6801 -1.3367 0.0827, 1.6864 -1.3245 0.0827, 1.6914 -1.3075 0.0827, 1.698 -1.2306 0.0827, 1.6238 -1.0483 0.0787, 1.5988 -1.0454 0.0787, 1.698 -1.2306 0.0787, 1.6967 -1.1472 0.0787, 1.6876 -1.0969 0.0787, 1.6764 -1.0717 0.0787, 1.6698 -1.0632 0.0787, 1.663 -1.0578 0.0787, 1.6539 -1.0538 0.0787, 1.6412 -1.0505 0.0787, 1.6408 -1.3569 0.0787, 1.6557 -1.354 0.0787, 1.6666 -1.3497 0.0787, 1.6733 -1.3448 0.0787, 1.6801 -1.3367 0.0787, 1.6864 -1.3245 0.0787, 1.6914 -1.3075 0.0787, 1.592 -1.3495 0.0787, 1.6161 -1.3551 0.0787, 1.5813 -1.345 0.0787, 1.5813 -1.0454 0.0787, 1.5901 -1.0451 0.0787, 1.4254 -1.2238 0.0827, 1.4254 -1.2238 0.0787, 1.3779 -1.2176 0.0827, 1.3779 -1.2176 0.0787, 1.4634 -1.2357 0.0827, 1.4634 -1.2357 0.0787, 1.4576 -1.2322 0.0787, 1.4576 -1.2322 0.0827, 1.4451 -1.2277 0.0787, 1.4451 -1.2277 0.0827, 1.4685 -1.2385 0.0827, 1.4685 -1.2385 0.0787, 1.4849 -1.2221 0.0827, 1.4849 -1.2221 0.0787, 1.4821 -1.2124 0.0827, 1.4821 -1.2124 0.0787, 1.4835 -1.2125 0.0787, 1.4835 -1.2125 0.0827, 1.4846 -1.2129 0.0787, 1.4846 -1.2129 0.0827, 1.4856 -1.2134 0.0787, 1.4856 -1.2134 0.0827, 1.4864 -1.2142 0.0787, 1.4864 -1.2142 0.0827, 1.4871 -1.2154 0.0787, 1.4871 -1.2154 0.0827, 1.4874 -1.2163 0.0787, 1.4874 -1.2163 0.0827, 1.4874 -1.2172 0.0787, 1.4874 -1.2172 0.0827, 1.4873 -1.2181 0.0787, 1.4873 -1.2181 0.0827, 1.4868 -1.2193 0.0787, 1.4868 -1.2193 0.0827, 1.4861 -1.2205 0.0787, 1.4861 -1.2205 0.0827, 1.3779 -1.1978 0.0827, 1.3779 -1.1978 0.0787, 1.3779 -1.0443 0.0827, 1.3779 -1.0443 0.0787, 1.4623 -1.0561 0.0827, 1.4623 -1.0561 0.0787, 1.4781 -1.0618 0.0827, 1.4781 -1.0618 0.0787, 1.4705 -1.0583 0.0787, 1.4705 -1.0583 0.0827, 1.4832 -1.0647 0.0827, 1.4832 -1.0647 0.0787, 1.499 -1.0471 0.0827, 1.499 -1.0471 0.0787, 1.4957 -1.038 0.0827, 1.4957 -1.038 0.0787, 1.4974 -1.0381 0.0787, 1.4974 -1.0381 0.0827, 1.499 -1.0384 0.0787, 1.499 -1.0384 0.0827, 1.499 -1.0384 0.0787, 1.499 -1.0384 0.0827, 1.4997 -1.0387 0.0787, 1.4997 -1.0387 0.0827, 1.5001 -1.0391 0.0787, 1.5001 -1.0391 0.0827, 1.5005 -1.0396 0.0787, 1.5005 -1.0396 0.0827, 1.501 -1.0407 0.0787, 1.501 -1.0407 0.0827, 1.5013 -1.0416 0.0787, 1.5013 -1.0416 0.0827, 1.5014 -1.0424 0.0787, 1.5014 -1.0424 0.0827, 1.5012 -1.0434 0.0787, 1.5012 -1.0434 0.0827, 1.5007 -1.0447 0.0787, 1.5007 -1.0447 0.0827, 1.4872 -1.0375 0.0827, 1.4872 -1.0375 0.0787, 1.4016 -1.0256 0.0827, 1.4016 -1.0256 0.0787, 1.4443 -1.0323 0.0787, 1.4443 -1.0323 0.0827, 1.3756 -1.0211 0.0827, 1.3756 -1.0211 0.0787, 1.3563 -1.029 0.0827, 1.3563 -1.029 0.0787, 1.3561 -1.0278 0.0787, 1.3561 -1.0278 0.0827, 1.356 -1.0246 0.0787, 1.356 -1.0246 0.0827, 1.3564 -1.0223 0.0787, 1.3564 -1.0223 0.0827, 1.357 -1.021 0.0787, 1.357 -1.021 0.0827, 1.3582 -1.0196 0.0787, 1.3582 -1.0196 0.0827, 1.3596 -1.0185 0.0787, 1.3596 -1.0185 0.0827, 1.3609 -1.0179 0.0787, 1.3609 -1.0179 0.0827, 1.3625 -1.0176 0.0787, 1.3625 -1.0176 0.0827, 1.3653 -1.0178 0.0787, 1.3653 -1.0178 0.0827, 1.3693 -1.0188 0.0787, 1.3693 -1.0188 0.0827, 1.3614 -1.0579 0.0827, 1.3614 -1.0579 0.0787, 1.36 -1.0432 0.0787, 1.36 -1.0432 0.0827, 1.3614 -1.0686 0.0827, 1.3614 -1.0686 0.0787, 1.362 -1.0828 0.0827, 1.362 -1.0828 0.0787, 1.3618 -1.0757 0.0787, 1.3618 -1.0757 0.0827, 1.3614 -1.3421 0.0827, 1.3614 -1.3421 0.0787, 1.3524 -1.367 0.0827, 1.3524 -1.367 0.0787, 1.3508 -1.3672 0.0787, 1.3508 -1.3672 0.0827, 1.3492 -1.3671 0.0787, 1.3492 -1.3671 0.0827, 1.3484 -1.3669 0.0787, 1.3484 -1.3669 0.0827, 1.3481 -1.3667 0.0787, 1.3481 -1.3667 0.0827, 1.3479 -1.3665 0.0787, 1.3479 -1.3665 0.0827, 1.3477 -1.3663 0.0787, 1.3477 -1.3663 0.0827, 1.3475 -1.3658 0.0787, 1.3475 -1.3658 0.0827, 1.3474 -1.3653 0.0787, 1.3474 -1.3653 0.0827, 1.3474 -1.364 0.0787, 1.3474 -1.364 0.0827, 1.3475 -1.3624 0.0787, 1.3475 -1.3624 0.0827, 1.348 -1.3596 0.0787, 1.348 -1.3596 0.0827, 1.3489 -1.3577 0.0787, 1.3489 -1.3577 0.0827, 1.3512 -1.3544 0.0787, 1.3512 -1.3544 0.0827, 1.3551 -1.3497 0.0787, 1.3551 -1.3497 0.0827, 1.3631 -1.3654 0.0827, 1.3631 -1.3654 0.0787, 1.3824 -1.3642 0.0827, 1.3824 -1.3642 0.0787, 1.3727 -1.3642 0.0787, 1.3727 -1.3642 0.0827, 1.3841 -1.3642 0.0827, 1.3841 -1.3642 0.0787, 1.4061 -1.366 0.0827, 1.4061 -1.366 0.0787, 1.3952 -1.3645 0.0787, 1.3952 -1.3645 0.0827, 1.4283 -1.3699 0.0827, 1.4283 -1.3699 0.0787, 1.4662 -1.3812 0.0827, 1.4662 -1.3812 0.0787, 1.4632 -1.3794 0.0787, 1.4632 -1.3794 0.0827, 1.4478 -1.3738 0.0787, 1.4478 -1.3738 0.0827, 1.4697 -1.3835 0.0787, 1.4713 -1.3846 0.0827, 1.4713 -1.3846 0.0787, 1.4723 -1.3835 0.0787, 1.4877 -1.3676 0.0827, 1.4877 -1.3676 0.0787, 1.4849 -1.3586 0.0827, 1.4849 -1.3586 0.0787, 1.4862 -1.3587 0.0787, 1.4862 -1.3587 0.0827, 1.4874 -1.359 0.0787, 1.4874 -1.359 0.0827, 1.4884 -1.3596 0.0787, 1.4884 -1.3596 0.0827, 1.4892 -1.3603 0.0787, 1.4892 -1.3603 0.0827, 1.4896 -1.361 0.0787, 1.4896 -1.361 0.0827, 1.4899 -1.3618 0.0787, 1.4899 -1.3618 0.0827, 1.4899 -1.3626 0.0787, 1.4899 -1.3626 0.0827, 1.4898 -1.3634 0.0787, 1.4898 -1.3634 0.0827, 1.4895 -1.3644 0.0787, 1.4895 -1.3644 0.0827, 1.4888 -1.3658 0.0787, 1.4888 -1.3658 0.0827, 1.4759 -1.3574 0.0827, 1.4759 -1.3574 0.0787, 1.4492 -1.354 0.0827, 1.4492 -1.354 0.0787, 1.4625 -1.3556 0.0787, 1.4625 -1.3556 0.0827, 1.3779 -1.3421 0.0827, 1.3779 -1.3421 0.0787, 1.2916 -1.3761 0.0827, 1.2916 -1.3761 0.0787, 1.2832 -1.3761 0.0827, 1.2832 -1.3761 0.0787, 1.2916 -1.2249 0.0827, 1.2916 -1.2249 0.0787, 1.2809 -1.2249 0.0827, 1.2809 -1.2249 0.0787, 1.2311 -1.3637 0.0827, 1.2311 -1.3637 0.0787, 1.2396 -1.3618 0.0787, 1.2396 -1.3618 0.0827, 1.2476 -1.3583 0.0787, 1.2476 -1.3583 0.0827, 1.2552 -1.3525 0.0787, 1.2552 -1.3525 0.0827, 1.262 -1.3443 0.0787, 1.262 -1.3443 0.0827, 1.2691 -1.3304 0.0787, 1.2691 -1.3304 0.0827, 1.2761 -1.3047 0.0787, 1.2761 -1.3047 0.0827, 1.1603 -1.1717 0.0827, 1.1603 -1.1717 0.0787, 1.1623 -1.2617 0.0787, 1.1623 -1.2617 0.0827, 1.1675 -1.2913 0.0787, 1.1675 -1.2913 0.0827, 1.1807 -1.3293 0.0787, 1.1807 -1.3293 0.0827, 1.1905 -1.3447 0.0787, 1.1905 -1.3447 0.0827, 1.1996 -1.3536 0.0787, 1.1996 -1.3536 0.0827, 1.2091 -1.3596 0.0787, 1.2091 -1.3596 0.0827, 1.2193 -1.363 0.0787, 1.2193 -1.363 0.0827, 1.2265 -1.0347 0.0827, 1.2265 -1.0347 0.0787, 1.2186 -1.0354 0.0787, 1.2186 -1.0354 0.0827, 1.2112 -1.0377 0.0787, 1.2112 -1.0377 0.0827, 1.2039 -1.042 0.0787, 1.2039 -1.042 0.0827, 1.1958 -1.0495 0.0787, 1.1958 -1.0495 0.0827, 1.1828 -1.0677 0.0787, 1.1828 -1.0677 0.0827, 1.1743 -1.0908 0.0787, 1.1743 -1.0908 0.0827, 1.2882 -1.1259 0.0827, 1.2882 -1.1259 0.0787, 1.2857 -1.1091 0.0787, 1.2857 -1.1091 0.0827, 1.2776 -1.0717 0.0787, 1.2776 -1.0717 0.0827, 1.2702 -1.057 0.0787, 1.2702 -1.057 0.0827, 1.2619 -1.0474 0.0787, 1.2619 -1.0474 0.0827, 1.2517 -1.0403 0.0787, 1.2517 -1.0403 0.0827, 1.2392 -1.0356 0.0787, 1.2392 -1.0356 0.0827, 1.291 -1.1558 0.0827, 1.291 -1.1558 0.0787, 1.3001 -1.1553 0.0827, 1.3001 -1.1553 0.0787, 1.2344 -1.016 0.0827, 1.2344 -1.016 0.0787, 1.2478 -1.0182 0.0787, 1.2478 -1.0182 0.0827, 1.2614 -1.0246 0.0787, 1.2614 -1.0246 0.0827, 1.2723 -1.0333 0.0787, 1.2723 -1.0333 0.0827, 1.2796 -1.0427 0.0787, 1.2796 -1.0427 0.0827, 1.2894 -1.0624 0.0787, 1.2894 -1.0624 0.0827, 1.2958 -1.0877 0.0787, 1.2958 -1.0877 0.0827, 1.1473 -1.2595 0.0827, 1.1473 -1.2595 0.0787, 1.1474 -1.1454 0.0787, 1.1474 -1.1454 0.0827, 1.1536 -1.107 0.0787, 1.1536 -1.107 0.0827, 1.1694 -1.0596 0.0787, 1.1694 -1.0596 0.0827, 1.1824 -1.0384 0.0787, 1.1824 -1.0384 0.0827, 1.1918 -1.0288 0.0787, 1.1918 -1.0288 0.0827, 1.2049 -1.0211 0.0787, 1.2049 -1.0211 0.0827, 1.2199 -1.0165 0.0787, 1.2199 -1.0165 0.0827, 1.2265 -1.3823 0.0827, 1.2265 -1.3823 0.0787, 1.2186 -1.3822 0.0787, 1.2186 -1.3822 0.0827, 1.2104 -1.3806 0.0787, 1.2104 -1.3806 0.0827, 1.202 -1.3765 0.0787, 1.202 -1.3765 0.0827, 1.1845 -1.3629 0.0787, 1.1845 -1.3629 0.0827, 1.1729 -1.3479 0.0787, 1.1729 -1.3479 0.0827, 1.1609 -1.3208 0.0787, 1.1609 -1.3208 0.0827, 1.2741 -1.3518 0.0827, 1.2741 -1.3518 0.0787, 1.2675 -1.3606 0.0787, 1.2675 -1.3606 0.0827, 1.2562 -1.3708 0.0787, 1.2562 -1.3708 0.0827, 1.2432 -1.378 0.0787, 1.2432 -1.378 0.0827, 1.2791 -1.3427 0.0827, 1.2791 -1.3427 0.0787, 1.0029 -1.366 0.0827, 1.0029 -1.366 0.0787, 0.9888 -1.3835 0.0787, 0.978 -1.3971 0.0827, 0.9862 -1.3868 0.0787, 0.978 -1.3971 0.0787, 0.9944 -1.3302 0.0827, 0.9944 -1.3302 0.0787, 0.9946 -1.3375 0.0787, 0.9946 -1.3375 0.0827, 0.997 -1.3535 0.0787, 0.997 -1.3535 0.0827, 0.9944 -1.0415 0.0827, 0.9944 -1.0415 0.0787, 1.0787 -1.0584 0.0827, 1.0787 -1.0584 0.0787, 1.0768 -1.0576 0.0787, 1.0768 -1.0576 0.0827, 1.0751 -1.0564 0.0787, 1.0751 -1.0564 0.0827, 1.0698 -1.0519 0.0787, 1.0698 -1.0519 0.0827, 1.0658 -1.0499 0.0787, 1.0658 -1.0499 0.0827, 1.0588 -1.0483 0.0787, 1.0588 -1.0483 0.0827, 1.038 -1.0451 0.0787, 1.038 -1.0451 0.0827, 1.102 -1.033 0.0827, 1.102 -1.033 0.0787, 1.1017 -1.035 0.0787, 1.1017 -1.035 0.0827, 1.1012 -1.037 0.0787, 1.1012 -1.037 0.0827, 1.1003 -1.0387 0.0787, 1.1003 -1.0387 0.0827, 1.0982 -1.041 0.0787, 1.0982 -1.041 0.0827, 1.0919 -1.0468 0.0787, 1.0919 -1.0468 0.0827, 1.0227 -1.0228 0.0827, 1.0227 -1.0228 0.0787, 1.035 -1.0238 0.0787, 1.035 -1.0238 0.0827, 1.0723 -1.0276 0.0787, 1.0723 -1.0276 0.0827, 1.0866 -1.0297 0.0787, 1.0866 -1.0297 0.0827, 1.0966 -1.0299 0.0787, 1.0966 -1.0299 0.0827, 1.0987 -1.0302 0.0787, 1.0987 -1.0302 0.0827, 1.1001 -1.0307 0.0787, 1.1001 -1.0307 0.0827, 1.1008 -1.0312 0.0787, 1.1008 -1.0312 0.0827, 1.1013 -1.0317 0.0787, 1.1013 -1.0317 0.0827, 0.9989 -1.0205 0.0827, 0.9989 -1.0205 0.0787, 0.9858 -1.0194 0.0827, 0.9858 -1.0194 0.0787, 0.9785 -1.0437 0.0827, 0.9785 -1.0437 0.0787, 0.9783 -1.0404 0.0787, 0.9783 -1.0404 0.0827, 0.9767 -1.0265 0.0787, 0.9767 -1.0265 0.0827, 0.9767 -1.0234 0.0787, 0.9767 -1.0234 0.0827, 0.9771 -1.0219 0.0787, 0.9771 -1.0219 0.0827, 0.978 -1.0202 0.0787, 0.978 -1.0202 0.0827, 0.9787 -1.0194 0.0787, 0.9787 -1.0194 0.0827, 0.9794 -1.0189 0.0787, 0.9794 -1.0189 0.0827, 0.9802 -1.0186 0.0787, 0.9802 -1.0186 0.0827, 0.9814 -1.0184 0.0787, 0.9814 -1.0184 0.0827, 0.9829 -1.0185 0.0787, 0.9829 -1.0185 0.0827, 0.9796 -1.0771 0.0827, 0.9796 -1.0771 0.0787, 0.9796 -1.332 0.0827, 0.9796 -1.332 0.0787, 0.9793 -1.3596 0.0827, 0.9751 -1.3868 0.0827, 0.9751 -1.3868 0.0787, 0.9756 -1.3835 0.0787, 0.9793 -1.3596 0.0787, 0.974 -1.3925 0.0827, 0.974 -1.3925 0.0787
            ]
        }
        coordIndex [
            0,1,2,-1,2,1,3,-1,4,5,0,-1,0,5,1,-1,6,7,4,-1,4,7,8,-1,4,8,5,-1,9,10,11,-1,11,10,12,-1,12,13,11,-1,11,13,14,-1,11,14,15,-1,15,14,16,-1,15,16,17,-1,17,16,18,-1,17,18,19,-1,19,18,20,-1,19,20,21,-1,21,20,22,-1,21,22,23,-1,23,22,24,-1,23,24,25,-1,25,24,26,-1,25,26,27,-1,27,26,28,-1,27,28,29,-1,29,28,30,-1,29,30,31,-1,31,30,32,-1,31,32,33,-1,33,32,34,-1,33,34,35,-1,35,34,36,-1,35,36,37,-1,37,36,38,-1,37,38,39,-1,39,38,7,-1,39,7,6,-1,40,41,9,-1,9,41,10,-1,42,43,44,-1,42,44,45,-1,45,44,46,-1,45,46,47,-1,47,46,48,-1,47,48,49,-1,49,48,41,-1,49,41,40,-1,50,51,42,-1,42,51,43,-1,52,53,54,-1,52,54,55,-1,55,54,51,-1,55,51,50,-1,53,52,56,-1,56,52,57,-1,56,57,58,-1,58,57,59,-1,60,61,57,-1,57,61,59,-1,60,62,63,-1,63,64,60,-1,60,64,65,-1,60,65,61,-1,66,67,62,-1,62,67,63,-1,68,69,70,-1,68,70,71,-1,71,70,67,-1,71,67,66,-1,72,73,68,-1,68,73,69,-1,74,75,76,-1,74,76,77,-1,77,76,78,-1,77,78,79,-1,79,78,80,-1,79,80,81,-1,81,80,82,-1,81,82,83,-1,83,82,84,-1,83,84,85,-1,85,84,86,-1,85,86,87,-1,87,86,88,-1,87,88,89,-1,89,88,90,-1,89,90,91,-1,91,90,73,-1,91,73,72,-1,92,93,74,-1,74,93,75,-1,93,92,94,-1,94,92,95,-1,94,95,96,-1,97,98,99,-1,97,99,100,-1,100,99,101,-1,100,101,102,-1,102,101,103,-1,102,103,104,-1,104,103,105,-1,104,105,106,-1,106,105,107,-1,106,107,108,-1,108,107,109,-1,108,109,110,-1,110,109,111,-1,110,111,112,-1,112,111,113,-1,112,113,114,-1,114,113,115,-1,114,115,116,-1,116,115,117,-1,116,117,118,-1,118,117,119,-1,118,119,120,-1,120,119,121,-1,120,121,122,-1,122,121,123,-1,122,123,124,-1,124,123,125,-1,124,125,126,-1,126,125,127,-1,126,127,128,-1,128,127,96,-1,128,96,95,-1,129,130,97,-1,97,130,131,-1,97,131,98,-1,132,133,129,-1,129,133,130,-1,132,2,133,-1,133,2,3,-1,134,57,135,-1,135,57,52,-1,6,4,11,-1,132,136,137,-1,89,91,129,-1,129,91,72,-1,137,138,132,-1,132,138,139,-1,132,139,2,-1,2,139,140,-1,55,0,52,-1,52,0,2,-1,52,2,135,-1,135,2,140,-1,72,68,129,-1,129,68,71,-1,129,71,132,-1,132,71,66,-1,132,66,136,-1,136,66,62,-1,136,62,134,-1,134,62,60,-1,134,60,57,-1,0,40,4,-1,4,40,9,-1,4,9,11,-1,126,128,97,-1,97,128,95,-1,97,95,129,-1,129,95,92,-1,92,74,129,-1,129,74,77,-1,129,77,89,-1,89,77,79,-1,89,79,87,-1,55,50,0,-1,0,50,42,-1,0,42,45,-1,15,37,11,-1,11,37,39,-1,11,39,6,-1,45,47,0,-1,0,47,49,-1,0,49,40,-1,81,83,79,-1,79,83,85,-1,79,85,87,-1,102,120,100,-1,100,120,122,-1,100,122,97,-1,97,122,124,-1,97,124,126,-1,102,104,120,-1,120,104,106,-1,120,106,118,-1,17,33,15,-1,15,33,35,-1,15,35,37,-1,17,19,33,-1,33,19,21,-1,33,21,23,-1,29,31,27,-1,27,31,33,-1,27,33,25,-1,25,33,23,-1,110,112,108,-1,108,112,114,-1,108,114,106,-1,106,114,116,-1,106,116,118,-1,135,141,134,-1,134,141,142,-1,138,143,144,-1,138,144,139,-1,139,144,145,-1,139,145,140,-1,140,145,141,-1,140,141,135,-1,137,146,138,-1,138,146,143,-1,136,147,137,-1,137,147,146,-1,142,147,134,-1,134,147,136,-1,148,149,150,-1,150,149,151,-1,152,153,154,-1,152,154,155,-1,155,154,156,-1,155,156,157,-1,157,156,158,-1,157,158,159,-1,159,158,160,-1,159,160,161,-1,161,160,162,-1,161,162,163,-1,163,162,164,-1,163,164,165,-1,165,164,166,-1,165,166,167,-1,167,166,168,-1,167,168,169,-1,169,168,149,-1,169,149,148,-1,170,171,152,-1,152,171,153,-1,172,173,170,-1,170,173,171,-1,174,175,176,-1,174,176,177,-1,177,176,173,-1,177,173,172,-1,178,179,174,-1,174,179,175,-1,180,181,178,-1,178,181,179,-1,182,183,184,-1,182,184,185,-1,185,184,181,-1,185,181,180,-1,186,187,188,-1,186,188,189,-1,189,188,190,-1,189,190,191,-1,191,190,192,-1,191,192,193,-1,193,192,194,-1,193,194,195,-1,195,194,196,-1,195,196,197,-1,197,196,198,-1,197,198,199,-1,199,198,200,-1,199,200,201,-1,201,200,183,-1,201,183,182,-1,202,203,204,-1,202,204,205,-1,205,204,206,-1,205,206,207,-1,207,206,208,-1,207,208,209,-1,209,208,210,-1,209,210,211,-1,211,210,212,-1,211,212,213,-1,213,212,214,-1,213,214,215,-1,215,214,187,-1,215,187,186,-1,216,217,202,-1,202,217,203,-1,218,219,220,-1,218,220,221,-1,221,220,222,-1,221,222,223,-1,222,224,223,-1,223,224,225,-1,223,225,226,-1,226,225,217,-1,226,217,216,-1,219,218,227,-1,228,229,230,-1,228,230,231,-1,231,230,232,-1,231,232,233,-1,233,232,234,-1,233,234,235,-1,235,234,236,-1,235,236,227,-1,227,236,237,-1,227,237,219,-1,238,239,228,-1,228,239,229,-1,240,241,242,-1,240,242,243,-1,243,242,244,-1,243,244,245,-1,245,244,246,-1,245,246,247,-1,247,246,248,-1,247,248,249,-1,249,248,250,-1,249,250,251,-1,251,250,252,-1,251,252,253,-1,253,252,254,-1,253,254,255,-1,255,254,256,-1,255,256,257,-1,257,256,258,-1,257,258,259,-1,259,258,260,-1,259,260,261,-1,261,260,262,-1,261,262,263,-1,263,262,264,-1,263,264,265,-1,265,264,266,-1,265,266,267,-1,267,266,239,-1,267,239,238,-1,268,269,240,-1,240,269,241,-1,270,271,268,-1,268,271,269,-1,272,273,270,-1,270,273,271,-1,150,151,274,-1,150,274,275,-1,275,274,273,-1,275,273,272,-1,216,276,277,-1,223,226,270,-1,172,170,278,-1,263,265,240,-1,223,270,221,-1,170,152,148,-1,148,152,155,-1,148,155,169,-1,226,216,270,-1,270,216,277,-1,270,277,272,-1,272,277,278,-1,272,278,275,-1,275,278,170,-1,275,170,150,-1,150,170,148,-1,279,280,180,-1,180,280,185,-1,185,280,281,-1,185,281,182,-1,265,267,240,-1,240,267,238,-1,240,238,268,-1,268,238,228,-1,268,228,270,-1,270,228,231,-1,270,231,233,-1,180,178,279,-1,279,178,174,-1,279,174,278,-1,278,174,177,-1,278,177,172,-1,247,249,251,-1,182,281,201,-1,201,281,282,-1,201,282,199,-1,283,284,213,-1,240,255,257,-1,157,165,155,-1,155,165,167,-1,155,167,169,-1,157,159,165,-1,165,159,161,-1,165,161,163,-1,213,284,211,-1,284,285,211,-1,211,285,286,-1,211,286,209,-1,209,286,287,-1,209,287,207,-1,207,287,288,-1,207,288,205,-1,205,288,289,-1,205,289,202,-1,202,289,290,-1,202,290,216,-1,216,290,291,-1,216,291,276,-1,255,240,253,-1,253,240,243,-1,253,243,251,-1,251,243,245,-1,251,245,247,-1,257,259,240,-1,240,259,261,-1,240,261,263,-1,218,221,227,-1,227,221,270,-1,227,270,235,-1,235,270,233,-1,199,282,197,-1,197,282,292,-1,197,292,195,-1,195,292,293,-1,195,293,193,-1,193,293,294,-1,193,294,191,-1,294,295,191,-1,191,295,296,-1,191,296,189,-1,189,296,297,-1,189,297,186,-1,186,297,283,-1,186,283,215,-1,215,283,213,-1,290,298,291,-1,291,298,299,-1,297,300,301,-1,297,301,283,-1,283,301,302,-1,283,302,284,-1,284,302,303,-1,284,303,285,-1,285,303,304,-1,285,304,286,-1,286,304,305,-1,286,305,287,-1,287,305,306,-1,287,306,288,-1,288,306,307,-1,288,307,289,-1,289,307,298,-1,289,298,290,-1,281,308,309,-1,281,309,282,-1,282,309,310,-1,282,310,292,-1,292,310,311,-1,292,311,293,-1,293,311,312,-1,293,312,294,-1,294,312,313,-1,294,313,295,-1,295,313,314,-1,295,314,296,-1,296,314,300,-1,296,300,297,-1,279,315,316,-1,279,316,280,-1,280,316,308,-1,280,308,281,-1,278,317,279,-1,279,317,315,-1,277,318,278,-1,278,318,317,-1,291,299,319,-1,291,319,276,-1,276,319,318,-1,276,318,277,-1,320,321,322,-1,322,321,323,-1,324,325,326,-1,324,326,327,-1,327,326,328,-1,327,328,329,-1,329,328,321,-1,329,321,320,-1,330,331,324,-1,324,331,325,-1,332,333,330,-1,330,333,331,-1,334,335,336,-1,334,336,337,-1,337,336,338,-1,337,338,339,-1,339,338,340,-1,339,340,341,-1,341,340,342,-1,341,342,343,-1,343,342,344,-1,343,344,345,-1,345,344,346,-1,345,346,347,-1,347,346,348,-1,347,348,349,-1,349,348,350,-1,349,350,351,-1,351,350,352,-1,351,352,353,-1,353,352,354,-1,353,354,355,-1,355,354,333,-1,355,333,332,-1,356,357,334,-1,334,357,335,-1,358,359,356,-1,356,359,357,-1,360,361,358,-1,358,361,359,-1,362,363,364,-1,362,364,365,-1,365,364,361,-1,365,361,360,-1,366,367,362,-1,362,367,363,-1,368,369,366,-1,366,369,367,-1,370,371,372,-1,370,372,373,-1,373,372,374,-1,373,374,375,-1,375,374,376,-1,375,376,377,-1,377,376,378,-1,377,378,379,-1,379,378,380,-1,379,380,381,-1,381,380,382,-1,381,382,383,-1,383,382,384,-1,383,384,385,-1,385,384,386,-1,385,386,387,-1,387,386,388,-1,387,388,389,-1,389,388,390,-1,389,390,391,-1,391,390,392,-1,391,392,393,-1,393,392,369,-1,393,369,368,-1,394,395,370,-1,370,395,371,-1,396,397,398,-1,396,398,399,-1,399,398,395,-1,399,395,394,-1,400,401,396,-1,396,401,397,-1,402,403,404,-1,402,404,405,-1,405,404,406,-1,405,406,407,-1,407,406,408,-1,407,408,409,-1,409,408,410,-1,409,410,411,-1,411,410,412,-1,411,412,413,-1,413,412,414,-1,413,414,415,-1,415,414,416,-1,415,416,417,-1,417,416,418,-1,417,418,419,-1,419,418,420,-1,419,420,421,-1,421,420,422,-1,421,422,423,-1,423,422,401,-1,423,401,400,-1,424,425,426,-1,424,426,427,-1,427,426,403,-1,427,403,402,-1,428,429,424,-1,424,429,425,-1,430,431,432,-1,430,432,433,-1,433,432,429,-1,433,429,428,-1,434,435,430,-1,430,435,431,-1,436,437,438,-1,436,438,439,-1,439,438,440,-1,439,440,441,-1,441,440,442,-1,441,442,443,-1,443,442,444,-1,443,444,445,-1,445,444,446,-1,445,446,447,-1,447,446,448,-1,447,448,449,-1,449,448,450,-1,449,450,451,-1,451,450,452,-1,451,452,453,-1,453,452,454,-1,453,454,455,-1,455,454,456,-1,455,456,457,-1,457,456,458,-1,457,458,459,-1,459,458,460,-1,459,460,461,-1,461,460,462,-1,461,462,463,-1,463,462,464,-1,463,464,465,-1,465,464,435,-1,465,435,434,-1,466,467,436,-1,436,467,437,-1,468,469,470,-1,468,470,471,-1,471,470,467,-1,471,467,466,-1,472,473,468,-1,468,473,469,-1,474,475,476,-1,474,476,477,-1,477,476,473,-1,477,473,472,-1,478,479,474,-1,474,479,475,-1,480,481,482,-1,480,482,483,-1,483,482,484,-1,483,484,485,-1,485,484,479,-1,485,479,478,-1,481,480,486,-1,486,480,487,-1,486,487,488,-1,488,487,489,-1,489,487,490,-1,489,490,491,-1,492,493,494,-1,492,494,495,-1,495,494,496,-1,495,496,497,-1,497,496,498,-1,497,498,499,-1,499,498,500,-1,499,500,501,-1,501,500,502,-1,501,502,503,-1,503,502,504,-1,503,504,505,-1,505,504,506,-1,505,506,507,-1,507,506,508,-1,507,508,509,-1,509,508,510,-1,509,510,511,-1,511,510,512,-1,511,512,513,-1,513,512,491,-1,513,491,490,-1,514,515,492,-1,492,515,493,-1,516,517,518,-1,516,518,519,-1,519,518,515,-1,519,515,514,-1,520,521,516,-1,516,521,517,-1,520,322,521,-1,521,322,323,-1,421,423,358,-1,362,365,394,-1,394,365,360,-1,324,327,334,-1,423,400,358,-1,358,400,396,-1,358,396,360,-1,360,396,399,-1,360,399,394,-1,430,433,358,-1,433,428,358,-1,358,428,424,-1,358,424,427,-1,427,402,358,-1,358,402,405,-1,358,405,407,-1,322,356,320,-1,320,356,334,-1,320,334,329,-1,329,334,327,-1,362,394,366,-1,366,394,370,-1,366,370,368,-1,368,370,373,-1,368,373,375,-1,358,413,415,-1,463,465,520,-1,520,465,434,-1,520,434,322,-1,322,434,430,-1,322,430,356,-1,356,430,358,-1,407,409,358,-1,358,409,411,-1,358,411,413,-1,351,353,337,-1,337,353,334,-1,330,324,332,-1,332,324,334,-1,332,334,355,-1,355,334,353,-1,451,453,520,-1,520,453,455,-1,520,455,457,-1,375,377,368,-1,368,377,379,-1,368,379,381,-1,415,417,358,-1,358,417,419,-1,358,419,421,-1,507,509,495,-1,495,509,511,-1,495,511,492,-1,492,511,513,-1,492,513,490,-1,477,472,520,-1,520,472,468,-1,520,468,471,-1,471,466,520,-1,520,466,436,-1,520,436,439,-1,391,385,389,-1,389,385,387,-1,381,383,368,-1,368,383,385,-1,368,385,393,-1,393,385,391,-1,445,447,520,-1,520,447,449,-1,520,449,451,-1,457,459,520,-1,520,459,461,-1,520,461,463,-1,490,487,492,-1,492,487,480,-1,492,480,514,-1,514,480,483,-1,514,483,519,-1,519,483,485,-1,519,485,516,-1,516,485,478,-1,516,478,520,-1,520,478,474,-1,520,474,477,-1,439,441,520,-1,520,441,443,-1,520,443,445,-1,345,347,337,-1,337,347,349,-1,337,349,351,-1,501,495,499,-1,499,495,497,-1,501,503,495,-1,495,503,505,-1,495,505,507,-1,339,341,337,-1,337,341,343,-1,337,343,345,-1,522,523,524,-1,524,523,525,-1,526,527,522,-1,522,527,523,-1,528,529,526,-1,526,529,527,-1,530,531,532,-1,530,532,533,-1,533,532,534,-1,533,534,535,-1,535,534,536,-1,535,536,537,-1,537,536,538,-1,537,538,539,-1,539,538,540,-1,539,540,541,-1,541,540,542,-1,541,542,543,-1,543,542,529,-1,543,529,528,-1,544,545,546,-1,544,546,547,-1,547,546,548,-1,547,548,549,-1,549,548,550,-1,549,550,551,-1,551,550,552,-1,551,552,553,-1,553,552,554,-1,553,554,555,-1,555,554,556,-1,555,556,557,-1,557,556,558,-1,557,558,559,-1,559,558,531,-1,559,531,530,-1,560,561,562,-1,560,562,563,-1,563,562,564,-1,563,564,565,-1,565,564,566,-1,565,566,567,-1,567,566,568,-1,567,568,569,-1,569,568,570,-1,569,570,571,-1,571,570,572,-1,571,572,573,-1,573,572,545,-1,573,545,544,-1,574,575,576,-1,574,576,577,-1,577,576,578,-1,577,578,579,-1,579,578,580,-1,579,580,581,-1,581,580,582,-1,581,582,583,-1,583,582,584,-1,583,584,585,-1,585,584,586,-1,585,586,587,-1,587,586,561,-1,587,561,560,-1,588,589,574,-1,574,589,575,-1,590,591,588,-1,588,591,589,-1,592,593,594,-1,592,594,595,-1,595,594,596,-1,595,596,597,-1,597,596,598,-1,597,598,599,-1,599,598,600,-1,599,600,601,-1,601,600,602,-1,601,602,603,-1,603,602,604,-1,603,604,605,-1,605,604,591,-1,605,591,590,-1,606,607,608,-1,606,608,609,-1,609,608,610,-1,609,610,611,-1,611,610,612,-1,611,612,613,-1,613,612,614,-1,613,614,615,-1,615,614,616,-1,615,616,617,-1,617,616,618,-1,617,618,619,-1,619,618,620,-1,619,620,621,-1,621,620,593,-1,621,593,592,-1,622,623,624,-1,622,624,625,-1,625,624,626,-1,625,626,627,-1,627,626,628,-1,627,628,629,-1,629,628,630,-1,629,630,631,-1,631,630,632,-1,631,632,633,-1,633,632,634,-1,633,634,635,-1,635,634,607,-1,635,607,606,-1,636,637,638,-1,636,638,639,-1,639,638,640,-1,639,640,641,-1,641,640,642,-1,641,642,643,-1,643,642,623,-1,643,623,622,-1,644,645,636,-1,636,645,637,-1,644,524,645,-1,645,524,525,-1,526,522,644,-1,644,522,524,-1,636,535,644,-1,644,535,537,-1,644,537,539,-1,528,526,543,-1,543,526,644,-1,543,644,541,-1,541,644,539,-1,636,639,535,-1,535,639,641,-1,535,641,533,-1,533,641,643,-1,533,643,530,-1,530,643,622,-1,530,622,559,-1,622,625,559,-1,559,625,627,-1,559,627,557,-1,557,627,629,-1,557,629,555,-1,555,629,631,-1,555,631,553,-1,553,631,633,-1,553,633,551,-1,551,633,549,-1,549,633,635,-1,549,635,547,-1,547,635,606,-1,547,606,544,-1,544,606,609,-1,544,609,573,-1,573,609,611,-1,573,611,571,-1,571,611,613,-1,571,613,569,-1,569,613,615,-1,569,615,567,-1,567,615,617,-1,567,617,565,-1,565,617,619,-1,565,619,563,-1,563,619,621,-1,563,621,560,-1,560,621,592,-1,560,592,587,-1,587,592,595,-1,587,595,585,-1,585,595,597,-1,585,597,583,-1,583,597,599,-1,583,599,581,-1,581,599,601,-1,581,601,579,-1,579,601,603,-1,579,603,577,-1,577,603,605,-1,577,605,574,-1,574,605,590,-1,574,590,588,-1,646,647,648,-1,646,648,649,-1,649,648,650,-1,649,650,651,-1,652,653,654,-1,652,654,655,-1,655,654,656,-1,655,656,657,-1,657,656,647,-1,657,647,646,-1,658,659,652,-1,652,659,653,-1,660,661,662,-1,660,662,663,-1,663,662,664,-1,663,664,665,-1,665,664,666,-1,665,666,667,-1,667,666,668,-1,667,668,669,-1,669,668,670,-1,669,670,671,-1,671,670,672,-1,671,672,673,-1,673,672,659,-1,673,659,658,-1,674,675,676,-1,674,676,677,-1,677,676,678,-1,677,678,679,-1,679,678,680,-1,679,680,681,-1,681,680,682,-1,681,682,683,-1,683,682,684,-1,683,684,685,-1,685,684,661,-1,685,661,660,-1,686,687,688,-1,686,688,689,-1,689,688,690,-1,689,690,691,-1,691,690,692,-1,691,692,693,-1,693,692,694,-1,693,694,695,-1,695,694,696,-1,695,696,697,-1,697,696,698,-1,697,698,699,-1,699,698,700,-1,699,700,701,-1,701,700,702,-1,701,702,703,-1,703,702,675,-1,703,675,674,-1,704,705,686,-1,686,705,687,-1,706,707,704,-1,704,707,705,-1,708,709,710,-1,708,710,711,-1,711,710,712,-1,711,712,713,-1,713,712,714,-1,713,714,715,-1,715,714,716,-1,715,716,717,-1,717,716,718,-1,717,718,719,-1,719,718,720,-1,719,720,721,-1,721,720,722,-1,721,722,723,-1,723,722,724,-1,723,724,725,-1,725,724,726,-1,725,726,727,-1,727,726,728,-1,727,728,729,-1,729,728,707,-1,729,707,706,-1,730,731,708,-1,708,731,709,-1,732,733,730,-1,730,733,731,-1,733,732,734,-1,735,736,737,-1,735,737,734,-1,734,737,738,-1,734,738,733,-1,739,740,735,-1,735,740,736,-1,739,649,740,-1,740,649,651,-1,663,665,693,-1,693,665,667,-1,693,667,691,-1,660,663,685,-1,685,663,693,-1,685,693,683,-1,683,693,695,-1,683,695,681,-1,732,730,658,-1,658,730,708,-1,658,708,711,-1,667,669,691,-1,691,669,671,-1,691,671,689,-1,689,671,673,-1,649,739,646,-1,646,739,735,-1,646,735,657,-1,657,735,734,-1,657,734,655,-1,655,734,732,-1,655,732,652,-1,652,732,658,-1,711,713,658,-1,658,713,715,-1,658,715,717,-1,677,697,699,-1,697,677,695,-1,695,677,679,-1,695,679,681,-1,717,719,658,-1,658,719,721,-1,658,721,723,-1,723,725,658,-1,658,725,727,-1,658,727,729,-1,729,706,658,-1,658,706,704,-1,658,704,673,-1,673,704,686,-1,673,686,689,-1,699,701,677,-1,677,701,703,-1,677,703,674,-1,
        ]
    }
}
Shape{
    appearance Appearance {
        material  Material 	{
            diffuseColor 0.10980392156862745 0.10980392156862745 0.10980392156862745
            specularColor 0.00784313725490196 0.00784313725490196 0.00784313725490196
            ambientIntensity 0.1569
            transparency 0.0
            shininess 0.5
        }
    }
    geometry IndexedFaceSet {
        ccw TRUE
        solid FALSE
        coord DEF co Coordinate {
            point [
                1.8539 -1.1904 0.0787, 1.8691 -1.1757 0.0787, 1.8329 -1.3347 0.0787, 1.7961 -1.1683 0.0787, 1.8184 -1.1729 0.0787, 1.8349 -1.1781 0.0787, 1.8397 -1.1807 0.0787, 1.5813 -1.345 0.0787, 1.5813 -1.0454 0.0787, 1.592 -1.3495 0.0787, 1.5901 -1.0451 0.0787, 1.5988 -1.0454 0.0787, 1.6238 -1.0483 0.0787, 1.6412 -1.0505 0.0787, 1.6408 -1.3569 0.0787, 1.6161 -1.3551 0.0787, 1.698 -1.2306 0.0787, 1.6967 -1.1472 0.0787, 1.6557 -1.354 0.0787, 1.6914 -1.3075 0.0787, 1.6864 -1.3245 0.0787, 1.6539 -1.0538 0.0787, 1.663 -1.0578 0.0787, 1.6698 -1.0632 0.0787, 1.6801 -1.3367 0.0787, 1.6733 -1.3448 0.0787, 1.6666 -1.3497 0.0787, 1.6764 -1.0717 0.0787, 1.6876 -1.0969 0.0787, 3.2362 0.0 4.7638, 3.2362 -3.1496 4.7638, 3.2362 -3.937 3.9764, 3.2362 -3.3248 4.744, 3.2362 -3.4912 4.6858, 3.2362 -3.937 -0.1181, 3.2362 0.7874 -0.1181, 3.2362 0.7874 3.9764, 3.2362 0.7677 4.1516, 3.2362 0.1752 4.744, 3.2362 0.7094 4.318, 3.2362 0.6156 4.4673, 3.2362 0.4909 4.592, 3.2362 0.3416 4.6858, 3.2362 -3.6405 4.592, 3.2362 -3.7652 4.4673, 3.2362 -3.859 4.318, 3.2362 -3.9173 4.1516
            ]
        }
        coordIndex [
            0,1,2,-1,2,3,4,-1,4,5,2,-1,2,5,6,-1,2,6,0,-1,7,8,9,-1,9,8,10,-1,10,11,9,-1,9,11,12,-1,9,12,13,-1,14,15,16,-1,16,15,9,-1,16,9,17,-1,14,16,18,-1,18,16,19,-1,18,19,20,-1,13,21,9,-1,9,21,22,-1,9,22,23,-1,20,24,18,-1,18,24,25,-1,18,25,26,-1,23,27,9,-1,9,27,28,-1,9,28,17,-1,29,30,31,-1,31,30,32,-1,31,32,33,-1,34,35,31,-1,31,35,36,-1,31,36,29,-1,29,36,37,-1,29,37,38,-1,38,37,39,-1,39,40,38,-1,38,40,41,-1,38,41,42,-1,33,43,44,-1,44,45,33,-1,33,45,46,-1,33,46,31,-1,
        ]
    }
}