#VRML V2.0 utf8
# 3D model generated by easyeda2kicad.py (https://github.com/uPesy/easyeda2kicad.py)

Shape{
    appearance Appearance {
        material  Material 	{
            diffuseColor 0.0 0.6862745098039216 0.48627450980392156
            specularColor 0.0 0.3411764705882353 0.24313725490196078
            ambientIntensity 0.4583
            transparency 0.0
            shininess 0.5
        }
    }
    geometry IndexedFaceSet {
        ccw TRUE
        solid FALSE
        coord DEF co Coordinate {
            point [
                0.5536 1.1809 2.4769, 0.5447 1.1809 2.4976, 0.5556 1.1809 2.5259, 0.7088 1.1809 2.7522, 0.7283 1.1809 2.7505, 0.6958 1.1809 2.7505, 0.749 1.1809 2.9129, 0.746 1.1809 2.9132, 0.8022 1.1809 2.9132, 0.6958 1.1809 2.9111, 0.6958 1.1809 2.9132, 0.7029 1.1809 2.9132, 0.317 1.1809 2.9099, 0.2576 1.1809 2.7505, 0.2066 1.1809 2.7505, 0.5494 1.1809 2.4527, 0.5556 1.1809 2.4483, 0.4581 1.1809 2.4968, 0.3418 1.1809 2.4959, 0.3406 1.1809 2.6554, 0.3568 1.1809 2.6554, 1.0499 1.1809 2.731, 1.0397 1.1809 2.7047, 0.9666 1.1809 2.7047, 1.4928 1.1809 2.6554, 1.3532 1.1809 2.6554, 1.3472 1.1809 2.6585, 1.4678 1.1809 2.9338, 1.4565 1.1809 2.9381, 2.3484 1.1809 2.9381, 1.2041 1.1809 2.9, 1.1673 1.1809 2.8569, 0.9666 1.1809 2.9132, 1.1433 1.1809 2.8096, 1.1369 1.1809 2.8074, 1.3117 1.1809 2.955, 1.2646 1.1809 2.9381, 0.9666 1.1809 2.9381, 1.2547 1.1809 2.9345, 1.2235 1.1809 2.9132, 2.3484 1.1809 3.622, 1.4151 1.1809 2.9537, 0.9666 1.1809 3.622, 1.3586 1.1809 2.9603, 2.3484 1.1809 2.9132, 1.4998 1.1809 2.9132, 1.4955 1.1809 2.9169, 1.7034 1.1809 2.8159, 1.6935 1.1809 2.825, 1.6552 1.1809 2.8504, 1.6126 1.1809 2.8654, 1.5721 1.1809 2.8696, 1.5224 1.1809 2.8941, 1.559 1.1809 2.8688, 1.546 1.1809 2.8671, 2.3484 1.1809 2.7505, 2.3484 1.1809 2.7047, 1.7562 1.1809 2.7047, 1.7482 1.1809 2.7442, 1.7452 1.1809 2.7505, 1.7288 1.1809 2.7845, 2.3484 1.1809 2.6554, 1.755 1.1809 2.6585, 2.3484 1.1809 2.6585, 1.7579 1.1809 2.6865, 1.7573 1.1809 2.6994, 2.3484 1.1809 0.0, 2.0531 1.1809 1.1811, 2.0531 1.1809 0.0, 1.2592 1.1809 2.5684, 1.2514 1.1809 2.5714, 1.2379 1.1809 2.6361, 1.2663 1.1809 2.5636, 1.0375 1.1809 2.6178, 1.0523 1.1809 2.582, 0.9666 1.1809 1.1811, 1.0745 1.1809 2.5518, 1.1067 1.1809 2.5252, 1.5439 1.1809 2.433, 1.5701 1.1809 2.4443, 1.5922 1.1809 2.4612, 1.2429 1.1809 2.5724, 1.2418 1.1809 2.5723, 1.2384 1.1809 2.5715, 1.259 1.1809 2.5056, 1.2665 1.1809 2.5108, 1.4055 1.1809 2.5018, 1.2697 1.1809 2.5141, 0.9666 1.1809 2.6585, 1.0317 1.1809 2.6554, 0.9666 1.1809 2.6554, 1.0317 1.1809 2.6551, 1.4368 1.1809 2.4569, 1.4596 1.1809 2.4413, 1.7388 1.1809 2.6034, 1.7537 1.1809 2.6462, 1.7546 1.1809 2.6554, 1.1257 1.1809 2.599, 1.1131 1.1809 2.6167, 1.1051 1.1809 2.6369, 1.249 1.1809 2.6554, 1.2784 1.1809 2.5373, 1.2783 1.1809 2.5406, 1.3979 1.1809 2.553, 1.2762 1.1809 2.5493, 1.272 1.1809 2.5572, 1.1417 1.1809 2.5087, 1.1785 1.1809 2.5013, 1.2457 1.1809 2.5018, 1.4851 1.1809 2.4317, 1.5126 1.1809 2.4285, 1.5171 1.1809 2.4286, 1.2746 1.1809 2.5213, 1.2775 1.1809 2.529, 1.3986 1.1809 2.5299, 1.398 1.1809 2.5416, 1.4191 1.1809 2.4765, 1.2515 1.1809 2.5027, 1.609 1.1809 2.4823, 1.6202 1.1809 2.5067, 1.6395 1.1809 2.5129, 1.2361 1.1809 2.5712, 1.1848 1.1809 2.5708, 1.1645 1.1809 2.5745, 1.6798 1.1809 2.5344, 1.7109 1.1809 2.562, 1.7149 1.1809 2.5666, 1.1443 1.1809 2.5837, 1.1274 1.1809 2.5973, 1.1027 1.1809 2.6554, 1.1023 1.1809 2.6585, 1.2508 1.1809 2.6585, 1.1022 1.1809 2.659, 1.6814 1.1809 2.6585, 1.6849 1.1809 2.6708, 1.2728 1.1809 2.6967, 1.6861 1.1809 2.6882, 1.684 1.1809 2.7047, 1.1027 1.1809 2.6689, 1.1079 1.1809 2.6908, 1.1152 1.1809 2.7047, 1.4697 1.1809 2.6494, 1.4456 1.1809 2.6363, 1.4259 1.1809 2.6181, 1.5634 1.1809 2.6448, 1.5382 1.1809 2.6542, 1.6805 1.1809 2.6554, 1.5285 1.1809 2.6554, 1.511 1.1809 2.6574, 1.4971 1.1809 2.6565, 1.677 1.1809 2.6429, 1.6058 1.1809 2.6074, 1.5868 1.1809 2.6288, 1.6635 1.1809 2.6195, 1.6432 1.1809 2.5984, 1.6186 1.1809 2.583, 1.1995 1.1809 2.7485, 1.6726 1.1809 2.741, 1.6826 1.1809 2.7157, 1.1904 1.1809 2.7485, 1.1183 1.1809 2.7105, 1.1314 1.1809 2.7254, 1.149 1.1809 2.7379, 1.1688 1.1809 2.7457, 1.2457 1.1809 2.8447, 1.2531 1.1809 2.8516, 1.5112 1.1809 2.7838, 1.2211 1.1809 2.8131, 1.666 1.1809 2.7505, 1.5195 1.1809 2.7884, 1.1999 1.1809 2.7505, 1.2049 1.1809 2.7758, 1.2851 1.1809 2.8737, 1.3208 1.1809 2.8873, 1.4946 1.1809 2.8181, 1.3579 1.1809 2.892, 1.545 1.1809 2.7978, 1.5715 1.1809 2.8013, 1.5832 1.1809 2.8008, 1.4001 1.1809 2.8868, 1.4374 1.1809 2.8719, 1.4692 1.1809 2.8487, 1.6113 1.1809 2.7943, 1.6368 1.1809 2.7811, 1.6567 1.1809 2.7636, 1.0364 1.1809 2.6961, 1.0316 1.1809 2.6597, 1.0317 1.1809 2.6585, 1.1032 1.1809 2.7902, 1.0727 1.1809 2.7637, 0.9666 1.1809 2.7505, 1.0635 1.1809 2.7505, 0.2512 1.1809 2.6457, 0.2066 1.1809 2.6554, 0.2705 1.1809 2.6529, 0.2917 1.1809 2.6554, 0.2154 1.1809 2.5482, 0.2234 1.1809 2.5317, 0.2066 1.1809 1.1811, 0.2354 1.1809 2.5176, 0.252 1.1809 2.5058, 0.3568 1.1809 1.1811, 0.2977 1.1809 2.4956, 0.2703 1.1809 2.4988, 0.2345 1.1809 2.6341, 0.229 1.1809 2.6286, 0.2192 1.1809 2.6146, 0.2133 1.1809 2.5994, 0.2108 1.1809 2.5771, 0.2113 1.1809 2.567, 0.3568 1.1809 2.6585, 0.3406 1.1809 2.6561, 0.2949 1.1809 2.6557, 0.2066 1.1809 2.6585, 0.4053 1.1809 2.5146, 0.3719 1.1809 2.5144, 0.3797 1.1809 2.5683, 0.3745 1.1809 2.6554, 0.3746 1.1809 2.6379, 0.372 1.1809 2.4961, 0.3796 1.1809 2.5867, 0.4053 1.1809 2.5869, 0.4053 1.1809 2.5685, 0.4369 1.1809 2.5687, 0.4373 1.1809 2.5149, 0.4053 1.1809 2.6381, 0.4365 1.1809 2.6383, 0.4368 1.1809 2.5871, 0.3745 1.1809 2.6563, 0.4053 1.1809 2.6585, 0.5556 1.1809 2.6585, 0.457 1.1809 2.6569, 0.4053 1.1809 2.6565, 0.5556 1.1809 2.5803, 0.537 1.1809 2.5257, 0.5316 1.1809 2.5255, 0.5556 1.1809 0.0, 0.5531 1.1809 0.0, 0.5531 1.1809 1.1811, 0.5411 1.1809 2.4622, 0.4053 1.1809 1.1811, 0.4053 1.1809 2.4964, 0.5346 1.1809 2.5163, 0.5341 1.1809 2.5163, 0.5331 1.1809 2.5202, 0.5556 1.1809 2.6554, 0.4997 1.1809 2.6114, 0.457 1.1809 2.6554, 0.4789 1.1809 2.6113, 0.5318 1.1809 2.48, 0.6772 1.1809 2.5023, 0.677 1.1809 2.523, 0.6958 1.1809 2.6554, 0.667 1.1809 0.0, 0.667 1.1809 2.4987, 0.6958 1.1809 0.0, 0.6758 1.1809 2.5882, 0.6736 1.1809 2.5947, 0.67 1.1809 2.6001, 0.667 1.1809 2.6554, 0.667 1.1809 2.5173, 0.667 1.1809 2.5598, 0.6699 1.1809 2.5185, 0.6677 1.1809 2.5602, 0.6709 1.1809 2.5637, 0.6735 1.1809 2.5678, 0.6757 1.1809 2.574, 0.6765 1.1809 2.5818, 0.6063 1.1809 2.5478, 0.6026 1.1809 2.5423, 0.6048 1.1809 2.5902, 0.6005 1.1809 2.5364, 0.5997 1.1809 2.5289, 0.667 1.1809 2.6029, 0.6635 1.1809 2.6061, 0.6586 1.1809 2.6091, 0.6478 1.1809 2.6132, 0.6317 1.1809 2.615, 0.5942 1.1809 2.6554, 0.6177 1.1809 2.6136, 0.6047 1.1809 2.6097, 0.5942 1.1809 0.0, 0.628 1.1809 2.4974, 0.6462 1.1809 2.4954, 0.6632 1.1809 2.4973, 0.6008 1.1809 2.5208, 0.6033 1.1809 2.5145, 0.607 1.1809 2.5092, 0.6128 1.1809 2.5042, 0.6174 1.1809 2.5014, 0.6338 1.1809 2.5987, 0.6397 1.1809 2.5983, 0.6558 1.1809 2.5835, 0.6451 1.1809 2.5969, 0.6496 1.1809 2.5946, 0.6556 1.1809 2.5808, 0.6549 1.1809 2.5777, 0.6535 1.1809 2.575, 0.6515 1.1809 2.5728, 0.6445 1.1809 2.5683, 0.6198 1.1809 2.5969, 0.6321 1.1809 2.5628, 0.6085 1.1809 2.5924, 0.6244 1.1809 2.5596, 0.6111 1.1809 2.5521, 0.6527 1.1809 2.5919, 0.6544 1.1809 2.5894, 0.6554 1.1809 2.5867, 0.6573 1.1809 2.5135, 0.6464 1.1809 2.5484, 0.6583 1.1809 2.5539, 0.6441 1.1809 2.5117, 0.6432 1.1809 2.5117, 0.6332 1.1809 2.5428, 0.6329 1.1809 2.5128, 0.6204 1.1809 2.5271, 0.6205 1.1809 2.5295, 0.6278 1.1809 2.5147, 0.6259 1.1809 2.5158, 0.6236 1.1809 2.5178, 0.6218 1.1809 2.5204, 0.6208 1.1809 2.5232, 0.6214 1.1809 2.5327, 0.623 1.1809 2.5354, 0.6254 1.1809 2.538, 0.2066 1.1809 2.9132, 0.3568 1.1809 2.9132, 0.3391 1.1809 2.9101, 0.4053 1.1809 2.7505, 0.4012 1.1809 2.7505, 0.3568 1.1809 2.8646, 0.4012 1.1809 2.7504, 0.4053 1.1809 2.7047, 0.3784 1.1809 2.7502, 0.3568 1.1809 2.7047, 0.3783 1.1809 2.7505, 0.3568 1.1809 2.7505, 0.3568 1.1809 2.7939, 0.3627 1.1809 2.7939, 0.296 1.1809 2.7935, 0.2803 1.1809 2.7505, 0.28 1.1809 2.7495, 0.2571 1.1809 2.7494, 0.2066 1.1809 2.7047, 0.5942 1.1809 2.8422, 0.5783 1.1809 2.8421, 0.5734 1.1809 2.8933, 0.5942 1.1809 2.9132, 0.5733 1.1809 2.9118, 0.5556 1.1809 2.9132, 0.5556 1.1809 2.7505, 0.5784 1.1809 2.8238, 0.5942 1.1809 2.8239, 0.6357 1.1809 2.8242, 0.5942 1.1809 2.77, 0.6361 1.1809 2.7703, 0.5942 1.1809 2.8935, 0.6352 1.1809 2.8938, 0.6356 1.1809 2.8425, 0.6569 1.1809 2.7522, 0.667 1.1809 2.7505, 0.5942 1.1809 2.7505, 0.5706 1.1809 2.7699, 0.5707 1.1809 2.7516, 0.5942 1.1809 2.7518, 0.667 1.1809 2.9132, 0.6557 1.1809 2.9124, 0.5942 1.1809 2.9119, 0.878 1.1809 2.9139, 0.878 1.1809 2.9132, 0.8118 1.1809 2.9132, 0.879 1.1809 2.772, 0.8152 1.1809 2.7716, 0.8154 1.1809 2.7533, 0.8118 1.1809 2.7505, 0.8998 1.1809 2.7539, 0.8118 1.1809 2.9381, 0.8987 1.1809 2.9141, 0.8987 1.1809 2.9132, -2.0531 1.1809 0.0, -2.3484 1.1809 0.0, -2.0531 1.1809 1.1811, -2.3484 1.1809 2.6554, -1.145 1.1809 1.1811, -1.145 1.1809 2.6554, -0.5531 1.1809 1.1811, -0.5531 1.1809 0.0, -0.9469 1.1809 0.0, 0.0813 1.1809 2.4941, 0.0973 1.1809 2.538, 0.164 1.1809 2.5385, -0.9469 1.1809 1.1811, 0.1797 1.1809 2.4948, 0.2025 1.1809 2.4949, 0.0584 1.1809 2.4939, 0.1183 1.1809 2.6545, 0.1404 1.1809 2.6546, 0.8154 1.1809 2.5175, 0.8155 1.1809 2.4993, 0.8118 1.1809 2.6554, 0.818 1.1809 2.6554, 0.8181 1.1809 2.641, 0.8232 1.1809 2.5715, 0.8804 1.1809 2.5719, 0.8808 1.1809 2.518, 0.9469 1.1809 1.1811, 0.8799 1.1809 2.6415, 0.8803 1.1809 2.5902, 0.823 1.1809 2.5898, 0.9016 1.1809 2.4999, 0.6878 1.1809 2.9087, 0.688 1.1809 2.8871, 0.7226 1.1809 2.7687, 0.7045 1.1809 2.7719, 0.6958 1.1809 2.8905, 0.6958 1.1809 2.7758, 0.6897 1.1809 2.8881, 0.6887 1.1809 2.7789, 0.7059 1.1809 2.8944, 0.7256 1.1809 2.8969, 0.7866 1.1809 2.8314, 0.7681 1.1809 2.7825, 0.7576 1.1809 2.775, 0.7694 1.1809 2.8794, 0.7782 1.1809 2.8673, 0.7584 1.1809 2.8884, 0.7458 1.1809 2.8941, 0.7318 1.1809 2.8967, 0.7837 1.1809 2.8536, 0.7864 1.1809 2.8255, 0.784 1.1809 2.8095, 0.7463 1.1809 2.7705, 0.7302 1.1809 2.7685, 0.7789 1.1809 2.7965, 0.7712 1.1809 2.7856, 0.7255 1.1809 2.9155, 0.7046 1.1809 2.9137, 0.6958 1.1809 2.9381, 0.8022 1.1809 2.864, 0.7964 1.1809 2.8773, 0.7847 1.1809 2.8924, 0.7808 1.1809 2.896, 0.7658 1.1809 2.9065, 0.8042 1.1809 2.8596, 0.8079 1.1809 2.8387, 0.8083 1.1809 2.8303, 0.7429 1.1809 2.7506, 0.7603 1.1809 2.7543, 0.8022 1.1809 2.7505, 0.7753 1.1809 2.7615, 0.7881 1.1809 2.7723, 0.7988 1.1809 2.7873, 0.8022 1.1809 2.7962, 0.8052 1.1809 2.804, 0.7333 1.1809 2.7501, 0.6958 1.1809 2.7047, 0.7414 1.1809 2.7505, 0.8022 1.1809 2.7047, 0.6889 1.1809 2.7591, 0.6916 1.1809 2.7577, 0.6958 1.1809 2.7564, 0.818 1.1809 2.6595, 0.818 1.1809 2.6585, 0.8118 1.1809 2.6585, 0.8118 1.1809 2.7047, 0.9005 1.1809 2.66, 0.9005 1.1809 2.6585, 0.9005 1.1809 2.6554, 0.5887 1.1809 2.6121, 0.5663 1.1809 2.6119, 0.5562 1.1809 2.4478, 0.5641 1.1809 2.4447, 0.5728 1.1809 2.4437, 0.5773 1.1809 2.4439, 0.5858 1.1809 2.4454, 0.5856 1.1809 2.4633, 0.5815 1.1809 2.4619, 0.5743 1.1809 2.4609, 0.5737 1.1809 2.4609, 0.5688 1.1809 2.4616, 0.5645 1.1809 2.4633, 0.5615 1.1809 2.4654, 0.5578 1.1809 2.4695, 0.5556 1.1809 2.4734, -1.145 1.1809 2.6585, -2.3484 1.1809 2.6585, -1.145 1.1809 2.7047, -1.145 1.1809 2.7505, -2.3484 1.1809 2.7047, -2.3484 1.1809 2.7505, -1.145 1.1809 2.9132, -2.3484 1.1809 2.9132, 0.4101 1.1809 2.8224, 0.4141 1.1809 2.8037, 0.4179 1.1809 2.8701, 0.4121 1.1809 2.8548, 0.4053 1.1809 2.9132, 0.4095 1.1809 2.8326, 0.4221 1.1809 2.7872, 0.4341 1.1809 2.7731, 0.4508 1.1809 2.7613, 0.4937 1.1809 2.9112, 0.4692 1.1809 2.9083, 0.45 1.1809 2.9011, 0.469 1.1809 2.7542, 0.4964 1.1809 2.7511, 0.5405 1.1809 2.7514, 0.5394 1.1809 2.9115, 0.4333 1.1809 2.8896, 0.4278 1.1809 2.8841, 0.667 1.1809 2.7047, 0.5942 1.1809 2.7047, 0.5556 1.1809 2.7047, 0.667 1.1809 2.9381, 0.5942 1.1809 2.9381, 0.5556 1.1809 2.9381, 0.4053 1.1809 2.9381, 0.3568 1.1809 2.9381, 0.2066 1.1809 2.9381, -1.145 1.1809 2.9381, -2.3484 1.1809 2.9381, 0.7919 1.1809 2.5479, 0.7878 1.1809 2.5536, 0.7845 1.1809 2.5859, 0.7344 1.1809 2.5049, 0.7417 1.1809 2.5001, 0.7245 1.1809 2.4986, 0.7499 1.1809 2.4972, 0.76 1.1809 2.4962, 0.7044 1.1809 2.4985, 0.7039 1.1809 2.5721, 0.7057 1.1809 2.5891, 0.74 1.1809 2.5987, 0.7469 1.1809 2.5995, 0.7579 1.1809 2.5668, 0.7243 1.1809 2.5163, 0.7249 1.1809 2.5163, 0.728 1.1809 2.5116, 0.7817 1.1809 2.5589, 0.7731 1.1809 2.5632, 0.7706 1.1809 2.5946, 0.758 1.1809 2.5985, 0.8022 1.1809 2.6554, 0.7449 1.1809 2.6158, 0.7448 1.1809 2.6158, 0.7308 1.1809 2.6141, 0.7228 1.1809 2.6112, 0.7165 1.1809 2.6071, 0.7844 1.1809 2.6054, 0.7803 1.1809 2.6077, 0.7654 1.1809 2.6134, 0.7132 1.1809 2.6039, 0.709 1.1809 2.5977, 0.7239 1.1809 2.5713, 0.7246 1.1809 2.5801, 0.7266 1.1809 2.5873, 0.7289 1.1809 2.5915, 0.8022 1.1809 0.0, 0.772 1.1809 2.4977, 0.7797 1.1809 2.5006, 0.7864 1.1809 2.5054, 0.7884 1.1809 2.5074, 0.7926 1.1809 2.5135, 0.795 1.1809 2.5202, 0.7961 1.1809 2.5298, 0.7947 1.1809 2.5408, 0.7319 1.1809 2.5947, 0.7354 1.1809 2.5971, 0.9469 1.1809 0.0, 0.8118 1.1809 0.0, 0.8022 1.1809 2.6585, 0.6958 1.1809 2.6585, 0.667 1.1809 2.6585, 0.5942 1.1809 2.6585, 0.8022 1.1809 2.9381, 0.7257 1.1809 2.9155, 0.8118 1.1809 3.622, 0.8022 1.1809 3.622, 0.6958 1.1809 3.622, 0.667 1.1809 3.622, 0.5942 1.1809 3.622, 0.5556 1.1809 3.622, 0.4053 1.1809 3.622, 0.3568 1.1809 3.622, 0.2066 1.1809 3.622, -1.145 1.1809 3.622, -2.3484 1.1809 3.622, 2.3484 0.0392 0.0, 2.1516 0.0392 0.0, 2.0531 -0.4333 0.0, -0.9469 -0.4333 0.0, 2.3484 -0.4333 0.0, 2.3484 -1.3781 0.0, 2.1516 -0.4333 0.0, -2.3484 -1.3781 0.0, -2.3484 0.0392 0.0, -2.1516 0.0392 0.0, -2.0531 -0.4333 0.0, -2.3484 -0.4333 0.0, -2.1516 -0.4333 0.0, 0.9469 -0.4333 0.0, -0.5531 -0.4333 0.0, 0.5531 -0.4333 0.0, 2.1516 0.9841 0.9449, 2.1516 0.0392 0.9449, 2.1516 0.9841 3.622, 2.1516 0.0392 2.8346, 2.1516 -0.9844 3.622, 2.1516 -0.4333 2.8346, 2.1516 -0.512 0.315, 2.1516 -0.9844 0.315, 2.1516 -0.512 0.9449, 2.1516 -0.4333 0.9449, 2.3484 0.0392 2.8346, 2.3484 0.6009 3.454, 2.3484 0.5805 3.4384, 2.3484 -0.0986 2.9331, 2.3484 -0.102 2.9076, 2.3484 -0.197 2.8346, 2.3484 -0.1716 2.838, 2.3484 -0.1478 2.8478, 2.3484 0.6297 3.622, 2.3484 0.6297 3.5236, 2.3484 0.6264 3.4982, 2.3484 -0.1118 2.8839, 2.3484 -0.1274 2.8635, 2.3484 -0.0986 3.4252, 2.3484 0.5313 3.4252, 2.3484 0.5568 3.4286, 2.3484 0.6165 3.4744, 2.3484 -1.575 2.1935, 2.3484 -1.0238 3.5236, 2.3484 -1.0238 3.622, 2.3484 -1.575 3.622, 2.3484 -1.575 2.3657, 2.3484 -0.4333 2.8346, 2.3484 -0.9509 3.4286, 2.3484 -0.9746 3.4384, 2.3484 -0.995 3.454, 2.3484 -1.0106 3.4744, 2.3484 -1.0205 3.4982, 2.3484 -1.6537 2.3657, 2.3484 -1.6537 2.2685, 2.3484 -0.2225 2.838, 2.3484 -0.2463 2.8478, 2.3484 -0.2666 2.8635, 2.3484 -0.2823 2.8839, 2.3484 -0.2921 2.9076, 2.3484 -0.2955 2.9331, 2.3484 -1.6517 2.2512, 2.3484 -1.6458 2.2349, 2.3484 -1.6364 2.2204, 2.3484 -1.6238 2.2085, 2.3484 -1.6089 2.1998, 2.3484 -1.5923 2.1947, 2.3484 -0.2955 3.4252, 2.3484 -0.9254 3.4252, 2.3484 -1.5173 0.0577, 2.3484 -1.4766 0.0264, 2.3484 -1.5486 0.0984, 2.3484 -1.5683 0.1459, 2.3484 -1.575 0.1969, 2.3484 -1.4291 0.0067, -2.3484 -1.575 2.1935, -2.3484 -1.575 0.1969, -2.3484 -1.575 3.622, -2.3484 -1.575 2.3657, -2.3484 -1.5683 0.1459, -2.3484 -1.5486 0.0984, -2.3484 -1.5173 0.0577, -2.3484 -1.4766 0.0264, -2.3484 -1.4291 0.0067, -2.3484 -1.5923 2.1947, -2.3484 -1.6089 2.1998, -2.3484 -1.6238 2.2085, -2.3484 -1.6364 2.2204, -2.3484 -1.6458 2.2349, -2.3484 -1.6517 2.2512, -2.3484 -1.6537 2.2685, -2.3484 -1.6537 2.3657, -2.3484 -0.197 2.8346, -2.3484 -0.4333 2.8346, -2.3484 -0.2225 2.838, -2.3484 -0.2463 2.8478, -2.3484 -1.0238 3.622, -2.3484 -1.0238 3.5236, -2.3484 -1.0205 3.4982, -2.3484 -1.0106 3.4744, -2.3484 -0.995 3.454, -2.3484 -0.9746 3.4384, -2.3484 -0.2955 2.9331, -2.3484 -0.2921 2.9076, -2.3484 -0.2823 2.8839, -2.3484 -0.2666 2.8635, -2.3484 -0.2955 3.4252, -2.3484 -0.9254 3.4252, -2.3484 -0.9509 3.4286, -0.8484 0.9841 3.622, -2.4075 0.6297 3.622, -2.4075 -1.0238 3.622, 1.8563 -0.9844 3.622, 1.8563 -1.1813 3.622, 2.043 -1.1813 3.622, 2.4075 -1.0238 3.622, 2.4075 0.6297 3.622, -2.3484 0.6297 3.622, -1.8563 -1.1813 3.622, -1.8563 -0.9844 3.622, -2.043 -1.1813 3.622, -2.1516 -0.9844 3.622, -2.1516 -1.3781 3.622, 2.1516 -1.3781 3.622, 0.8484 -1.3781 3.622, 0.6516 -1.3781 3.622, 0.543 -1.1813 3.622, 0.6516 -0.9844 3.622, 0.3563 -0.9844 3.622, 0.3563 -1.1813 3.622, 1.1437 -1.1813 3.622, 1.1437 -0.9844 3.622, 0.957 -1.1813 3.622, 0.8484 -0.9844 3.622, -0.8484 -0.9844 3.622, -1.1437 -0.9844 3.622, -1.1437 -1.1813 3.622, -0.6516 -1.3781 3.622, -0.543 -1.1813 3.622, -0.8484 -1.3781 3.622, -0.957 -1.1813 3.622, -0.3563 -1.1813 3.622, -0.3563 -0.9844 3.622, -0.6516 -0.9844 3.622, -2.1516 0.9841 3.622, -1.9547 0.9841 3.622, -1.8106 0.9191 3.622, -1.6575 0.8793 3.622, -1.5 0.8659 3.622, -1.3425 0.8793 3.622, 0.6516 0.9841 3.622, 0.8484 0.9841 3.622, -1.1894 0.9191 3.622, -1.0453 0.9841 3.622, 1.0453 0.9841 3.622, 1.1894 0.9191 3.622, -0.3106 0.9191 3.622, -0.1575 0.8793 3.622, 1.3425 0.8793 3.622, 1.5 0.8659 3.622, 1.6575 0.8793 3.622, -0.6516 0.9841 3.622, -0.4547 0.9841 3.622, 1.8106 0.9191 3.622, 1.9547 0.9841 3.622, 0.4547 0.9841 3.622, 0.3106 0.9191 3.622, 0.1575 0.8793 3.622, 0.0 0.8659 3.622, -2.4075 -1.0238 3.5236, -2.4075 -0.9254 3.4252, -2.4075 -0.0986 3.4252, -2.4075 0.6297 3.5236, -2.4075 0.5805 3.4384, -2.4075 0.5568 3.4286, -2.4075 0.5313 3.4252, -2.4075 0.6009 3.454, -2.4075 0.6264 3.4982, -2.4075 0.6165 3.4744, -2.4075 -0.102 2.9076, -2.4075 -0.1118 2.8839, -2.4075 -0.2955 2.9331, -2.4075 -0.1274 2.8635, -2.4075 -0.1478 2.8478, -2.4075 -0.1716 2.838, -2.4075 -0.2955 3.4252, -2.4075 -0.0986 2.9331, -2.4075 -0.2666 2.8635, -2.4075 -0.2823 2.8839, -2.4075 -0.2463 2.8478, -2.4075 -0.2225 2.838, -2.4075 -0.197 2.8346, -2.4075 -0.2921 2.9076, -2.4075 -0.9509 3.4286, -2.4075 -0.9746 3.4384, -2.4075 -1.0205 3.4982, -2.4075 -0.995 3.454, -2.4075 -1.0106 3.4744, 1.8196 -0.0002 1.378, 1.8087 0.0825 1.378, 1.6575 0.1179 1.378, 1.7768 0.1596 1.378, 1.6561 0.1281 1.378, 1.7768 -0.16 1.378, 1.6522 -0.138 1.378, 1.726 -0.2262 1.378, 1.6459 -0.1461 1.378, 1.6598 -0.277 1.378, 1.2232 -0.16 1.378, 1.3439 -0.1285 1.378, 1.3425 -0.1183 1.378, 1.8087 -0.0829 1.378, 1.6575 -0.1183 1.378, 1.6561 -0.1285 1.378, 1.3425 0.1179 1.378, 1.3439 0.1281 1.378, 1.2232 0.1596 1.378, 1.3478 0.1376 1.378, 1.274 0.2258 1.378, 1.3541 0.1458 1.378, 1.3402 0.2766 1.378, 1.6378 -0.1524 1.378, 1.6283 -0.1563 1.378, 1.6181 -0.1577 1.378, 1.3819 -0.1577 1.378, 1.3717 -0.1563 1.378, 1.3402 -0.277 1.378, 1.3622 -0.1524 1.378, 1.274 -0.2262 1.378, 1.3541 -0.1461 1.378, 1.3478 -0.138 1.378, 1.3622 0.152 1.378, 1.3717 0.1559 1.378, 1.3819 0.1573 1.378, 1.6181 0.1573 1.378, 1.6283 0.1559 1.378, 1.6598 0.2766 1.378, 1.6378 0.152 1.378, 1.726 0.2258 1.378, 1.6459 0.1458 1.378, 1.6522 0.1376 1.378, 1.4173 -0.3089 1.378, 1.5 -0.3198 1.378, 1.5827 -0.3089 1.378, 1.1913 0.0825 1.378, 1.1804 -0.0002 1.378, 1.1913 -0.0829 1.378, 1.5827 0.3085 1.378, 1.5 0.3194 1.378, 1.4173 0.3085 1.378, 1.3425 1.0234 0.689, 1.6575 1.0234 0.689, 1.3425 0.1573 0.689, 1.6575 0.1573 0.689, 1.3425 0.1573 0.2756, 1.3425 1.0234 0.2756, 1.6575 1.0234 0.2756, 1.6575 0.1573 0.2756, 0.3196 -0.0002 1.378, 0.3087 0.0825 1.378, 0.1575 0.1179 1.378, 0.2768 0.1596 1.378, 0.1561 0.1281 1.378, 0.2768 -0.16 1.378, 0.1522 -0.138 1.378, 0.226 -0.2262 1.378, 0.1459 -0.1461 1.378, 0.1598 -0.277 1.378, -0.1598 0.2766 1.378, -0.1283 0.1559 1.378, -0.1181 0.1573 1.378, -0.1575 0.1179 1.378, -0.1561 0.1281 1.378, -0.2768 0.1596 1.378, -0.1522 0.1376 1.378, -0.226 0.2258 1.378, -0.1459 0.1458 1.378, -0.1378 0.152 1.378, 0.1181 0.1573 1.378, 0.1283 0.1559 1.378, 0.1598 0.2766 1.378, 0.1378 0.152 1.378, 0.226 0.2258 1.378, 0.1459 0.1458 1.378, 0.1522 0.1376 1.378, 0.1378 -0.1524 1.378, 0.1283 -0.1563 1.378, 0.1181 -0.1577 1.378, -0.1181 -0.1577 1.378, -0.1283 -0.1563 1.378, -0.1598 -0.277 1.378, -0.1378 -0.1524 1.378, -0.226 -0.2262 1.378, -0.1459 -0.1461 1.378, -0.2768 -0.16 1.378, 0.3087 -0.0829 1.378, 0.1575 -0.1183 1.378, 0.1561 -0.1285 1.378, -0.1522 -0.138 1.378, -0.1561 -0.1285 1.378, -0.1575 -0.1183 1.378, -0.0827 -0.3089 1.378, 0.0 -0.3198 1.378, 0.0827 -0.3089 1.378, 0.0827 0.3085 1.378, 0.0 0.3194 1.378, -0.0827 0.3085 1.378, -0.3087 0.0825 1.378, -0.3196 -0.0002 1.378, -0.3087 -0.0829 1.378, -0.1575 1.0234 0.689, 0.1575 1.0234 0.689, -0.1575 0.1573 0.689, 0.1575 0.1573 0.689, -0.1575 0.1573 0.2756, -0.1575 1.0234 0.2756, 0.1575 1.0234 0.2756, 0.1575 0.1573 0.2756, -1.1804 -0.0002 1.378, -1.1913 0.0825 1.378, -1.3425 0.1179 1.378, -1.2232 0.1596 1.378, -1.3439 0.1281 1.378, -1.7768 -0.16 1.378, -1.6561 -0.1285 1.378, -1.6575 -0.1183 1.378, -1.2232 -0.16 1.378, -1.3478 -0.138 1.378, -1.274 -0.2262 1.378, -1.3541 -0.1461 1.378, -1.3402 -0.277 1.378, -1.6598 0.2766 1.378, -1.6283 0.1559 1.378, -1.6181 0.1573 1.378, -1.3819 0.1573 1.378, -1.3717 0.1559 1.378, -1.3402 0.2766 1.378, -1.3622 0.152 1.378, -1.274 0.2258 1.378, -1.3541 0.1458 1.378, -1.3478 0.1376 1.378, -1.6575 0.1179 1.378, -1.6561 0.1281 1.378, -1.7768 0.1596 1.378, -1.6522 0.1376 1.378, -1.726 0.2258 1.378, -1.6459 0.1458 1.378, -1.6378 0.152 1.378, -1.1913 -0.0829 1.378, -1.3425 -0.1183 1.378, -1.3439 -0.1285 1.378, -1.3622 -0.1524 1.378, -1.3717 -0.1563 1.378, -1.3819 -0.1577 1.378, -1.6181 -0.1577 1.378, -1.6283 -0.1563 1.378, -1.6598 -0.277 1.378, -1.6378 -0.1524 1.378, -1.726 -0.2262 1.378, -1.6459 -0.1461 1.378, -1.6522 -0.138 1.378, -1.8087 0.0825 1.378, -1.8196 -0.0002 1.378, -1.8087 -0.0829 1.378, -1.5827 -0.3089 1.378, -1.5 -0.3198 1.378, -1.4173 -0.3089 1.378, -1.4173 0.3085 1.378, -1.5 0.3194 1.378, -1.5827 0.3085 1.378, -1.6575 1.0234 0.689, -1.3425 1.0234 0.689, -1.6575 0.1573 0.689, -1.3425 0.1573 0.689, -1.6575 0.1573 0.2756, -1.6575 1.0234 0.2756, -1.3425 1.0234 0.2756, -1.3425 0.1573 0.2756, 1.815 1.0234 0.1181, 2.0531 1.0234 0.1181, 1.815 -0.3152 0.1181, 2.0531 -0.4333 0.1181, 1.185 -0.3152 0.1181, 0.9469 -0.4333 0.1181, 1.185 1.0234 0.1181, 0.9469 1.0234 0.1181, 0.9469 1.0234 1.1811, 2.0531 1.0234 1.1811, 0.315 1.0234 0.1181, 0.5531 1.0234 0.1181, 0.315 -0.3152 0.1181, 0.5531 -0.4333 0.1181, -0.315 -0.3152 0.1181, -0.5531 -0.4333 0.1181, -0.315 1.0234 0.1181, -0.5531 1.0234 0.1181, -0.5531 1.0234 1.1811, 0.5531 1.0234 1.1811, 1.4083 -0.3425 0.9449, 0.8484 -0.512 0.9449, 1.5 -0.3545 0.9449, 1.5917 -0.3425 0.9449, 1.6772 -0.3071 0.9449, 1.3228 -0.3071 0.9449, 1.2495 -0.2507 0.9449, 1.1931 -0.1774 0.9449, 1.8069 -0.1774 0.9449, 1.7505 -0.2507 0.9449, 1.1577 0.0915 0.9449, 0.8484 0.9841 0.9449, 1.1457 -0.0002 0.9449, 1.1577 -0.0919 0.9449, 1.3425 0.8793 0.9449, 1.1894 0.9191 0.9449, 1.4083 0.3421 0.9449, 1.8069 0.177 0.9449, 1.8423 0.0915 0.9449, 1.8543 -0.0002 0.9449, 1.8423 -0.0919 0.9449, 1.1931 0.177 0.9449, 1.2495 0.2504 0.9449, 1.3228 0.3067 0.9449, 1.0453 0.9841 0.9449, 1.5 0.8659 0.9449, 1.5 0.3541 0.9449, 1.6575 0.8793 0.9449, 1.5917 0.3421 0.9449, 1.8106 0.9191 0.9449, 1.9547 0.9841 0.9449, 1.6772 0.3067 0.9449, 1.7505 0.2504 0.9449, 0.8484 -0.512 0.315, 1.1437 -1.1813 0.315, 0.957 -1.1813 0.315, 0.8484 -1.3781 0.315, 0.8484 -0.9844 0.315, 1.1437 -0.9844 0.315, 2.1516 -1.3781 0.315, 2.043 -1.1813 0.315, 1.8563 -1.1813 0.315, 1.8563 -0.9844 0.315, 1.1577 0.0915 1.1811, 1.1931 0.177 1.1811, 1.2495 0.2504 1.1811, 1.3228 0.3067 1.1811, 1.4083 0.3421 1.1811, 1.5 0.3541 1.1811, 1.5917 0.3421 1.1811, 1.6772 0.3067 1.1811, 1.7505 0.2504 1.1811, 1.8069 0.177 1.1811, 1.8423 0.0915 1.1811, 1.8543 -0.0002 1.1811, 1.8423 -0.0919 1.1811, 1.8069 -0.1774 1.1811, 1.7505 -0.2507 1.1811, 1.6772 -0.3071 1.1811, 1.5917 -0.3425 1.1811, 1.5 -0.3545 1.1811, 1.4083 -0.3425 1.1811, 1.3228 -0.3071 1.1811, 1.2495 -0.2507 1.1811, 1.1931 -0.1774 1.1811, 1.1577 -0.0919 1.1811, 1.1457 -0.0002 1.1811, -1.185 1.0234 0.1181, -0.9469 1.0234 0.1181, -1.185 -0.3152 0.1181, -0.9469 -0.4333 0.1181, -1.815 -0.3152 0.1181, -2.0531 -0.4333 0.1181, -1.815 1.0234 0.1181, -2.0531 1.0234 0.1181, -2.0531 1.0234 1.1811, -0.9469 1.0234 1.1811, -0.8484 -0.512 0.315, -0.8484 -0.9844 0.315, -0.8484 -0.512 0.9449, -0.8484 0.9841 0.9449, -2.1516 -0.512 0.9449, -2.1516 -0.4333 0.9449, -2.1516 -0.4333 2.8346, -2.1516 0.0392 0.9449, -2.1516 0.9841 0.9449, -2.1516 0.0392 2.8346, -2.1516 -0.9844 0.315, -2.1516 -0.512 0.315, -1.8563 -1.1813 0.315, -2.043 -1.1813 0.315, -2.1516 -1.3781 0.315, -1.8563 -0.9844 0.315, -0.8484 -1.3781 0.315, -0.957 -1.1813 0.315, -1.1437 -1.1813 0.315, -1.1437 -0.9844 0.315, 2.4075 -1.0238 3.5236, 2.4075 -0.9254 3.4252, 2.4075 -0.2955 3.4252, 2.4075 -1.0106 3.4744, 2.4075 -0.995 3.454, 2.4075 -1.0205 3.4982, 2.4075 -0.9746 3.4384, 2.4075 -0.9509 3.4286, 2.4075 -0.2921 2.9076, 2.4075 -0.2823 2.8839, 2.4075 -0.0986 2.9331, 2.4075 -0.2666 2.8635, 2.4075 -0.2463 2.8478, 2.4075 -0.2225 2.838, 2.4075 -0.1274 2.8635, 2.4075 -0.1118 2.8839, 2.4075 -0.1478 2.8478, 2.4075 -0.1716 2.838, 2.4075 -0.197 2.8346, 2.4075 -0.102 2.9076, 2.4075 0.5568 3.4286, 2.4075 0.6297 3.5236, 2.4075 0.5313 3.4252, 2.4075 -0.0986 3.4252, 2.4075 -0.2955 2.9331, 2.4075 0.5805 3.4384, 2.4075 0.6009 3.454, 2.4075 0.6264 3.4982, 2.4075 0.6165 3.4744, -1.9547 0.9841 0.9449, -1.0453 0.9841 0.9449, -1.1894 0.9191 0.9449, -1.3425 0.8793 0.9449, -1.5 0.8659 0.9449, -1.6575 0.8793 0.9449, -1.8106 0.9191 0.9449, -1.1457 -0.0002 0.9449, -1.1577 -0.0919 0.9449, -1.1931 -0.1774 0.9449, -1.2495 -0.2507 0.9449, -1.3228 -0.3071 0.9449, -1.5917 -0.3425 0.9449, -1.5 -0.3545 0.9449, -1.4083 -0.3425 0.9449, -1.6772 -0.3071 0.9449, -1.7505 -0.2507 0.9449, -1.8423 0.0915 0.9449, -1.8069 0.177 0.9449, -1.7505 0.2504 0.9449, -1.6772 0.3067 0.9449, -1.5917 0.3421 0.9449, -1.5 0.3541 0.9449, -1.8069 -0.1774 0.9449, -1.8423 -0.0919 0.9449, -1.8543 -0.0002 0.9449, -1.4083 0.3421 0.9449, -1.1577 0.0915 0.9449, -1.1931 0.177 0.9449, -1.3228 0.3067 0.9449, -1.2495 0.2504 0.9449, -1.8423 0.0915 1.1811, -1.8069 0.177 1.1811, -1.7505 0.2504 1.1811, -1.6772 0.3067 1.1811, -1.5917 0.3421 1.1811, -1.5 0.3541 1.1811, -1.4083 0.3421 1.1811, -1.3228 0.3067 1.1811, -1.2495 0.2504 1.1811, -1.1931 0.177 1.1811, -1.1577 0.0915 1.1811, -1.1457 -0.0002 1.1811, -1.1577 -0.0919 1.1811, -1.1931 -0.1774 1.1811, -1.2495 -0.2507 1.1811, -1.3228 -0.3071 1.1811, -1.4083 -0.3425 1.1811, -1.5 -0.3545 1.1811, -1.5917 -0.3425 1.1811, -1.6772 -0.3071 1.1811, -1.7505 -0.2507 1.1811, -1.8069 -0.1774 1.1811, -1.8423 -0.0919 1.1811, -1.8543 -0.0002 1.1811, -1.3819 0.1573 0.315, -1.3717 0.1559 0.3048, -1.3622 0.152 0.2953, -1.3455 -0.1334 0.2786, -1.3439 -0.1285 0.2769, -1.3429 -0.1234 0.2759, -1.3425 -0.1183 0.2756, -1.3425 0.1179 0.2756, -1.3429 0.1231 0.2759, -1.3439 0.1281 0.2769, -1.3455 0.133 0.2786, -1.3478 0.1376 0.2809, -1.3541 -0.1461 0.2871, -1.3507 -0.1423 0.2837, -1.3478 -0.138 0.2809, -1.3507 0.1419 0.2837, -1.3541 0.1458 0.2871, -1.6332 -0.1547 0.2786, -1.6283 -0.1563 0.2769, -1.3768 -0.1573 0.2759, -1.3717 -0.1563 0.2769, -1.3668 -0.1547 0.2786, -1.6459 -0.1461 0.2871, -1.6421 -0.1495 0.2837, -1.6378 -0.1524 0.2809, -1.6232 -0.1573 0.2759, -1.6181 -0.1577 0.2756, -1.3819 -0.1577 0.2756, -1.3622 -0.1524 0.2809, -1.3579 -0.1495 0.2837, -1.6181 0.1573 0.315, -1.6283 0.1559 0.3048, -1.6378 0.152 0.2953, -1.6459 0.1458 0.2871, -1.6575 -0.1183 0.2756, -1.6571 -0.1234 0.2759, -1.6561 -0.1285 0.2769, -1.6545 -0.1334 0.2786, -1.6545 0.133 0.2786, -1.6561 0.1281 0.2769, -1.6571 0.1231 0.2759, -1.6575 0.1179 0.2756, -1.6522 -0.138 0.2809, -1.6493 -0.1423 0.2837, -1.6493 0.1419 0.2837, -1.6522 0.1376 0.2809, -0.3543 -0.0002 1.1811, -0.3423 0.0915 1.1811, -0.3069 0.177 1.1811, -0.2505 0.2504 1.1811, -0.1772 0.3067 1.1811, -0.0917 0.3421 1.1811, 0.0 0.3541 1.1811, 0.0917 0.3421 1.1811, 0.1772 0.3067 1.1811, 0.2505 0.2504 1.1811, 0.3069 0.177 1.1811, 0.3423 0.0915 1.1811, 0.3543 -0.0002 1.1811, 0.3423 -0.0919 1.1811, 0.3069 -0.1774 1.1811, 0.2505 -0.2507 1.1811, 0.1772 -0.3071 1.1811, 0.0917 -0.3425 1.1811, 0.0 -0.3545 1.1811, -0.0917 -0.3425 1.1811, -0.1772 -0.3071 1.1811, -0.2505 -0.2507 1.1811, -0.3069 -0.1774 1.1811, -0.3423 -0.0919 1.1811, -0.3543 -0.0002 0.9449, -0.3423 0.0915 0.9449, -0.3069 0.177 0.9449, -0.2505 0.2504 0.9449, -0.1772 0.3067 0.9449, -0.0917 0.3421 0.9449, 0.0 0.3541 0.9449, 0.0917 0.3421 0.9449, 0.1772 0.3067 0.9449, 0.2505 0.2504 0.9449, 0.3069 0.177 0.9449, 0.3423 0.0915 0.9449, 0.3543 -0.0002 0.9449, 0.3423 -0.0919 0.9449, 0.3069 -0.1774 0.9449, 0.2505 -0.2507 0.9449, 0.1772 -0.3071 0.9449, 0.0917 -0.3425 0.9449, 0.0 -0.3545 0.9449, -0.0917 -0.3425 0.9449, -0.1772 -0.3071 0.9449, -0.2505 -0.2507 0.9449, -0.3069 -0.1774 0.9449, -0.3423 -0.0919 0.9449, 0.6516 0.9841 0.9449, 0.4547 0.9841 0.9449, 0.3106 0.9191 0.9449, 0.1575 0.8793 0.9449, 0.0 0.8659 0.9449, -0.1575 0.8793 0.9449, -0.3106 0.9191 0.9449, -0.4547 0.9841 0.9449, -0.6516 0.9841 0.9449, 0.6516 -0.9844 0.315, 0.3563 -0.9844 0.315, 0.3563 -1.1813 0.315, 0.543 -1.1813 0.315, 0.6516 -1.3781 0.315, -0.6516 -1.3781 0.315, -0.543 -1.1813 0.315, -0.3563 -1.1813 0.315, -0.3563 -0.9844 0.315, -0.6516 -0.9844 0.315, -0.6516 -0.512 0.315, -0.6516 -0.512 0.9449, 0.6516 -0.512 0.315, 0.6516 -0.512 0.9449, 0.1181 0.1573 0.315, 0.1283 0.1559 0.3048, 0.1378 0.152 0.2953, 0.1545 -0.1334 0.2786, 0.1561 -0.1285 0.2769, 0.1571 -0.1234 0.2759, 0.1575 -0.1183 0.2756, 0.1575 0.1179 0.2756, 0.1571 0.1231 0.2759, 0.1561 0.1281 0.2769, 0.1545 0.133 0.2786, 0.1522 0.1376 0.2809, 0.1459 -0.1461 0.2871, 0.1493 -0.1423 0.2837, 0.1522 -0.138 0.2809, 0.1493 0.1419 0.2837, 0.1459 0.1458 0.2871, -0.1332 -0.1547 0.2786, -0.1283 -0.1563 0.2769, 0.1232 -0.1573 0.2759, 0.1283 -0.1563 0.2769, 0.1332 -0.1547 0.2786, -0.1459 -0.1461 0.2871, -0.1421 -0.1495 0.2837, -0.1378 -0.1524 0.2809, -0.1232 -0.1573 0.2759, -0.1181 -0.1577 0.2756, 0.1181 -0.1577 0.2756, 0.1378 -0.1524 0.2809, 0.1421 -0.1495 0.2837, -0.1181 0.1573 0.315, -0.1283 0.1559 0.3048, -0.1378 0.152 0.2953, -0.1459 0.1458 0.2871, -0.1575 -0.1183 0.2756, -0.1571 -0.1234 0.2759, -0.1561 -0.1285 0.2769, -0.1545 -0.1334 0.2786, -0.1545 0.133 0.2786, -0.1561 0.1281 0.2769, -0.1571 0.1231 0.2759, -0.1575 0.1179 0.2756, -0.1522 -0.138 0.2809, -0.1493 -0.1423 0.2837, -0.1493 0.1419 0.2837, -0.1522 0.1376 0.2809, 1.6181 0.1573 0.315, 1.6283 0.1559 0.3048, 1.6378 0.152 0.2953, 1.6545 -0.1334 0.2786, 1.6561 -0.1285 0.2769, 1.6571 -0.1234 0.2759, 1.6575 -0.1183 0.2756, 1.6575 0.1179 0.2756, 1.6571 0.1231 0.2759, 1.6561 0.1281 0.2769, 1.6545 0.133 0.2786, 1.6522 0.1376 0.2809, 1.6459 -0.1461 0.2871, 1.6493 -0.1423 0.2837, 1.6522 -0.138 0.2809, 1.6493 0.1419 0.2837, 1.6459 0.1458 0.2871, 1.3668 -0.1547 0.2786, 1.3717 -0.1563 0.2769, 1.6232 -0.1573 0.2759, 1.6283 -0.1563 0.2769, 1.6332 -0.1547 0.2786, 1.3541 -0.1461 0.2871, 1.3579 -0.1495 0.2837, 1.3622 -0.1524 0.2809, 1.3768 -0.1573 0.2759, 1.3819 -0.1577 0.2756, 1.6181 -0.1577 0.2756, 1.6378 -0.1524 0.2809, 1.6421 -0.1495 0.2837, 1.3819 0.1573 0.315, 1.3717 0.1559 0.3048, 1.3622 0.152 0.2953, 1.3541 0.1458 0.2871, 1.3455 0.133 0.2786, 1.3439 0.1281 0.2769, 1.3429 0.1231 0.2759, 1.3425 0.1179 0.2756, 1.3425 -0.1183 0.2756, 1.3429 -0.1234 0.2759, 1.3439 -0.1285 0.2769, 1.3455 -0.1334 0.2786, 1.3507 0.1419 0.2837, 1.3478 0.1376 0.2809, 1.3478 -0.138 0.2809, 1.3507 -0.1423 0.2837
            ]
        }
        coordIndex [
            0,1,2,-1,3,4,5,-1,6,7,8,-1,9,10,11,-1,12,13,14,-1,15,16,17,-1,18,19,20,-1,21,22,23,-1,24,25,26,-1,27,28,29,-1,30,31,32,-1,32,31,33,-1,32,33,34,-1,35,36,37,-1,37,36,38,-1,37,38,32,-1,32,38,39,-1,32,39,30,-1,29,28,40,-1,40,28,41,-1,40,41,42,-1,42,41,43,-1,42,43,35,-1,44,45,29,-1,29,45,46,-1,29,46,27,-1,47,48,44,-1,48,49,44,-1,44,49,50,-1,44,50,45,-1,45,50,51,-1,45,51,52,-1,52,51,53,-1,52,53,54,-1,55,56,57,-1,57,58,55,-1,55,58,59,-1,55,59,44,-1,44,59,60,-1,44,60,47,-1,61,62,63,-1,63,62,64,-1,63,64,56,-1,56,64,65,-1,56,65,57,-1,61,66,67,-1,67,66,68,-1,69,70,71,-1,69,71,72,-1,73,74,75,-1,75,74,76,-1,75,76,77,-1,78,79,67,-1,67,79,80,-1,70,81,71,-1,71,81,82,-1,71,82,83,-1,84,85,86,-1,86,85,87,-1,88,89,90,-1,90,89,91,-1,92,93,75,-1,94,95,61,-1,61,95,96,-1,61,96,62,-1,97,98,71,-1,71,98,99,-1,71,99,100,-1,101,102,103,-1,103,102,104,-1,103,104,71,-1,71,104,105,-1,71,105,72,-1,77,106,75,-1,75,106,107,-1,75,107,108,-1,93,109,75,-1,75,109,110,-1,75,110,67,-1,67,110,111,-1,67,111,78,-1,87,112,86,-1,86,112,113,-1,86,113,114,-1,114,113,101,-1,114,101,115,-1,115,101,103,-1,92,75,116,-1,116,75,108,-1,116,108,86,-1,86,108,117,-1,86,117,84,-1,80,118,67,-1,67,118,119,-1,67,119,120,-1,83,121,71,-1,71,121,122,-1,71,122,123,-1,120,124,67,-1,67,124,125,-1,67,125,61,-1,61,125,126,-1,61,126,94,-1,123,127,71,-1,71,127,128,-1,71,128,97,-1,99,129,100,-1,100,129,130,-1,100,130,131,-1,131,130,132,-1,133,26,134,-1,134,26,135,-1,134,135,136,-1,136,135,137,-1,132,138,131,-1,131,138,139,-1,131,139,135,-1,135,139,140,-1,135,140,137,-1,24,141,25,-1,25,141,142,-1,25,142,143,-1,144,145,146,-1,146,145,147,-1,146,147,133,-1,133,147,148,-1,133,148,26,-1,26,148,149,-1,26,149,24,-1,150,151,146,-1,146,151,152,-1,146,152,144,-1,150,153,151,-1,151,153,154,-1,151,154,155,-1,156,157,158,-1,158,137,156,-1,156,137,140,-1,156,140,159,-1,159,140,160,-1,160,161,159,-1,159,161,162,-1,159,162,163,-1,164,165,166,-1,164,166,167,-1,168,166,169,-1,157,156,168,-1,168,156,170,-1,168,170,166,-1,166,170,171,-1,166,171,167,-1,165,172,166,-1,166,172,173,-1,166,173,174,-1,174,173,175,-1,169,176,168,-1,168,176,177,-1,168,177,178,-1,179,180,175,-1,175,180,181,-1,175,181,174,-1,182,183,178,-1,178,183,184,-1,178,184,168,-1,185,186,88,-1,88,186,187,-1,88,187,89,-1,34,188,32,-1,32,188,189,-1,32,189,190,-1,190,189,191,-1,190,191,21,-1,192,193,194,-1,194,193,195,-1,196,197,198,-1,198,197,199,-1,198,199,200,-1,18,201,202,-1,202,201,198,-1,202,198,203,-1,203,198,200,-1,192,204,193,-1,193,204,205,-1,193,205,206,-1,206,207,193,-1,193,207,208,-1,193,208,198,-1,198,208,209,-1,198,209,196,-1,20,19,210,-1,19,211,210,-1,210,211,212,-1,210,212,213,-1,213,212,195,-1,214,215,216,-1,217,218,20,-1,20,218,215,-1,20,215,219,-1,216,215,220,-1,220,215,218,-1,220,218,221,-1,216,222,214,-1,214,222,223,-1,214,223,224,-1,218,225,221,-1,221,225,226,-1,221,226,227,-1,217,20,228,-1,228,20,210,-1,228,210,229,-1,230,231,229,-1,229,231,232,-1,229,232,228,-1,233,234,235,-1,236,237,238,-1,15,17,239,-1,18,20,201,-1,201,20,219,-1,201,219,240,-1,240,219,241,-1,240,241,238,-1,242,243,234,-1,234,243,244,-1,234,244,235,-1,245,246,247,-1,247,246,248,-1,247,248,17,-1,17,248,249,-1,17,249,239,-1,250,251,252,-1,253,254,255,-1,255,254,250,-1,256,257,252,-1,252,257,258,-1,252,258,259,-1,260,261,262,-1,262,261,263,-1,262,263,251,-1,251,263,264,-1,264,265,251,-1,251,265,266,-1,251,266,252,-1,252,266,267,-1,252,267,256,-1,268,269,270,-1,270,269,271,-1,270,271,272,-1,258,273,259,-1,259,273,274,-1,259,274,275,-1,275,276,259,-1,259,276,277,-1,259,277,278,-1,278,277,279,-1,278,279,280,-1,253,281,272,-1,272,281,278,-1,272,278,270,-1,270,278,280,-1,282,283,253,-1,253,283,284,-1,253,284,254,-1,272,285,253,-1,253,285,286,-1,253,286,287,-1,287,288,253,-1,253,288,289,-1,253,289,282,-1,290,291,292,-1,292,291,293,-1,292,293,294,-1,292,295,290,-1,290,295,296,-1,290,296,297,-1,297,298,290,-1,290,298,299,-1,290,299,300,-1,300,299,301,-1,300,301,302,-1,302,301,303,-1,302,303,270,-1,270,303,304,-1,270,304,268,-1,305,306,294,-1,294,306,307,-1,294,307,292,-1,308,309,260,-1,260,309,310,-1,260,310,261,-1,308,311,309,-1,309,311,312,-1,309,312,313,-1,313,312,314,-1,313,315,316,-1,314,317,313,-1,313,317,318,-1,313,318,319,-1,319,320,313,-1,313,320,321,-1,313,321,315,-1,316,322,313,-1,313,322,323,-1,313,323,324,-1,325,326,12,-1,12,326,327,-1,328,329,330,-1,331,332,333,-1,333,332,334,-1,333,334,335,-1,334,336,335,-1,335,336,337,-1,335,337,338,-1,339,337,340,-1,340,337,336,-1,340,336,341,-1,341,336,334,-1,341,334,342,-1,342,334,343,-1,342,343,13,-1,344,345,346,-1,347,348,349,-1,349,348,346,-1,349,346,350,-1,350,346,345,-1,350,345,351,-1,352,353,354,-1,354,353,355,-1,346,356,344,-1,344,356,357,-1,344,357,358,-1,359,360,361,-1,352,354,351,-1,351,354,362,-1,351,362,350,-1,350,362,363,-1,350,363,361,-1,361,363,364,-1,361,364,359,-1,365,366,347,-1,347,366,367,-1,347,367,348,-1,368,369,370,-1,370,369,371,-1,370,371,372,-1,372,373,374,-1,374,373,375,-1,368,376,377,-1,377,376,37,-1,377,37,378,-1,378,37,32,-1,378,32,375,-1,375,32,190,-1,375,190,374,-1,379,380,381,-1,381,380,382,-1,381,382,383,-1,383,382,384,-1,385,386,387,-1,388,389,390,-1,387,391,385,-1,385,391,392,-1,385,392,393,-1,390,392,388,-1,388,392,391,-1,388,391,394,-1,394,391,383,-1,394,383,395,-1,395,383,384,-1,395,384,396,-1,396,384,193,-1,396,193,393,-1,393,193,198,-1,393,198,385,-1,397,398,399,-1,399,400,401,-1,402,403,404,-1,75,405,398,-1,406,407,401,-1,401,407,408,-1,401,408,399,-1,399,408,402,-1,399,402,397,-1,397,402,404,-1,398,409,75,-1,75,409,90,-1,75,90,73,-1,73,90,91,-1,10,9,365,-1,365,9,410,-1,365,410,411,-1,412,413,414,-1,414,413,415,-1,414,415,416,-1,416,415,417,-1,416,417,411,-1,411,417,360,-1,411,360,365,-1,365,360,359,-1,365,359,366,-1,418,419,420,-1,414,421,422,-1,423,424,425,-1,425,424,426,-1,419,427,420,-1,420,427,426,-1,420,426,428,-1,428,426,424,-1,418,420,414,-1,414,420,429,-1,414,429,430,-1,422,431,414,-1,414,431,432,-1,414,432,412,-1,430,433,414,-1,414,433,434,-1,414,434,421,-1,435,436,437,-1,437,436,11,-1,438,439,8,-1,8,439,440,-1,440,441,8,-1,8,441,442,-1,8,442,6,-1,438,8,443,-1,443,8,370,-1,443,370,444,-1,372,374,370,-1,370,374,445,-1,370,445,444,-1,446,447,448,-1,448,447,449,-1,448,449,450,-1,450,451,448,-1,448,451,452,-1,448,452,374,-1,374,452,453,-1,374,453,445,-1,4,454,455,-1,455,454,456,-1,455,456,457,-1,417,458,360,-1,360,458,459,-1,360,459,5,-1,5,459,460,-1,5,460,3,-1,461,462,463,-1,463,462,400,-1,461,464,465,-1,465,464,23,-1,465,23,466,-1,409,467,90,-1,90,467,466,-1,90,466,88,-1,88,466,23,-1,88,23,185,-1,185,23,22,-1,245,278,468,-1,235,246,233,-1,233,246,245,-1,233,245,469,-1,469,245,468,-1,241,17,238,-1,238,17,16,-1,238,16,236,-1,236,16,281,-1,16,470,281,-1,281,470,471,-1,281,471,472,-1,472,473,281,-1,281,473,474,-1,281,474,278,-1,278,474,475,-1,278,475,468,-1,468,475,476,-1,468,476,477,-1,477,478,468,-1,468,478,479,-1,468,479,480,-1,480,481,468,-1,468,481,482,-1,468,482,2,-1,2,482,483,-1,2,483,0,-1,195,193,213,-1,213,193,384,-1,213,384,484,-1,484,384,382,-1,484,382,485,-1,13,343,14,-1,14,343,486,-1,14,486,487,-1,487,486,488,-1,487,488,489,-1,12,14,325,-1,325,14,487,-1,325,487,490,-1,490,487,489,-1,490,489,491,-1,492,493,328,-1,494,495,496,-1,496,495,497,-1,493,498,328,-1,328,498,499,-1,328,499,500,-1,349,501,496,-1,496,501,502,-1,496,502,503,-1,500,504,328,-1,328,504,505,-1,328,505,350,-1,350,505,506,-1,350,506,349,-1,349,506,507,-1,349,507,501,-1,503,508,496,-1,496,508,509,-1,496,509,494,-1,327,326,330,-1,330,326,496,-1,330,496,328,-1,328,496,497,-1,328,497,492,-1,4,455,5,-1,5,455,510,-1,5,510,360,-1,360,510,511,-1,360,511,361,-1,361,511,512,-1,361,512,350,-1,350,512,332,-1,350,332,328,-1,328,332,331,-1,328,331,329,-1,11,10,437,-1,437,10,365,-1,437,365,513,-1,513,365,347,-1,513,347,514,-1,514,347,349,-1,514,349,515,-1,515,349,496,-1,515,496,516,-1,516,496,326,-1,516,326,517,-1,517,326,325,-1,517,325,518,-1,518,325,490,-1,518,490,519,-1,519,490,491,-1,519,491,520,-1,521,522,523,-1,524,525,526,-1,525,527,526,-1,526,527,528,-1,526,528,529,-1,529,252,530,-1,530,252,531,-1,532,533,534,-1,535,536,526,-1,526,536,537,-1,526,537,524,-1,522,538,523,-1,523,538,539,-1,523,539,540,-1,540,539,534,-1,540,534,541,-1,541,534,533,-1,542,543,252,-1,252,543,544,-1,544,545,252,-1,252,545,546,-1,252,546,547,-1,548,549,542,-1,542,549,550,-1,542,550,543,-1,547,551,252,-1,252,551,552,-1,252,552,531,-1,553,554,534,-1,534,554,555,-1,534,555,556,-1,250,252,255,-1,255,252,529,-1,255,529,557,-1,557,529,528,-1,557,528,558,-1,558,559,557,-1,557,559,560,-1,557,560,561,-1,561,562,557,-1,557,562,563,-1,557,563,564,-1,548,542,523,-1,523,542,565,-1,523,565,521,-1,556,566,534,-1,534,566,567,-1,534,567,532,-1,405,568,398,-1,398,568,569,-1,398,569,399,-1,399,569,557,-1,399,557,542,-1,542,557,564,-1,542,564,565,-1,400,399,463,-1,463,399,542,-1,463,542,570,-1,570,542,252,-1,570,252,571,-1,571,252,259,-1,571,259,572,-1,572,259,278,-1,572,278,573,-1,573,278,245,-1,573,245,230,-1,230,245,247,-1,230,247,231,-1,461,463,464,-1,464,463,570,-1,464,570,457,-1,457,570,571,-1,457,571,455,-1,455,571,572,-1,455,572,510,-1,510,572,573,-1,510,573,511,-1,511,573,230,-1,511,230,512,-1,512,230,229,-1,512,229,332,-1,332,229,210,-1,332,210,334,-1,334,210,213,-1,334,213,343,-1,343,213,484,-1,343,484,486,-1,486,484,485,-1,486,485,488,-1,368,370,376,-1,376,370,8,-1,376,8,574,-1,574,8,7,-1,574,7,437,-1,437,7,575,-1,437,575,435,-1,21,23,190,-1,190,23,464,-1,190,464,374,-1,374,464,457,-1,374,457,448,-1,448,457,456,-1,448,456,446,-1,35,37,42,-1,42,37,376,-1,42,376,576,-1,576,376,574,-1,576,574,577,-1,577,574,437,-1,577,437,578,-1,578,437,513,-1,578,513,579,-1,579,513,514,-1,579,514,580,-1,580,514,515,-1,580,515,581,-1,581,515,516,-1,581,516,582,-1,582,516,517,-1,582,517,583,-1,583,517,518,-1,583,518,584,-1,584,518,519,-1,584,519,585,-1,585,519,520,-1,585,520,586,-1,66,587,68,-1,68,587,588,-1,68,588,589,-1,590,387,386,-1,591,592,593,-1,593,592,594,-1,595,380,596,-1,596,380,379,-1,596,379,597,-1,594,598,599,-1,237,236,600,-1,601,602,594,-1,386,601,590,-1,590,601,594,-1,590,594,597,-1,597,594,599,-1,597,599,596,-1,236,281,600,-1,600,281,253,-1,600,253,255,-1,588,593,589,-1,589,593,594,-1,589,594,600,-1,600,594,602,-1,600,602,237,-1,255,557,600,-1,600,557,569,-1,600,569,568,-1,603,604,605,-1,605,604,606,-1,605,606,607,-1,607,606,608,-1,609,610,611,-1,611,610,607,-1,611,607,612,-1,612,607,608,-1,613,614,615,-1,616,617,613,-1,618,613,619,-1,619,613,620,-1,621,622,40,-1,40,622,623,-1,40,623,29,-1,587,66,613,-1,613,66,61,-1,613,61,614,-1,617,624,613,-1,613,624,625,-1,613,625,620,-1,626,616,627,-1,627,616,613,-1,627,613,628,-1,628,613,615,-1,61,63,614,-1,614,63,56,-1,614,56,55,-1,623,629,29,-1,29,629,614,-1,29,614,44,-1,44,614,55,-1,592,591,630,-1,631,632,633,-1,634,591,635,-1,636,637,635,-1,635,637,638,-1,635,638,634,-1,634,638,639,-1,634,639,633,-1,633,639,640,-1,633,640,631,-1,591,634,630,-1,630,634,641,-1,630,641,642,-1,618,643,635,-1,635,643,644,-1,635,644,645,-1,645,646,635,-1,635,646,647,-1,635,647,648,-1,642,649,630,-1,630,649,650,-1,630,650,651,-1,652,653,651,-1,651,653,654,-1,651,654,630,-1,648,655,635,-1,635,655,656,-1,635,656,636,-1,657,658,659,-1,659,658,660,-1,630,661,592,-1,592,661,660,-1,592,660,662,-1,662,660,658,-1,663,664,630,-1,630,664,661,-1,665,666,633,-1,633,666,634,-1,661,664,667,-1,661,667,660,-1,660,667,668,-1,660,668,659,-1,659,668,669,-1,659,669,657,-1,657,669,670,-1,657,670,658,-1,658,670,671,-1,658,671,662,-1,662,671,594,-1,662,594,592,-1,663,630,654,-1,663,654,672,-1,672,654,653,-1,672,653,673,-1,673,653,652,-1,673,652,674,-1,674,652,651,-1,674,651,675,-1,675,651,650,-1,675,650,676,-1,676,650,649,-1,676,649,677,-1,677,649,642,-1,677,642,678,-1,641,679,642,-1,642,679,678,-1,634,666,641,-1,641,666,679,-1,678,679,666,-1,667,664,594,-1,594,664,663,-1,594,663,598,-1,680,681,682,-1,682,681,683,-1,684,685,665,-1,665,685,686,-1,665,686,666,-1,666,686,687,-1,666,687,688,-1,677,678,663,-1,663,678,666,-1,663,666,598,-1,598,666,688,-1,598,688,681,-1,681,688,689,-1,674,675,673,-1,673,675,672,-1,672,675,663,-1,663,675,676,-1,663,676,677,-1,690,691,681,-1,691,692,681,-1,681,692,693,-1,681,693,683,-1,594,671,667,-1,667,671,670,-1,667,670,668,-1,668,670,669,-1,694,690,695,-1,695,690,681,-1,695,681,696,-1,696,681,689,-1,697,584,585,-1,698,699,684,-1,700,701,607,-1,607,701,702,-1,703,704,632,-1,632,704,621,-1,698,684,705,-1,706,707,708,-1,708,707,709,-1,708,709,710,-1,632,711,633,-1,633,711,712,-1,633,712,713,-1,713,712,714,-1,715,716,717,-1,718,719,720,-1,720,719,721,-1,720,721,712,-1,722,723,724,-1,725,726,727,-1,727,726,728,-1,729,730,726,-1,726,730,731,-1,726,731,728,-1,713,725,633,-1,633,725,727,-1,633,727,665,-1,665,727,710,-1,665,710,684,-1,684,710,709,-1,684,709,705,-1,705,709,732,-1,705,732,586,-1,586,732,733,-1,586,733,585,-1,585,733,734,-1,734,735,585,-1,585,735,736,-1,585,736,737,-1,717,714,715,-1,715,714,712,-1,715,712,738,-1,738,712,721,-1,738,721,739,-1,737,740,585,-1,585,740,741,-1,585,741,697,-1,739,576,577,-1,577,578,739,-1,739,578,579,-1,739,579,738,-1,576,739,42,-1,42,739,742,-1,42,742,743,-1,744,745,584,-1,743,746,42,-1,42,746,747,-1,42,747,748,-1,724,728,722,-1,722,728,731,-1,722,731,697,-1,697,731,749,-1,697,749,584,-1,584,749,750,-1,584,750,744,-1,748,751,42,-1,42,751,752,-1,42,752,40,-1,40,752,605,-1,40,605,621,-1,621,605,607,-1,621,607,632,-1,632,607,702,-1,632,702,711,-1,579,580,738,-1,738,580,581,-1,738,581,753,-1,753,581,582,-1,753,582,754,-1,754,582,583,-1,754,583,755,-1,755,583,584,-1,755,584,756,-1,756,584,745,-1,757,699,758,-1,759,699,760,-1,760,699,698,-1,761,762,760,-1,760,762,763,-1,760,763,759,-1,761,760,764,-1,764,760,765,-1,764,765,766,-1,767,768,769,-1,768,770,769,-1,769,770,771,-1,769,771,772,-1,758,699,773,-1,773,699,759,-1,773,759,769,-1,769,759,774,-1,769,774,767,-1,775,776,777,-1,777,776,778,-1,772,779,769,-1,769,779,778,-1,769,778,780,-1,780,778,776,-1,758,781,757,-1,757,781,782,-1,757,782,783,-1,783,782,784,-1,783,784,785,-1,786,787,788,-1,788,787,789,-1,788,789,790,-1,791,792,793,-1,793,792,794,-1,793,794,795,-1,796,797,798,-1,786,788,799,-1,799,788,800,-1,799,800,791,-1,791,800,801,-1,791,801,792,-1,802,803,804,-1,804,803,805,-1,804,805,806,-1,806,805,807,-1,806,807,808,-1,794,809,795,-1,795,809,810,-1,795,810,811,-1,812,813,814,-1,814,813,815,-1,814,815,816,-1,816,815,817,-1,816,817,796,-1,796,817,818,-1,796,818,797,-1,807,819,808,-1,808,819,820,-1,808,820,821,-1,822,823,824,-1,824,823,825,-1,824,825,826,-1,826,825,827,-1,826,827,789,-1,789,827,828,-1,789,828,790,-1,814,829,812,-1,812,829,830,-1,812,830,811,-1,811,830,831,-1,811,831,795,-1,804,832,802,-1,802,832,833,-1,802,833,798,-1,798,833,834,-1,798,834,796,-1,824,835,822,-1,822,835,836,-1,822,836,821,-1,821,836,837,-1,821,837,808,-1,838,839,840,-1,840,839,841,-1,842,843,840,-1,840,843,838,-1,839,844,841,-1,841,844,845,-1,846,847,848,-1,848,847,849,-1,848,849,850,-1,851,852,853,-1,853,852,854,-1,853,854,855,-1,856,857,858,-1,859,860,861,-1,861,860,862,-1,861,862,863,-1,863,862,864,-1,863,864,856,-1,856,864,865,-1,856,865,857,-1,866,867,868,-1,868,867,869,-1,868,869,870,-1,870,869,871,-1,870,871,849,-1,849,871,872,-1,849,872,850,-1,854,873,855,-1,855,873,874,-1,855,874,875,-1,876,877,878,-1,878,877,879,-1,878,879,880,-1,880,879,881,-1,880,881,882,-1,846,848,883,-1,883,848,884,-1,883,884,851,-1,851,884,885,-1,851,885,852,-1,881,886,882,-1,882,886,887,-1,882,887,888,-1,878,889,876,-1,876,889,890,-1,876,890,875,-1,875,890,891,-1,875,891,855,-1,868,892,866,-1,866,892,893,-1,866,893,858,-1,858,893,894,-1,858,894,856,-1,861,895,859,-1,859,895,896,-1,859,896,888,-1,888,896,897,-1,888,897,882,-1,898,899,900,-1,900,899,901,-1,902,903,900,-1,900,903,898,-1,899,904,901,-1,901,904,905,-1,906,907,908,-1,908,907,909,-1,908,909,910,-1,911,912,913,-1,914,915,916,-1,916,915,917,-1,916,917,918,-1,919,920,921,-1,922,923,924,-1,924,923,925,-1,924,925,926,-1,926,925,927,-1,926,927,909,-1,909,927,928,-1,909,928,910,-1,929,930,931,-1,931,930,932,-1,931,932,933,-1,933,932,934,-1,933,934,919,-1,919,934,935,-1,919,935,920,-1,906,908,936,-1,936,908,937,-1,936,937,914,-1,914,937,938,-1,914,938,915,-1,917,939,918,-1,918,939,940,-1,918,940,941,-1,942,943,944,-1,944,943,945,-1,944,945,946,-1,946,945,947,-1,946,947,911,-1,911,947,948,-1,911,948,912,-1,931,949,929,-1,929,949,950,-1,929,950,913,-1,913,950,951,-1,913,951,911,-1,944,952,942,-1,942,952,953,-1,942,953,941,-1,941,953,954,-1,941,954,918,-1,924,955,922,-1,922,955,956,-1,922,956,921,-1,921,956,957,-1,921,957,919,-1,958,959,960,-1,960,959,961,-1,962,963,960,-1,960,963,958,-1,959,964,961,-1,961,964,965,-1,966,967,968,-1,968,967,969,-1,968,969,970,-1,970,969,971,-1,970,971,972,-1,972,971,973,-1,838,843,972,-1,966,844,967,-1,967,844,839,-1,972,973,838,-1,838,973,974,-1,838,974,839,-1,839,974,975,-1,839,975,967,-1,976,977,978,-1,978,977,979,-1,978,979,980,-1,980,979,981,-1,980,981,982,-1,982,981,983,-1,898,903,982,-1,976,904,977,-1,977,904,899,-1,982,983,898,-1,898,983,984,-1,898,984,899,-1,899,984,985,-1,899,985,977,-1,986,987,988,-1,988,987,611,-1,988,611,989,-1,989,611,990,-1,986,991,987,-1,987,991,992,-1,987,992,993,-1,612,994,611,-1,611,994,995,-1,611,995,990,-1,996,997,998,-1,998,997,987,-1,998,987,999,-1,999,987,993,-1,1000,1001,1002,-1,604,603,1003,-1,1003,1004,604,-1,604,1004,1005,-1,604,1005,612,-1,612,1005,1006,-1,612,1006,994,-1,996,1007,997,-1,997,1007,1008,-1,997,1008,1009,-1,1002,1001,1009,-1,1009,1001,1010,-1,1009,1010,997,-1,1000,1002,1011,-1,1011,1002,1012,-1,1011,1012,1013,-1,1013,1012,1014,-1,1013,1014,1015,-1,1015,1014,1016,-1,1016,1014,1017,-1,1016,1017,603,-1,603,1017,1018,-1,603,1018,1003,-1,611,987,609,-1,609,987,1019,-1,1020,1021,1022,-1,1019,1023,609,-1,609,1023,1024,-1,1025,1026,1027,-1,610,609,1028,-1,1028,609,1024,-1,1028,1024,1027,-1,1027,1024,1020,-1,1027,1020,1025,-1,1025,1020,1022,-1,1023,1019,987,-1,997,739,987,-1,987,739,721,-1,987,721,1023,-1,1024,1023,719,-1,719,1023,721,-1,1020,1024,718,-1,718,1024,719,-1,1021,1020,720,-1,720,1020,718,-1,1022,1021,712,-1,712,1021,720,-1,1025,1022,711,-1,711,1022,712,-1,1026,1025,702,-1,702,1025,711,-1,1027,1026,701,-1,701,1026,702,-1,1028,1027,700,-1,700,1027,701,-1,610,1028,607,-1,607,1028,700,-1,742,739,1010,-1,1010,739,997,-1,1016,752,751,-1,1016,751,1015,-1,1015,751,748,-1,1015,748,1013,-1,1013,748,747,-1,1013,747,1011,-1,1011,747,746,-1,1011,746,1000,-1,1000,746,743,-1,1000,743,1001,-1,1001,743,742,-1,1001,742,1010,-1,605,752,603,-1,603,752,1016,-1,998,1029,996,-1,996,1029,1030,-1,996,1030,1007,-1,1007,1030,1031,-1,1007,1031,1008,-1,1008,1031,1032,-1,1008,1032,1009,-1,1009,1032,1033,-1,1009,1033,1002,-1,1002,1033,1034,-1,1002,1034,1012,-1,1012,1034,1035,-1,1012,1035,1014,-1,1014,1035,1036,-1,1014,1036,1017,-1,1017,1036,1037,-1,1017,1037,1018,-1,1018,1037,1038,-1,1018,1038,1003,-1,1003,1038,1039,-1,1003,1039,1004,-1,1004,1039,1040,-1,1004,1040,1005,-1,1005,1040,1041,-1,1005,1041,1006,-1,1006,1041,1042,-1,1006,1042,994,-1,994,1042,1043,-1,994,1043,995,-1,995,1043,1044,-1,995,1044,990,-1,990,1044,1045,-1,990,1045,989,-1,989,1045,1046,-1,989,1046,988,-1,988,1046,1047,-1,988,1047,986,-1,986,1047,1048,-1,986,1048,991,-1,991,1048,1049,-1,991,1049,992,-1,992,1049,1050,-1,992,1050,993,-1,993,1050,1051,-1,993,1051,999,-1,999,1051,1052,-1,999,1052,998,-1,998,1052,1029,-1,1052,832,1029,-1,1029,832,804,-1,1029,804,1030,-1,1030,804,806,-1,1030,806,1031,-1,1031,806,808,-1,1031,808,1032,-1,1032,808,837,-1,1032,837,1033,-1,1033,837,836,-1,1033,836,1034,-1,1034,836,835,-1,1034,835,1035,-1,1035,835,824,-1,1035,824,1036,-1,1036,824,826,-1,1036,826,1037,-1,1037,826,789,-1,1037,789,1038,-1,1038,789,787,-1,1038,787,1039,-1,1039,787,786,-1,1039,786,1040,-1,1040,786,799,-1,1040,799,1041,-1,1041,799,791,-1,1041,791,1042,-1,1042,791,793,-1,1042,793,1043,-1,1043,793,795,-1,1043,795,1044,-1,1044,795,831,-1,1044,831,1045,-1,1045,831,830,-1,1045,830,1046,-1,1046,830,829,-1,1046,829,1047,-1,1047,829,814,-1,1047,814,1048,-1,1048,814,816,-1,1048,816,1049,-1,1049,816,796,-1,1049,796,1050,-1,1050,796,834,-1,1050,834,1051,-1,1051,834,833,-1,1051,833,1052,-1,1052,833,832,-1,1053,1054,1055,-1,1055,1054,1056,-1,1055,1056,1057,-1,1057,1056,1058,-1,1057,1058,1059,-1,1059,1058,1060,-1,958,963,1059,-1,1053,964,1054,-1,1054,964,959,-1,1059,1060,958,-1,958,1060,1061,-1,958,1061,959,-1,959,1061,1062,-1,959,1062,1054,-1,1063,1064,1065,-1,1065,1064,722,-1,1065,722,1066,-1,1066,722,697,-1,1067,1068,1069,-1,1070,1071,1072,-1,1072,1071,732,-1,1072,732,1069,-1,1069,732,709,-1,1069,709,1067,-1,1067,709,1073,-1,1067,1073,1074,-1,1075,1076,1077,-1,1074,1073,1063,-1,1063,1073,1078,-1,1079,1080,1081,-1,1064,1063,1082,-1,1082,1063,1078,-1,1082,1078,1081,-1,1081,1078,1075,-1,1081,1075,1079,-1,1079,1075,1077,-1,1083,1084,703,-1,703,1084,1085,-1,703,1085,704,-1,1086,1087,1088,-1,1088,1087,1089,-1,1088,1089,1083,-1,1083,1089,1090,-1,1083,1090,1084,-1,1091,1092,1093,-1,1092,1094,1093,-1,1093,1094,1095,-1,1093,1095,1096,-1,1097,1098,1099,-1,1099,1098,1100,-1,1096,1101,1093,-1,1093,1101,1100,-1,1093,1100,1102,-1,1102,1100,1098,-1,1103,1104,1105,-1,1105,1104,704,-1,1105,704,1106,-1,1106,704,1085,-1,1106,1085,1093,-1,1093,1085,1107,-1,1093,1107,1091,-1,1103,1108,1104,-1,1104,1108,1109,-1,1104,1109,1110,-1,1110,1109,1111,-1,733,732,1112,-1,1112,732,1071,-1,1113,741,740,-1,1113,740,1114,-1,1114,740,737,-1,1114,737,1115,-1,1115,737,736,-1,1115,736,1116,-1,1116,736,735,-1,1116,735,1117,-1,1117,735,734,-1,1117,734,1118,-1,1118,734,733,-1,1118,733,1112,-1,697,741,1066,-1,1066,741,1113,-1,1064,1082,722,-1,722,1082,723,-1,1082,1081,723,-1,723,1081,724,-1,1081,1080,724,-1,724,1080,728,-1,1080,1079,728,-1,728,1079,727,-1,1079,1077,727,-1,727,1077,710,-1,1077,1076,710,-1,710,1076,708,-1,1076,1075,708,-1,708,1075,706,-1,1075,1078,706,-1,706,1078,707,-1,1078,1073,707,-1,707,1073,709,-1,1065,1067,1063,-1,1063,1067,1074,-1,1065,1119,1120,-1,1120,1121,1065,-1,1065,1121,1122,-1,1065,1122,1123,-1,1124,1067,1125,-1,1125,1067,1065,-1,1125,1065,1126,-1,1126,1065,1123,-1,1124,1127,1067,-1,1067,1127,1128,-1,1067,1128,1068,-1,1071,1070,1129,-1,1129,1130,1071,-1,1071,1130,1131,-1,1071,1131,1132,-1,1133,1134,1116,-1,1128,1135,1068,-1,1068,1135,1136,-1,1068,1136,1070,-1,1070,1136,1137,-1,1070,1137,1129,-1,1116,1134,1115,-1,1115,1134,1138,-1,1115,1138,1114,-1,1119,1065,1139,-1,1139,1065,1066,-1,1139,1066,1140,-1,1116,1117,1133,-1,1133,1117,1118,-1,1133,1118,1132,-1,1132,1118,1112,-1,1132,1112,1071,-1,1114,1138,1113,-1,1113,1138,1141,-1,1113,1141,1066,-1,1066,1141,1142,-1,1066,1142,1140,-1,1137,1143,1129,-1,1129,1143,1144,-1,1129,1144,1130,-1,1130,1144,1145,-1,1130,1145,1131,-1,1131,1145,1146,-1,1131,1146,1132,-1,1132,1146,1147,-1,1132,1147,1133,-1,1133,1147,1148,-1,1133,1148,1134,-1,1134,1148,1149,-1,1134,1149,1138,-1,1138,1149,1150,-1,1138,1150,1141,-1,1141,1150,1151,-1,1141,1151,1142,-1,1142,1151,1152,-1,1142,1152,1140,-1,1140,1152,1153,-1,1140,1153,1139,-1,1139,1153,1154,-1,1139,1154,1119,-1,1119,1154,1155,-1,1119,1155,1120,-1,1120,1155,1156,-1,1120,1156,1121,-1,1121,1156,1157,-1,1121,1157,1122,-1,1122,1157,1158,-1,1122,1158,1123,-1,1123,1158,1159,-1,1123,1159,1126,-1,1126,1159,1160,-1,1126,1160,1125,-1,1125,1160,1161,-1,1125,1161,1124,-1,1124,1161,1162,-1,1124,1162,1127,-1,1127,1162,1163,-1,1127,1163,1128,-1,1128,1163,1164,-1,1128,1164,1135,-1,1135,1164,1165,-1,1135,1165,1136,-1,1136,1165,1166,-1,1136,1166,1137,-1,1137,1166,1143,-1,1166,949,1143,-1,1143,949,931,-1,1143,931,1144,-1,1144,931,933,-1,1144,933,1145,-1,1145,933,919,-1,1145,919,1146,-1,1146,919,957,-1,1146,957,1147,-1,1147,957,956,-1,1147,956,1148,-1,1148,956,955,-1,1148,955,1149,-1,1149,955,924,-1,1149,924,1150,-1,1150,924,926,-1,1150,926,1151,-1,1151,926,909,-1,1151,909,1152,-1,1152,909,907,-1,1152,907,1153,-1,1153,907,906,-1,1153,906,1154,-1,1154,906,936,-1,1154,936,1155,-1,1155,936,914,-1,1155,914,1156,-1,1156,914,916,-1,1156,916,1157,-1,1157,916,918,-1,1157,918,1158,-1,1158,918,954,-1,1158,954,1159,-1,1159,954,953,-1,1159,953,1160,-1,1160,953,952,-1,1160,952,1161,-1,1161,952,944,-1,1161,944,1162,-1,1162,944,946,-1,1162,946,1163,-1,1163,946,911,-1,1163,911,1164,-1,1164,911,951,-1,1164,951,1165,-1,1165,951,950,-1,1165,950,1166,-1,1166,950,949,-1,597,1058,590,-1,590,1058,1056,-1,1061,381,1062,-1,1062,381,383,-1,1062,383,391,-1,1058,597,1060,-1,1060,597,379,-1,1060,379,1061,-1,1061,379,381,-1,1062,391,1054,-1,1054,391,387,-1,1054,387,1056,-1,1056,387,590,-1,1167,965,1168,-1,1168,965,1169,-1,1170,1171,1055,-1,1171,1172,1055,-1,1055,1172,1173,-1,1055,1173,1174,-1,1174,1175,1055,-1,1055,1175,965,-1,1055,965,1053,-1,1053,965,964,-1,1175,1176,965,-1,965,1176,1177,-1,965,1177,1178,-1,1179,1180,1055,-1,1055,1180,1181,-1,1055,1181,1170,-1,1178,1182,965,-1,965,1182,1183,-1,965,1183,1169,-1,1184,1185,1057,-1,1186,1187,1055,-1,1055,1187,1188,-1,1189,1190,1057,-1,1057,1190,1191,-1,1057,1191,1184,-1,1185,1192,1057,-1,1057,1192,1193,-1,1057,1193,1055,-1,1055,1193,1194,-1,1055,1194,1186,-1,1188,1195,1055,-1,1055,1195,1196,-1,1055,1196,1179,-1,1059,963,1057,-1,1057,963,962,-1,1197,1198,962,-1,962,1198,1199,-1,962,1199,1200,-1,1201,1202,1057,-1,1057,1202,1203,-1,1057,1203,1204,-1,1205,1206,962,-1,962,1206,1207,-1,962,1207,1057,-1,1057,1207,1208,-1,1057,1208,1201,-1,1204,1209,1057,-1,1057,1209,1210,-1,1057,1210,1189,-1,1200,1211,962,-1,962,1211,1212,-1,962,1212,1205,-1,1213,895,1214,-1,1214,895,861,-1,1214,861,1215,-1,1215,861,863,-1,1215,863,1216,-1,1216,863,856,-1,1216,856,1217,-1,1217,856,894,-1,1217,894,1218,-1,1218,894,893,-1,1218,893,1219,-1,1219,893,892,-1,1219,892,1220,-1,1220,892,868,-1,1220,868,1221,-1,1221,868,870,-1,1221,870,1222,-1,1222,870,849,-1,1222,849,1223,-1,1223,849,847,-1,1223,847,1224,-1,1224,847,846,-1,1224,846,1225,-1,1225,846,883,-1,1225,883,1226,-1,1226,883,851,-1,1226,851,1227,-1,1227,851,853,-1,1227,853,1228,-1,1228,853,855,-1,1228,855,1229,-1,1229,855,891,-1,1229,891,1230,-1,1230,891,890,-1,1230,890,1231,-1,1231,890,889,-1,1231,889,1232,-1,1232,889,878,-1,1232,878,1233,-1,1233,878,880,-1,1233,880,1234,-1,1234,880,882,-1,1234,882,1235,-1,1235,882,897,-1,1235,897,1236,-1,1236,897,896,-1,1236,896,1213,-1,1213,896,895,-1,1237,1214,1238,-1,1238,1214,1215,-1,1238,1215,1239,-1,1239,1215,1216,-1,1239,1216,1240,-1,1240,1216,1217,-1,1240,1217,1241,-1,1241,1217,1218,-1,1241,1218,1242,-1,1242,1218,1219,-1,1242,1219,1243,-1,1243,1219,1220,-1,1243,1220,1244,-1,1244,1220,1221,-1,1244,1221,1245,-1,1245,1221,1222,-1,1245,1222,1246,-1,1246,1222,1223,-1,1246,1223,1247,-1,1247,1223,1224,-1,1247,1224,1248,-1,1248,1224,1225,-1,1248,1225,1249,-1,1249,1225,1226,-1,1249,1226,1250,-1,1250,1226,1227,-1,1250,1227,1251,-1,1251,1227,1228,-1,1251,1228,1252,-1,1252,1228,1229,-1,1252,1229,1253,-1,1253,1229,1230,-1,1253,1230,1254,-1,1254,1230,1231,-1,1254,1231,1255,-1,1255,1231,1232,-1,1255,1232,1256,-1,1256,1232,1233,-1,1256,1233,1257,-1,1257,1233,1234,-1,1257,1234,1258,-1,1258,1234,1235,-1,1258,1235,1259,-1,1259,1235,1236,-1,1259,1236,1260,-1,1260,1236,1213,-1,1260,1213,1237,-1,1237,1213,1214,-1,738,753,1261,-1,1261,753,1262,-1,1262,753,754,-1,1262,754,1263,-1,1263,754,755,-1,1263,755,1264,-1,1264,755,756,-1,1264,756,1265,-1,1265,756,745,-1,1265,745,1266,-1,1266,745,744,-1,1266,744,1267,-1,1267,744,750,-1,1267,750,1268,-1,750,749,1268,-1,1268,749,1269,-1,1270,1271,715,-1,715,1271,716,-1,1271,1272,716,-1,716,1272,717,-1,1272,1273,717,-1,717,1273,714,-1,1273,1274,714,-1,714,1274,713,-1,1274,1275,713,-1,713,1275,725,-1,1275,1276,725,-1,725,1276,726,-1,1276,1277,726,-1,726,1277,729,-1,1277,1278,729,-1,729,1278,730,-1,1278,1279,730,-1,730,1279,731,-1,1279,1280,1281,-1,1269,749,1281,-1,1281,749,731,-1,1281,731,1279,-1,1277,1276,1275,-1,1280,1279,1282,-1,1282,1279,1278,-1,1274,1273,1272,-1,1270,1282,1271,-1,1271,1282,1278,-1,1271,1278,1272,-1,1272,1278,1277,-1,1272,1277,1274,-1,1274,1277,1275,-1,1282,1270,1283,-1,1283,1270,715,-1,1283,715,1261,-1,1261,715,738,-1,1283,1281,1282,-1,1282,1281,1280,-1,1283,1249,1250,-1,1250,1251,1283,-1,1283,1251,1252,-1,1283,1252,1253,-1,1256,1281,1255,-1,1255,1281,1283,-1,1255,1283,1254,-1,1254,1283,1253,-1,1239,1240,1269,-1,1269,1240,1241,-1,1256,1257,1281,-1,1281,1257,1258,-1,1281,1258,1259,-1,1266,1267,1242,-1,1259,1260,1281,-1,1281,1260,1237,-1,1281,1237,1269,-1,1269,1237,1238,-1,1269,1238,1239,-1,1242,1267,1241,-1,1241,1267,1268,-1,1241,1268,1269,-1,1249,1283,1248,-1,1248,1283,1261,-1,1248,1261,1247,-1,1266,1242,1265,-1,1265,1242,1243,-1,1265,1243,1264,-1,1264,1243,1244,-1,1264,1244,1263,-1,1263,1244,1262,-1,1262,1244,1245,-1,1262,1245,1261,-1,1261,1245,1246,-1,1261,1246,1247,-1,600,971,589,-1,589,971,969,-1,67,975,75,-1,75,975,974,-1,75,974,405,-1,971,600,973,-1,973,600,568,-1,973,568,974,-1,974,568,405,-1,975,67,967,-1,967,67,68,-1,967,68,969,-1,969,68,589,-1,601,981,602,-1,602,981,979,-1,984,385,985,-1,985,385,198,-1,198,201,985,-1,985,201,240,-1,985,240,238,-1,981,601,983,-1,983,601,386,-1,983,386,984,-1,984,386,385,-1,985,238,977,-1,977,238,237,-1,977,237,979,-1,979,237,602,-1,1284,905,1285,-1,1285,905,1286,-1,1287,1288,978,-1,1288,1289,978,-1,978,1289,1290,-1,978,1290,1291,-1,1291,1292,978,-1,978,1292,905,-1,978,905,976,-1,976,905,904,-1,1292,1293,905,-1,905,1293,1294,-1,905,1294,1295,-1,1296,1297,978,-1,978,1297,1298,-1,978,1298,1287,-1,1295,1299,905,-1,905,1299,1300,-1,905,1300,1286,-1,1301,1302,980,-1,1303,1304,978,-1,978,1304,1305,-1,1306,1307,980,-1,980,1307,1308,-1,980,1308,1301,-1,1302,1309,980,-1,980,1309,1310,-1,980,1310,978,-1,978,1310,1311,-1,978,1311,1303,-1,1305,1312,978,-1,978,1312,1313,-1,978,1313,1296,-1,982,903,980,-1,980,903,902,-1,1314,1315,902,-1,902,1315,1316,-1,902,1316,1317,-1,1318,1319,980,-1,980,1319,1320,-1,980,1320,1321,-1,1322,1323,902,-1,902,1323,1324,-1,902,1324,980,-1,980,1324,1325,-1,980,1325,1318,-1,1321,1326,980,-1,980,1326,1327,-1,980,1327,1306,-1,1317,1328,902,-1,902,1328,1329,-1,902,1329,1322,-1,1330,845,1331,-1,1331,845,1332,-1,1333,1334,968,-1,1334,1335,968,-1,968,1335,1336,-1,968,1336,1337,-1,1337,1338,968,-1,968,1338,845,-1,968,845,966,-1,966,845,844,-1,1338,1339,845,-1,845,1339,1340,-1,845,1340,1341,-1,1342,1343,968,-1,968,1343,1344,-1,968,1344,1333,-1,1341,1345,845,-1,845,1345,1346,-1,845,1346,1332,-1,1347,1348,970,-1,1349,1350,968,-1,968,1350,1351,-1,1352,1353,970,-1,970,1353,1354,-1,970,1354,1347,-1,1348,1355,970,-1,970,1355,1356,-1,970,1356,968,-1,968,1356,1357,-1,968,1357,1349,-1,1351,1358,968,-1,968,1358,1359,-1,968,1359,1342,-1,972,843,970,-1,970,843,842,-1,1360,1361,842,-1,842,1361,1362,-1,842,1362,1363,-1,1364,1365,842,-1,842,1365,1366,-1,842,1366,970,-1,970,1366,1367,-1,970,1367,1368,-1,1368,1369,970,-1,970,1369,1370,-1,970,1370,1371,-1,1363,1372,842,-1,842,1372,1373,-1,842,1373,1364,-1,1371,1374,970,-1,970,1374,1375,-1,970,1375,1352,-1,
        ]
    }
}
Shape{
    appearance Appearance {
        material  Material 	{
            diffuseColor 0.6470588235294118 0.6196078431372549 0.5882352941176471
            specularColor 0.45098039215686275 0.43529411764705883 0.4117647058823529
            ambientIntensity 0.6242
            transparency 0.0
            shininess 0.5
        }
    }
    geometry IndexedFaceSet {
        ccw TRUE
        solid FALSE
        coord DEF co Coordinate {
            point [
                -1.4515 0.0483 -1.378, -1.4515 -0.0487 -1.378, -1.5485 0.0483 -1.378, -1.5485 -0.0487 -1.378, -1.6575 0.1179 -1.0841, -1.6575 -0.1183 -1.0841, -1.6575 0.1179 0.2756, -1.6575 -0.1183 0.2756, -1.6181 -0.1577 -1.0841, -1.3819 -0.1577 -1.0841, -1.6181 -0.1577 0.2756, -1.3819 -0.1577 0.2756, -1.3425 0.1179 0.2756, -1.3425 -0.1183 0.2756, -1.3425 0.1179 -1.0841, -1.3425 -0.1183 -1.0841, -1.6181 0.1573 0.315, -1.6575 0.1573 0.2756, -1.6575 0.1573 0.689, -1.3425 0.1573 0.689, -1.3425 0.1573 0.2756, -1.3819 0.1573 0.315, -1.3819 0.1573 -1.0841, -1.6181 0.1573 -1.0841, -1.3425 -0.1183 1.378, -1.3425 0.1179 1.378, -1.3425 -0.1183 2.9345, -1.3425 0.1179 2.9345, -1.6181 -0.1577 1.378, -1.3819 -0.1577 1.378, -1.6181 -0.1577 2.9345, -1.3819 -0.1577 2.9345, -1.6575 0.1179 1.378, -1.6575 -0.1183 1.378, -1.6575 0.1179 2.9345, -1.6575 -0.1183 2.9345, -1.6181 0.1573 2.9345, -1.3819 0.1573 2.9345, -1.6181 0.1573 1.378, -1.3819 0.1573 1.378, -1.4515 -0.0487 3.2283, -1.4515 0.0483 3.2283, -1.5485 -0.0487 3.2283, -1.5485 0.0483 3.2283, -1.3806 -0.1577 2.9346, -1.4515 -0.0868 3.1992, -1.5485 -0.0868 3.1992, -1.6194 -0.1577 2.9346, -1.3425 0.1192 2.9346, -1.4134 0.0483 3.1992, -1.4134 -0.0487 3.1992, -1.3425 -0.1196 2.9346, -1.6575 -0.1196 2.9346, -1.5866 -0.0487 3.1992, -1.5866 0.0483 3.1992, -1.6575 0.1192 2.9346, -1.6194 0.1573 2.9346, -1.5485 0.0864 3.1992, -1.4515 0.0864 3.1992, -1.3806 0.1573 2.9346, -1.3806 0.1573 -1.0842, -1.4515 0.0864 -1.3488, -1.5485 0.0864 -1.3488, -1.6194 0.1573 -1.0842, -1.3425 -0.1196 -1.0842, -1.4134 -0.0487 -1.3488, -1.4134 0.0483 -1.3488, -1.3425 0.1192 -1.0842, -1.6575 0.1192 -1.0842, -1.5866 0.0483 -1.3488, -1.5866 -0.0487 -1.3488, -1.6575 -0.1196 -1.0842, -1.6194 -0.1577 -1.0842, -1.5485 -0.0868 -1.3488, -1.4515 -0.0868 -1.3488, -1.3806 -0.1577 -1.0842, -1.6571 -0.1234 0.2759, -1.6561 -0.1285 0.2769, -1.656 -0.1285 -1.0851, -1.6545 -0.1334 0.2786, -1.6559 -0.1293 -1.0852, -1.6522 -0.138 0.2809, -1.6522 -0.138 -1.0859, -1.6493 -0.1423 0.2837, -1.6459 -0.1461 0.2871, -1.6232 -0.1573 0.2759, -1.6283 -0.1562 -1.0851, -1.6283 -0.1563 0.2769, -1.6291 -0.1561 -1.0852, -1.6332 -0.1547 0.2786, -1.6378 -0.1524 -1.0859, -1.6378 -0.1524 0.2809, -1.6382 -0.1522 -1.0859, -1.6421 -0.1495 0.2837, -1.6459 -0.1461 -1.0861, -1.652 -0.1384 -1.0859, -1.3768 -0.1573 0.2759, -1.3717 -0.1563 0.2769, -1.3717 -0.1562 -1.0851, -1.3668 -0.1547 0.2786, -1.3709 -0.1561 -1.0852, -1.3622 -0.1524 0.2809, -1.3622 -0.1524 -1.0859, -1.3579 -0.1495 0.2837, -1.3541 -0.1461 0.2871, -1.3429 -0.1234 0.2759, -1.344 -0.1285 -1.0851, -1.3439 -0.1285 0.2769, -1.3441 -0.1293 -1.0852, -1.3455 -0.1334 0.2786, -1.3478 -0.138 -1.0859, -1.3478 -0.138 0.2809, -1.348 -0.1384 -1.0859, -1.3507 -0.1423 0.2837, -1.3541 -0.1461 -1.0861, -1.3618 -0.1522 -1.0859, -1.5847 -0.0582 -1.3508, -1.5846 -0.0584 -1.3508, -1.5807 -0.067 -1.3521, -1.5805 -0.0672 -1.3521, -1.5746 -0.0748 -1.3525, -1.567 -0.0807 -1.3521, -1.5668 -0.0809 -1.3521, -1.5582 -0.0848 -1.3508, -1.558 -0.0849 -1.3508, -1.5485 -0.0573 -1.377, -1.4515 -0.0573 -1.377, -1.5485 -0.0589 -1.3765, -1.4515 -0.0589 -1.3765, -1.5485 -0.0655 -1.3742, -1.4515 -0.0655 -1.3742, -1.5485 -0.0683 -1.3725, -1.4515 -0.0683 -1.3725, -1.5485 -0.0728 -1.3697, -1.4515 -0.0728 -1.3697, -1.5485 -0.0764 -1.3663, -1.4515 -0.0764 -1.3663, -1.5485 -0.079 -1.3637, -1.4515 -0.079 -1.3637, -1.5485 -0.0827 -1.3582, -1.4515 -0.0827 -1.3582, -1.5485 -0.0838 -1.3565, -1.4515 -0.0838 -1.3565, -1.442 -0.0849 -1.3508, -1.4418 -0.0848 -1.3508, -1.4332 -0.0809 -1.3521, -1.433 -0.0807 -1.3521, -1.4254 -0.0748 -1.3525, -1.4195 -0.0672 -1.3521, -1.4193 -0.067 -1.3521, -1.4154 -0.0584 -1.3508, -1.4153 -0.0582 -1.3508, -1.6283 0.1559 0.3048, -1.6283 0.1558 -1.0851, -1.6378 0.152 0.2953, -1.6291 0.1557 -1.0852, -1.6378 0.152 -1.0859, -1.6459 0.1458 0.2871, -1.6571 0.1231 0.2759, -1.656 0.1281 -1.0851, -1.6561 0.1281 0.2769, -1.6559 0.129 -1.0852, -1.6545 0.133 0.2786, -1.6522 0.1376 -1.0859, -1.6522 0.1376 0.2809, -1.652 0.138 -1.0859, -1.6493 0.1419 0.2837, -1.6459 0.1458 -1.0861, -1.6382 0.1518 -1.0859, -1.556 -0.053 -1.377, -1.5568 -0.0509 -1.377, -1.5528 -0.0561 -1.377, -1.5546 -0.0548 -1.377, -1.5587 -0.0487 -1.3765, -1.5571 -0.0487 -1.377, -1.5529 -0.0649 -1.3742, -1.5824 -0.0578 -1.3565, -1.5789 -0.0662 -1.3565, -1.5733 -0.0735 -1.3565, -1.5661 -0.0791 -1.3565, -1.5576 -0.0826 -1.3565, -1.5564 -0.078 -1.3637, -1.5825 -0.0487 -1.3582, -1.5836 -0.0487 -1.3565, -1.5778 -0.0566 -1.3637, -1.5748 -0.0639 -1.3637, -1.5699 -0.0701 -1.3637, -1.5637 -0.075 -1.3637, -1.5548 -0.072 -1.3697, -1.5606 -0.0696 -1.3697, -1.5656 -0.0658 -1.3697, -1.5694 -0.0608 -1.3697, -1.5718 -0.055 -1.3697, -1.5788 -0.0487 -1.3637, -1.5762 -0.0487 -1.3663, -1.5726 -0.0487 -1.3697, -1.5681 -0.0487 -1.3725, -1.5569 -0.0632 -1.3742, -1.5604 -0.0606 -1.3742, -1.563 -0.0571 -1.3742, -1.5647 -0.0531 -1.3742, -1.5653 -0.0487 -1.3742, -1.5507 -0.057 -1.377, -1.4472 -0.0561 -1.377, -1.4493 -0.057 -1.377, -1.444 -0.053 -1.377, -1.4454 -0.0548 -1.377, -1.4413 -0.0487 -1.3765, -1.4347 -0.0487 -1.3742, -1.4353 -0.0531 -1.3742, -1.4424 -0.0826 -1.3565, -1.4339 -0.0791 -1.3565, -1.4267 -0.0735 -1.3565, -1.4211 -0.0662 -1.3565, -1.4176 -0.0578 -1.3565, -1.4164 -0.0487 -1.3565, -1.4238 -0.0487 -1.3663, -1.4212 -0.0487 -1.3637, -1.4222 -0.0566 -1.3637, -1.4175 -0.0487 -1.3582, -1.4436 -0.078 -1.3637, -1.4363 -0.075 -1.3637, -1.4301 -0.0701 -1.3637, -1.4252 -0.0639 -1.3637, -1.4282 -0.055 -1.3697, -1.4306 -0.0608 -1.3697, -1.4344 -0.0658 -1.3697, -1.4394 -0.0696 -1.3697, -1.4452 -0.072 -1.3697, -1.4319 -0.0487 -1.3725, -1.4274 -0.0487 -1.3697, -1.437 -0.0571 -1.3742, -1.4396 -0.0606 -1.3742, -1.4431 -0.0632 -1.3742, -1.4471 -0.0649 -1.3742, -1.4429 -0.0487 -1.377, -1.4432 -0.0509 -1.377, -1.3429 0.1231 0.2759, -1.3439 0.1281 0.2769, -1.3478 0.1376 -1.0859, -1.3478 0.1376 0.2809, -1.3441 0.129 -1.0852, -1.3455 0.133 0.2786, -1.344 0.1281 -1.0851, -1.348 0.138 -1.0859, -1.3541 0.1458 0.2871, -1.3507 0.1419 0.2837, -1.3541 0.1458 -1.0861, -1.3618 0.1518 -1.0859, -1.3622 0.152 0.2953, -1.3622 0.152 -1.0859, -1.3709 0.1557 -1.0852, -1.3717 0.1559 0.3048, -1.3717 0.1558 -1.0851, -1.5568 0.0848 -1.3506, -1.558 0.0845 -1.3508, -1.5645 0.0815 -1.3518, -1.5668 0.0805 -1.3521, -1.5713 0.0769 -1.3523, -1.585 0.0567 -1.3506, -1.5847 0.0578 -1.3508, -1.5817 0.0643 -1.3518, -1.5807 0.0666 -1.3521, -1.5771 0.0711 -1.3523, -1.5746 0.0744 -1.3525, -1.5836 0.0483 -1.3565, -1.5825 0.0483 -1.3582, -1.5788 0.0483 -1.3637, -1.5762 0.0483 -1.3663, -1.5726 0.0483 -1.3697, -1.5681 0.0483 -1.3725, -1.5653 0.0483 -1.3742, -1.5587 0.0483 -1.3765, -1.5571 0.0483 -1.377, -1.4164 0.0483 -1.3565, -1.4175 0.0483 -1.3582, -1.4212 0.0483 -1.3637, -1.4238 0.0483 -1.3663, -1.4274 0.0483 -1.3697, -1.4319 0.0483 -1.3725, -1.4347 0.0483 -1.3742, -1.4413 0.0483 -1.3765, -1.4429 0.0483 -1.377, -1.4153 0.0578 -1.3508, -1.4154 0.058 -1.3508, -1.4193 0.0666 -1.3521, -1.4195 0.0668 -1.3521, -1.4254 0.0744 -1.3525, -1.433 0.0803 -1.3521, -1.4332 0.0805 -1.3521, -1.4418 0.0844 -1.3508, -1.442 0.0845 -1.3508, -1.5522 0.0561 -1.377, -1.5504 0.0567 -1.377, -1.5552 0.0537 -1.377, -1.5539 0.055 -1.377, -1.5563 0.0521 -1.377, -1.5485 0.0585 -1.3765, -1.5485 0.0569 -1.377, -1.5648 0.0521 -1.3742, -1.5563 0.0825 -1.3565, -1.5637 0.0799 -1.3565, -1.5704 0.0757 -1.3565, -1.5759 0.0702 -1.3565, -1.5801 0.0635 -1.3565, -1.5827 0.0561 -1.3565, -1.5781 0.0551 -1.3637, -1.5485 0.0834 -1.3565, -1.5485 0.0823 -1.3582, -1.5553 0.0779 -1.3637, -1.5617 0.0756 -1.3637, -1.5674 0.072 -1.3637, -1.5722 0.0672 -1.3637, -1.5758 0.0615 -1.3637, -1.572 0.0537 -1.3697, -1.5702 0.0588 -1.3697, -1.5674 0.0634 -1.3697, -1.5635 0.0672 -1.3697, -1.559 0.07 -1.3697, -1.5539 0.0718 -1.3697, -1.5485 0.0786 -1.3637, -1.5485 0.076 -1.3663, -1.5485 0.0724 -1.3697, -1.5485 0.0679 -1.3725, -1.5636 0.0556 -1.3742, -1.5616 0.0588 -1.3742, -1.559 0.0614 -1.3742, -1.5558 0.0634 -1.3742, -1.5523 0.0646 -1.3742, -1.5485 0.0651 -1.3742, -1.5569 0.0502 -1.377, -1.444 0.0526 -1.377, -1.4432 0.0506 -1.377, -1.4472 0.0558 -1.377, -1.4454 0.0544 -1.377, -1.4515 0.0585 -1.3765, -1.4515 0.0651 -1.3742, -1.4471 0.0645 -1.3742, -1.4176 0.0574 -1.3565, -1.4211 0.0659 -1.3565, -1.4267 0.0731 -1.3565, -1.4339 0.0787 -1.3565, -1.4424 0.0822 -1.3565, -1.4515 0.0834 -1.3565, -1.4515 0.076 -1.3663, -1.4515 0.0786 -1.3637, -1.4436 0.0776 -1.3637, -1.4515 0.0823 -1.3582, -1.4222 0.0562 -1.3637, -1.4252 0.0635 -1.3637, -1.4301 0.0698 -1.3637, -1.4363 0.0746 -1.3637, -1.4452 0.0716 -1.3697, -1.4394 0.0692 -1.3697, -1.4344 0.0654 -1.3697, -1.4306 0.0604 -1.3697, -1.4282 0.0546 -1.3697, -1.4515 0.0679 -1.3725, -1.4515 0.0724 -1.3697, -1.4431 0.0628 -1.3742, -1.4396 0.0602 -1.3742, -1.437 0.0567 -1.3742, -1.4353 0.0527 -1.3742, -1.4515 0.0569 -1.377, -1.4493 0.0566 -1.377, -1.6283 0.1559 1.378, -1.6283 0.1558 2.9355, -1.6291 0.1557 2.9356, -1.6378 0.152 1.378, -1.6378 0.152 2.9363, -1.6382 0.1518 2.9363, -1.6459 0.1458 1.378, -1.6459 0.1458 2.9365, -1.652 0.138 2.9363, -1.6522 0.1376 1.378, -1.6522 0.1376 2.9363, -1.6559 0.129 2.9356, -1.6561 0.1281 1.378, -1.656 0.1281 2.9355, -1.3439 0.1281 1.378, -1.344 0.1281 2.9355, -1.3441 0.129 2.9356, -1.3478 0.1376 1.378, -1.3478 0.1376 2.9363, -1.348 0.138 2.9363, -1.3541 0.1458 1.378, -1.3541 0.1458 2.9365, -1.3618 0.1518 2.9363, -1.3622 0.152 1.378, -1.3622 0.152 2.9363, -1.3709 0.1557 2.9356, -1.3717 0.1559 1.378, -1.3717 0.1558 2.9355, -1.5847 0.0578 3.2012, -1.5846 0.058 3.2012, -1.5807 0.0666 3.2025, -1.5805 0.0668 3.2025, -1.5746 0.0744 3.2029, -1.567 0.0803 3.2025, -1.5668 0.0805 3.2025, -1.5582 0.0844 3.2012, -1.558 0.0845 3.2012, -1.4515 0.0834 3.2069, -1.5485 0.0834 3.2069, -1.4515 0.0832 3.2071, -1.5485 0.0832 3.2071, -1.4515 0.0786 3.2141, -1.5485 0.0786 3.2141, -1.4515 0.0785 3.2143, -1.5485 0.0785 3.2143, -1.4515 0.0724 3.2201, -1.5485 0.0724 3.2201, -1.4515 0.0723 3.2202, -1.5485 0.0723 3.2202, -1.4515 0.0651 3.2246, -1.5485 0.0651 3.2246, -1.4515 0.065 3.2247, -1.5485 0.065 3.2247, -1.4515 0.0569 3.2274, -1.5485 0.0569 3.2274, -1.4515 0.0569 3.2274, -1.5485 0.0569 3.2274, -1.442 0.0845 3.2012, -1.4418 0.0844 3.2012, -1.4332 0.0805 3.2025, -1.433 0.0803 3.2025, -1.4254 0.0744 3.2029, -1.4195 0.0668 3.2025, -1.4193 0.0666 3.2025, -1.4154 0.058 3.2012, -1.4153 0.0578 3.2012, -1.6561 -0.1285 1.378, -1.656 -0.1285 2.9355, -1.6559 -0.1293 2.9356, -1.6522 -0.138 1.378, -1.6522 -0.138 2.9363, -1.652 -0.1384 2.9363, -1.6459 -0.1461 1.378, -1.6459 -0.1461 2.9365, -1.6382 -0.1522 2.9363, -1.6378 -0.1524 1.378, -1.6378 -0.1524 2.9363, -1.6291 -0.1561 2.9356, -1.6283 -0.1563 1.378, -1.6283 -0.1562 2.9355, -1.5787 0.0483 3.2143, -1.5726 0.0483 3.2201, -1.5718 0.0546 3.2201, -1.5647 0.0527 3.2246, -1.5568 0.0506 3.2274, -1.556 0.0526 3.2274, -1.5528 0.0558 3.2274, -1.5546 0.0544 3.2274, -1.5507 0.0566 3.2274, -1.5571 0.0483 3.2274, -1.5824 0.0574 3.2069, -1.5789 0.0659 3.2069, -1.5733 0.0731 3.2069, -1.5661 0.0787 3.2069, -1.5576 0.0822 3.2069, -1.5725 0.0483 3.2202, -1.5653 0.0483 3.2246, -1.5652 0.0483 3.2247, -1.5571 0.0483 3.2274, -1.563 0.0567 3.2246, -1.5604 0.0602 3.2246, -1.5569 0.0628 3.2246, -1.5529 0.0645 3.2246, -1.5694 0.0604 3.2201, -1.5656 0.0654 3.2201, -1.5606 0.0692 3.2201, -1.5548 0.0716 3.2201, -1.5834 0.0483 3.2071, -1.5788 0.0483 3.2141, -1.5778 0.0562 3.2141, -1.5748 0.0635 3.2141, -1.5699 0.0698 3.2141, -1.5637 0.0746 3.2141, -1.5564 0.0776 3.2141, -1.5836 0.0483 3.2069, -1.4452 0.0716 3.2201, -1.4471 0.0645 3.2246, -1.4493 0.0566 3.2274, -1.4472 0.0558 3.2274, -1.444 0.0526 3.2274, -1.4454 0.0544 3.2274, -1.4432 0.0506 3.2274, -1.4424 0.0822 3.2069, -1.4339 0.0787 3.2069, -1.4267 0.0731 3.2069, -1.4211 0.0659 3.2069, -1.4176 0.0574 3.2069, -1.4164 0.0483 3.2069, -1.4429 0.0483 3.2274, -1.4431 0.0628 3.2246, -1.4396 0.0602 3.2246, -1.437 0.0567 3.2246, -1.4353 0.0527 3.2246, -1.4429 0.0483 3.2274, -1.4348 0.0483 3.2247, -1.4347 0.0483 3.2246, -1.4275 0.0483 3.2202, -1.4394 0.0692 3.2201, -1.4344 0.0654 3.2201, -1.4306 0.0604 3.2201, -1.4282 0.0546 3.2201, -1.4436 0.0776 3.2141, -1.4363 0.0746 3.2141, -1.4301 0.0698 3.2141, -1.4252 0.0635 3.2141, -1.4222 0.0562 3.2141, -1.4274 0.0483 3.2201, -1.4213 0.0483 3.2143, -1.4212 0.0483 3.2141, -1.4166 0.0483 3.2071, -1.3717 -0.1563 1.378, -1.3717 -0.1562 2.9355, -1.3709 -0.1561 2.9356, -1.3622 -0.1524 1.378, -1.3622 -0.1524 2.9363, -1.3618 -0.1522 2.9363, -1.3541 -0.1461 1.378, -1.3541 -0.1461 2.9365, -1.348 -0.1384 2.9363, -1.3478 -0.138 1.378, -1.3478 -0.138 2.9363, -1.3441 -0.1293 2.9356, -1.3439 -0.1285 1.378, -1.344 -0.1285 2.9355, -1.558 -0.0849 3.2012, -1.5582 -0.0848 3.2012, -1.5668 -0.0809 3.2025, -1.567 -0.0807 3.2025, -1.5746 -0.0748 3.2029, -1.5805 -0.0672 3.2025, -1.5807 -0.067 3.2025, -1.5846 -0.0584 3.2012, -1.5847 -0.0582 3.2012, -1.5836 -0.0487 3.2069, -1.5834 -0.0487 3.2071, -1.5788 -0.0487 3.2141, -1.5787 -0.0487 3.2143, -1.5726 -0.0487 3.2201, -1.5725 -0.0487 3.2202, -1.5653 -0.0487 3.2246, -1.5652 -0.0487 3.2247, -1.5571 -0.0487 3.2274, -1.5571 -0.0487 3.2274, -1.4164 -0.0487 3.2069, -1.4166 -0.0487 3.2071, -1.4212 -0.0487 3.2141, -1.4213 -0.0487 3.2143, -1.4274 -0.0487 3.2201, -1.4275 -0.0487 3.2202, -1.4347 -0.0487 3.2246, -1.4348 -0.0487 3.2247, -1.4429 -0.0487 3.2274, -1.4429 -0.0487 3.2274, -1.4153 -0.0582 3.2012, -1.4154 -0.0584 3.2012, -1.4193 -0.067 3.2025, -1.4195 -0.0672 3.2025, -1.4254 -0.0748 3.2029, -1.433 -0.0807 3.2025, -1.4332 -0.0809 3.2025, -1.4418 -0.0848 3.2012, -1.442 -0.0849 3.2012, -1.5485 -0.0789 3.2143, -1.5485 -0.0728 3.2201, -1.5548 -0.072 3.2201, -1.5529 -0.0649 3.2246, -1.5507 -0.057 3.2274, -1.5528 -0.0561 3.2274, -1.556 -0.053 3.2274, -1.5546 -0.0548 3.2274, -1.5568 -0.0509 3.2274, -1.5485 -0.0572 3.2274, -1.5576 -0.0826 3.2069, -1.5661 -0.0791 3.2069, -1.5733 -0.0735 3.2069, -1.5789 -0.0662 3.2069, -1.5824 -0.0578 3.2069, -1.5485 -0.0727 3.2202, -1.5485 -0.0655 3.2246, -1.5485 -0.0654 3.2247, -1.5485 -0.0573 3.2274, -1.5569 -0.0632 3.2246, -1.5604 -0.0606 3.2246, -1.563 -0.0571 3.2246, -1.5647 -0.0531 3.2246, -1.5606 -0.0696 3.2201, -1.5656 -0.0658 3.2201, -1.5694 -0.0608 3.2201, -1.5718 -0.055 3.2201, -1.5485 -0.0836 3.2071, -1.5485 -0.079 3.2141, -1.5564 -0.078 3.2141, -1.5637 -0.075 3.2141, -1.5699 -0.0701 3.2141, -1.5748 -0.0639 3.2141, -1.5778 -0.0566 3.2141, -1.5485 -0.0838 3.2069, -1.4282 -0.055 3.2201, -1.4353 -0.0531 3.2246, -1.4432 -0.0509 3.2274, -1.444 -0.053 3.2274, -1.4472 -0.0561 3.2274, -1.4454 -0.0548 3.2274, -1.4493 -0.057 3.2274, -1.4176 -0.0578 3.2069, -1.4211 -0.0662 3.2069, -1.4267 -0.0735 3.2069, -1.4339 -0.0791 3.2069, -1.4424 -0.0826 3.2069, -1.4515 -0.0838 3.2069, -1.4515 -0.0572 3.2274, -1.437 -0.0571 3.2246, -1.4396 -0.0606 3.2246, -1.4431 -0.0632 3.2246, -1.4471 -0.0649 3.2246, -1.4515 -0.0573 3.2274, -1.4515 -0.0654 3.2247, -1.4515 -0.0655 3.2246, -1.4515 -0.0727 3.2202, -1.4306 -0.0608 3.2201, -1.4344 -0.0658 3.2201, -1.4394 -0.0696 3.2201, -1.4452 -0.072 3.2201, -1.4222 -0.0566 3.2141, -1.4252 -0.0639 3.2141, -1.4301 -0.0701 3.2141, -1.4363 -0.075 3.2141, -1.4436 -0.078 3.2141, -1.4515 -0.0728 3.2201, -1.4515 -0.0789 3.2143, -1.4515 -0.079 3.2141, -1.4515 -0.0836 3.2071, 0.0485 0.0483 -1.378, 0.0485 -0.0487 -1.378, -0.0485 0.0483 -1.378, -0.0485 -0.0487 -1.378, -0.1575 0.1179 -1.0841, -0.1575 -0.1183 -1.0841, -0.1575 0.1179 0.2756, -0.1575 -0.1183 0.2756, -0.1181 -0.1577 -1.0841, 0.1181 -0.1577 -1.0841, -0.1181 -0.1577 0.2756, 0.1181 -0.1577 0.2756, 0.1575 0.1179 0.2756, 0.1575 -0.1183 0.2756, 0.1575 0.1179 -1.0841, 0.1575 -0.1183 -1.0841, -0.1181 0.1573 0.315, -0.1575 0.1573 0.2756, -0.1575 0.1573 0.689, 0.1575 0.1573 0.689, 0.1575 0.1573 0.2756, 0.1181 0.1573 0.315, 0.1181 0.1573 -1.0841, -0.1181 0.1573 -1.0841, 0.1575 -0.1183 1.378, 0.1575 0.1179 1.378, 0.1575 -0.1183 2.9345, 0.1575 0.1179 2.9345, -0.1181 -0.1577 1.378, 0.1181 -0.1577 1.378, -0.1181 -0.1577 2.9345, 0.1181 -0.1577 2.9345, -0.1575 0.1179 1.378, -0.1575 -0.1183 1.378, -0.1575 0.1179 2.9345, -0.1575 -0.1183 2.9345, -0.1181 0.1573 2.9345, 0.1181 0.1573 2.9345, -0.1181 0.1573 1.378, 0.1181 0.1573 1.378, 0.0485 -0.0487 3.2283, 0.0485 0.0483 3.2283, -0.0485 -0.0487 3.2283, -0.0485 0.0483 3.2283, 1.5485 0.0483 -1.378, 1.5485 -0.0487 -1.378, 1.4515 0.0483 -1.378, 1.4515 -0.0487 -1.378, 1.3425 0.1179 -1.0841, 1.3425 -0.1183 -1.0841, 1.3425 0.1179 0.2756, 1.3425 -0.1183 0.2756, 1.3819 -0.1577 -1.0841, 1.6181 -0.1577 -1.0841, 1.3819 -0.1577 0.2756, 1.6181 -0.1577 0.2756, 1.6575 0.1179 0.2756, 1.6575 -0.1183 0.2756, 1.6575 0.1179 -1.0841, 1.6575 -0.1183 -1.0841, 1.3819 0.1573 0.315, 1.3425 0.1573 0.2756, 1.3425 0.1573 0.689, 1.6575 0.1573 0.689, 1.6575 0.1573 0.2756, 1.6181 0.1573 0.315, 1.6181 0.1573 -1.0841, 1.3819 0.1573 -1.0841, 1.6575 -0.1183 1.378, 1.6575 0.1179 1.378, 1.6575 -0.1183 2.9345, 1.6575 0.1179 2.9345, 1.3819 -0.1577 1.378, 1.6181 -0.1577 1.378, 1.3819 -0.1577 2.9345, 1.6181 -0.1577 2.9345, 1.3425 0.1179 1.378, 1.3425 -0.1183 1.378, 1.3425 0.1179 2.9345, 1.3425 -0.1183 2.9345, 1.3819 0.1573 2.9345, 1.6181 0.1573 2.9345, 1.3819 0.1573 1.378, 1.6181 0.1573 1.378, 1.5485 -0.0487 3.2283, 1.5485 0.0483 3.2283, 1.4515 -0.0487 3.2283, 1.4515 0.0483 3.2283, 0.1194 -0.1577 2.9346, 0.0485 -0.0868 3.1992, -0.0485 -0.0868 3.1992, -0.1194 -0.1577 2.9346, 0.1575 0.1192 2.9346, 0.0866 0.0483 3.1992, 0.0866 -0.0487 3.1992, 0.1575 -0.1196 2.9346, -0.1575 -0.1196 2.9346, -0.0866 -0.0487 3.1992, -0.0866 0.0483 3.1992, -0.1575 0.1192 2.9346, -0.1194 0.1573 2.9346, -0.0485 0.0864 3.1992, 0.0485 0.0864 3.1992, 0.1194 0.1573 2.9346, 0.1194 0.1573 -1.0842, 0.0485 0.0864 -1.3488, -0.0485 0.0864 -1.3488, -0.1194 0.1573 -1.0842, 0.1575 -0.1196 -1.0842, 0.0866 -0.0487 -1.3488, 0.0866 0.0483 -1.3488, 0.1575 0.1192 -1.0842, -0.1575 0.1192 -1.0842, -0.0866 0.0483 -1.3488, -0.0866 -0.0487 -1.3488, -0.1575 -0.1196 -1.0842, -0.1194 -0.1577 -1.0842, -0.0485 -0.0868 -1.3488, 0.0485 -0.0868 -1.3488, 0.1194 -0.1577 -1.0842, 1.6194 -0.1577 2.9346, 1.5485 -0.0868 3.1992, 1.4515 -0.0868 3.1992, 1.3806 -0.1577 2.9346, 1.6575 0.1192 2.9346, 1.5866 0.0483 3.1992, 1.5866 -0.0487 3.1992, 1.6575 -0.1196 2.9346, 1.3425 -0.1196 2.9346, 1.4134 -0.0487 3.1992, 1.4134 0.0483 3.1992, 1.3425 0.1192 2.9346, 1.3806 0.1573 2.9346, 1.4515 0.0864 3.1992, 1.5485 0.0864 3.1992, 1.6194 0.1573 2.9346, 1.6194 0.1573 -1.0842, 1.5485 0.0864 -1.3488, 1.4515 0.0864 -1.3488, 1.3806 0.1573 -1.0842, 1.6575 -0.1196 -1.0842, 1.5866 -0.0487 -1.3488, 1.5866 0.0483 -1.3488, 1.6575 0.1192 -1.0842, 1.3425 0.1192 -1.0842, 1.4134 0.0483 -1.3488, 1.4134 -0.0487 -1.3488, 1.3425 -0.1196 -1.0842, 1.3806 -0.1577 -1.0842, 1.4515 -0.0868 -1.3488, 1.5485 -0.0868 -1.3488, 1.6194 -0.1577 -1.0842, -0.1571 -0.1234 0.2759, -0.1561 -0.1285 0.2769, -0.156 -0.1285 -1.0851, -0.1545 -0.1334 0.2786, -0.1559 -0.1293 -1.0852, -0.1522 -0.138 0.2809, -0.1522 -0.138 -1.0859, -0.1493 -0.1423 0.2837, -0.1459 -0.1461 0.2871, -0.1232 -0.1573 0.2759, -0.1283 -0.1562 -1.0851, -0.1283 -0.1563 0.2769, -0.1291 -0.1561 -1.0852, -0.1332 -0.1547 0.2786, -0.1378 -0.1524 -1.0859, -0.1378 -0.1524 0.2809, -0.1382 -0.1522 -1.0859, -0.1421 -0.1495 0.2837, -0.1459 -0.1461 -1.0861, -0.152 -0.1384 -1.0859, 0.1232 -0.1573 0.2759, 0.1283 -0.1563 0.2769, 0.1283 -0.1562 -1.0851, 0.1332 -0.1547 0.2786, 0.1291 -0.1561 -1.0852, 0.1378 -0.1524 0.2809, 0.1378 -0.1524 -1.0859, 0.1421 -0.1495 0.2837, 0.1459 -0.1461 0.2871, 0.1571 -0.1234 0.2759, 0.156 -0.1285 -1.0851, 0.1561 -0.1285 0.2769, 0.1559 -0.1293 -1.0852, 0.1545 -0.1334 0.2786, 0.1522 -0.138 -1.0859, 0.1522 -0.138 0.2809, 0.152 -0.1384 -1.0859, 0.1493 -0.1423 0.2837, 0.1459 -0.1461 -1.0861, 0.1382 -0.1522 -1.0859, -0.0847 -0.0582 -1.3508, -0.0846 -0.0584 -1.3508, -0.0807 -0.067 -1.3521, -0.0805 -0.0672 -1.3521, -0.0746 -0.0748 -1.3525, -0.067 -0.0807 -1.3521, -0.0668 -0.0809 -1.3521, -0.0582 -0.0848 -1.3508, -0.058 -0.0849 -1.3508, 0.0485 -0.0838 -1.3565, -0.0485 -0.0838 -1.3565, 0.0485 -0.0827 -1.3582, -0.0485 -0.0827 -1.3582, 0.0485 -0.079 -1.3637, -0.0485 -0.079 -1.3637, 0.0485 -0.0764 -1.3663, -0.0485 -0.0764 -1.3663, 0.0485 -0.0728 -1.3697, -0.0485 -0.0728 -1.3697, 0.0485 -0.0683 -1.3725, -0.0485 -0.0683 -1.3725, 0.0485 -0.0655 -1.3742, -0.0485 -0.0655 -1.3742, 0.0485 -0.0589 -1.3765, -0.0485 -0.0589 -1.3765, 0.0485 -0.0573 -1.377, -0.0485 -0.0573 -1.377, 0.058 -0.0849 -1.3508, 0.0582 -0.0848 -1.3508, 0.0668 -0.0809 -1.3521, 0.067 -0.0807 -1.3521, 0.0746 -0.0748 -1.3525, 0.0805 -0.0672 -1.3521, 0.0807 -0.067 -1.3521, 0.0846 -0.0584 -1.3508, 0.0847 -0.0582 -1.3508, -0.1283 0.1559 0.3048, -0.1283 0.1558 -1.0851, -0.1378 0.152 0.2953, -0.1291 0.1557 -1.0852, -0.1378 0.152 -1.0859, -0.1459 0.1458 0.2871, -0.1571 0.1231 0.2759, -0.156 0.1281 -1.0851, -0.1561 0.1281 0.2769, -0.1559 0.129 -1.0852, -0.1545 0.133 0.2786, -0.1522 0.1376 -1.0859, -0.1522 0.1376 0.2809, -0.152 0.138 -1.0859, -0.1493 0.1419 0.2837, -0.1459 0.1458 -1.0861, -0.1382 0.1518 -1.0859, -0.056 -0.053 -1.377, -0.0568 -0.0509 -1.377, -0.0528 -0.0561 -1.377, -0.0546 -0.0548 -1.377, -0.0587 -0.0487 -1.3765, -0.0571 -0.0487 -1.377, -0.0529 -0.0649 -1.3742, -0.0824 -0.0578 -1.3565, -0.0789 -0.0662 -1.3565, -0.0733 -0.0735 -1.3565, -0.0661 -0.0791 -1.3565, -0.0576 -0.0826 -1.3565, -0.0564 -0.078 -1.3637, -0.0825 -0.0487 -1.3582, -0.0836 -0.0487 -1.3565, -0.0778 -0.0566 -1.3637, -0.0748 -0.0639 -1.3637, -0.0699 -0.0701 -1.3637, -0.0637 -0.075 -1.3637, -0.0548 -0.072 -1.3697, -0.0606 -0.0696 -1.3697, -0.0656 -0.0658 -1.3697, -0.0694 -0.0608 -1.3697, -0.0718 -0.055 -1.3697, -0.0788 -0.0487 -1.3637, -0.0762 -0.0487 -1.3663, -0.0726 -0.0487 -1.3697, -0.0681 -0.0487 -1.3725, -0.0569 -0.0632 -1.3742, -0.0604 -0.0606 -1.3742, -0.063 -0.0571 -1.3742, -0.0647 -0.0531 -1.3742, -0.0653 -0.0487 -1.3742, -0.0507 -0.057 -1.377, 0.0528 -0.0561 -1.377, 0.0507 -0.057 -1.377, 0.056 -0.053 -1.377, 0.0546 -0.0548 -1.377, 0.0587 -0.0487 -1.3765, 0.0653 -0.0487 -1.3742, 0.0647 -0.0531 -1.3742, 0.0576 -0.0826 -1.3565, 0.0661 -0.0791 -1.3565, 0.0733 -0.0735 -1.3565, 0.0789 -0.0662 -1.3565, 0.0824 -0.0578 -1.3565, 0.0836 -0.0487 -1.3565, 0.0762 -0.0487 -1.3663, 0.0788 -0.0487 -1.3637, 0.0778 -0.0566 -1.3637, 0.0825 -0.0487 -1.3582, 0.0564 -0.078 -1.3637, 0.0637 -0.075 -1.3637, 0.0699 -0.0701 -1.3637, 0.0748 -0.0639 -1.3637, 0.0718 -0.055 -1.3697, 0.0694 -0.0608 -1.3697, 0.0656 -0.0658 -1.3697, 0.0606 -0.0696 -1.3697, 0.0548 -0.072 -1.3697, 0.0681 -0.0487 -1.3725, 0.0726 -0.0487 -1.3697, 0.063 -0.0571 -1.3742, 0.0604 -0.0606 -1.3742, 0.0569 -0.0632 -1.3742, 0.0529 -0.0649 -1.3742, 0.0571 -0.0487 -1.377, 0.0568 -0.0509 -1.377, 0.1571 0.1231 0.2759, 0.1561 0.1281 0.2769, 0.1522 0.1376 -1.0859, 0.1522 0.1376 0.2809, 0.1559 0.129 -1.0852, 0.1545 0.133 0.2786, 0.156 0.1281 -1.0851, 0.152 0.138 -1.0859, 0.1459 0.1458 0.2871, 0.1493 0.1419 0.2837, 0.1459 0.1458 -1.0861, 0.1382 0.1518 -1.0859, 0.1378 0.152 0.2953, 0.1378 0.152 -1.0859, 0.1291 0.1557 -1.0852, 0.1283 0.1559 0.3048, 0.1283 0.1558 -1.0851, -0.058 0.0845 -1.3508, -0.0582 0.0844 -1.3508, -0.0668 0.0805 -1.3521, -0.067 0.0803 -1.3521, -0.0746 0.0744 -1.3525, -0.0805 0.0668 -1.3521, -0.0807 0.0666 -1.3521, -0.0846 0.058 -1.3508, -0.0847 0.0578 -1.3508, -0.0571 0.0483 -1.377, -0.0587 0.0483 -1.3765, -0.0653 0.0483 -1.3742, -0.0681 0.0483 -1.3725, -0.0726 0.0483 -1.3697, -0.0762 0.0483 -1.3663, -0.0788 0.0483 -1.3637, -0.0825 0.0483 -1.3582, -0.0836 0.0483 -1.3565, 0.0836 0.0483 -1.3565, 0.0825 0.0483 -1.3582, 0.0788 0.0483 -1.3637, 0.0762 0.0483 -1.3663, 0.0726 0.0483 -1.3697, 0.0681 0.0483 -1.3725, 0.0653 0.0483 -1.3742, 0.0587 0.0483 -1.3765, 0.0571 0.0483 -1.377, 0.0847 0.0578 -1.3508, 0.0846 0.058 -1.3508, 0.0807 0.0666 -1.3521, 0.0805 0.0668 -1.3521, 0.0746 0.0744 -1.3525, 0.067 0.0803 -1.3521, 0.0668 0.0805 -1.3521, 0.0582 0.0844 -1.3508, 0.058 0.0845 -1.3508, -0.0528 0.0558 -1.377, -0.0507 0.0566 -1.377, -0.056 0.0526 -1.377, -0.0546 0.0544 -1.377, -0.0485 0.0585 -1.3765, -0.0485 0.0569 -1.377, -0.0647 0.0527 -1.3742, -0.0576 0.0822 -1.3565, -0.0661 0.0787 -1.3565, -0.0733 0.0731 -1.3565, -0.0789 0.0659 -1.3565, -0.0824 0.0574 -1.3565, -0.0778 0.0562 -1.3637, -0.0485 0.0823 -1.3582, -0.0485 0.0834 -1.3565, -0.0564 0.0776 -1.3637, -0.0637 0.0746 -1.3637, -0.0699 0.0698 -1.3637, -0.0748 0.0635 -1.3637, -0.0718 0.0546 -1.3697, -0.0694 0.0604 -1.3697, -0.0656 0.0654 -1.3697, -0.0606 0.0692 -1.3697, -0.0548 0.0716 -1.3697, -0.0485 0.0786 -1.3637, -0.0485 0.076 -1.3663, -0.0485 0.0724 -1.3697, -0.0485 0.0679 -1.3725, -0.063 0.0567 -1.3742, -0.0604 0.0602 -1.3742, -0.0569 0.0628 -1.3742, -0.0529 0.0645 -1.3742, -0.0485 0.0651 -1.3742, -0.0568 0.0506 -1.377, 0.056 0.0526 -1.377, 0.0568 0.0506 -1.377, 0.0528 0.0558 -1.377, 0.0546 0.0544 -1.377, 0.0485 0.0585 -1.3765, 0.0485 0.0651 -1.3742, 0.0529 0.0645 -1.3742, 0.0824 0.0574 -1.3565, 0.0789 0.0659 -1.3565, 0.0733 0.0731 -1.3565, 0.0661 0.0787 -1.3565, 0.0576 0.0822 -1.3565, 0.0485 0.0834 -1.3565, 0.0485 0.076 -1.3663, 0.0485 0.0786 -1.3637, 0.0564 0.0776 -1.3637, 0.0485 0.0823 -1.3582, 0.0778 0.0562 -1.3637, 0.0748 0.0635 -1.3637, 0.0699 0.0698 -1.3637, 0.0637 0.0746 -1.3637, 0.0548 0.0716 -1.3697, 0.0606 0.0692 -1.3697, 0.0656 0.0654 -1.3697, 0.0694 0.0604 -1.3697, 0.0718 0.0546 -1.3697, 0.0485 0.0679 -1.3725, 0.0485 0.0724 -1.3697, 0.0569 0.0628 -1.3742, 0.0604 0.0602 -1.3742, 0.063 0.0567 -1.3742, 0.0647 0.0527 -1.3742, 0.0485 0.0569 -1.377, 0.0507 0.0566 -1.377, -0.1283 0.1559 1.378, -0.1283 0.1558 2.9355, -0.1291 0.1557 2.9356, -0.1378 0.152 1.378, -0.1378 0.152 2.9363, -0.1382 0.1518 2.9363, -0.1459 0.1458 1.378, -0.1459 0.1458 2.9365, -0.152 0.138 2.9363, -0.1522 0.1376 1.378, -0.1522 0.1376 2.9363, -0.1559 0.129 2.9356, -0.1561 0.1281 1.378, -0.156 0.1281 2.9355, 0.1561 0.1281 1.378, 0.156 0.1281 2.9355, 0.1559 0.129 2.9356, 0.1522 0.1376 1.378, 0.1522 0.1376 2.9363, 0.152 0.138 2.9363, 0.1459 0.1458 1.378, 0.1459 0.1458 2.9365, 0.1382 0.1518 2.9363, 0.1378 0.152 1.378, 0.1378 0.152 2.9363, 0.1291 0.1557 2.9356, 0.1283 0.1559 1.378, 0.1283 0.1558 2.9355, -0.0847 0.0578 3.2012, -0.0846 0.058 3.2012, -0.0807 0.0666 3.2025, -0.0805 0.0668 3.2025, -0.0746 0.0744 3.2029, -0.067 0.0803 3.2025, -0.0668 0.0805 3.2025, -0.0582 0.0844 3.2012, -0.058 0.0845 3.2012, 0.0485 0.0834 3.2069, -0.0485 0.0834 3.2069, 0.0485 0.0832 3.2071, -0.0485 0.0832 3.2071, 0.0485 0.0786 3.2141, -0.0485 0.0786 3.2141, 0.0485 0.0785 3.2143, -0.0485 0.0785 3.2143, 0.0485 0.0724 3.2201, -0.0485 0.0724 3.2201, 0.0485 0.0723 3.2202, -0.0485 0.0723 3.2202, 0.0485 0.0651 3.2246, -0.0485 0.0651 3.2246, 0.0485 0.065 3.2247, -0.0485 0.065 3.2247, 0.0485 0.0569 3.2274, -0.0485 0.0569 3.2274, 0.0485 0.0569 3.2274, -0.0485 0.0569 3.2274, 0.058 0.0845 3.2012, 0.0582 0.0844 3.2012, 0.0668 0.0805 3.2025, 0.067 0.0803 3.2025, 0.0746 0.0744 3.2029, 0.0805 0.0668 3.2025, 0.0807 0.0666 3.2025, 0.0846 0.058 3.2012, 0.0847 0.0578 3.2012, -0.1561 -0.1285 1.378, -0.156 -0.1285 2.9355, -0.1559 -0.1293 2.9356, -0.1522 -0.138 1.378, -0.1522 -0.138 2.9363, -0.152 -0.1384 2.9363, -0.1459 -0.1461 1.378, -0.1459 -0.1461 2.9365, -0.1382 -0.1522 2.9363, -0.1378 -0.1524 1.378, -0.1378 -0.1524 2.9363, -0.1291 -0.1561 2.9356, -0.1283 -0.1563 1.378, -0.1283 -0.1562 2.9355, -0.0787 0.0483 3.2143, -0.0726 0.0483 3.2201, -0.0718 0.0546 3.2201, -0.0647 0.0527 3.2246, -0.0568 0.0506 3.2274, -0.056 0.0526 3.2274, -0.0528 0.0558 3.2274, -0.0546 0.0544 3.2274, -0.0507 0.0566 3.2274, -0.0571 0.0483 3.2274, -0.0824 0.0574 3.2069, -0.0789 0.0659 3.2069, -0.0733 0.0731 3.2069, -0.0661 0.0787 3.2069, -0.0576 0.0822 3.2069, -0.0725 0.0483 3.2202, -0.0653 0.0483 3.2246, -0.0652 0.0483 3.2247, -0.0571 0.0483 3.2274, -0.063 0.0567 3.2246, -0.0604 0.0602 3.2246, -0.0569 0.0628 3.2246, -0.0529 0.0645 3.2246, -0.0694 0.0604 3.2201, -0.0656 0.0654 3.2201, -0.0606 0.0692 3.2201, -0.0548 0.0716 3.2201, -0.0834 0.0483 3.2071, -0.0788 0.0483 3.2141, -0.0778 0.0562 3.2141, -0.0748 0.0635 3.2141, -0.0699 0.0698 3.2141, -0.0637 0.0746 3.2141, -0.0564 0.0776 3.2141, -0.0836 0.0483 3.2069, 0.0548 0.0716 3.2201, 0.0529 0.0645 3.2246, 0.0507 0.0566 3.2274, 0.0528 0.0558 3.2274, 0.056 0.0526 3.2274, 0.0546 0.0544 3.2274, 0.0568 0.0506 3.2274, 0.0576 0.0822 3.2069, 0.0661 0.0787 3.2069, 0.0733 0.0731 3.2069, 0.0789 0.0659 3.2069, 0.0824 0.0574 3.2069, 0.0836 0.0483 3.2069, 0.0571 0.0483 3.2274, 0.0569 0.0628 3.2246, 0.0604 0.0602 3.2246, 0.063 0.0567 3.2246, 0.0647 0.0527 3.2246, 0.0571 0.0483 3.2274, 0.0652 0.0483 3.2247, 0.0653 0.0483 3.2246, 0.0725 0.0483 3.2202, 0.0606 0.0692 3.2201, 0.0656 0.0654 3.2201, 0.0694 0.0604 3.2201, 0.0718 0.0546 3.2201, 0.0564 0.0776 3.2141, 0.0637 0.0746 3.2141, 0.0699 0.0698 3.2141, 0.0748 0.0635 3.2141, 0.0778 0.0562 3.2141, 0.0726 0.0483 3.2201, 0.0787 0.0483 3.2143, 0.0788 0.0483 3.2141, 0.0834 0.0483 3.2071, 0.1283 -0.1563 1.378, 0.1283 -0.1562 2.9355, 0.1291 -0.1561 2.9356, 0.1378 -0.1524 1.378, 0.1378 -0.1524 2.9363, 0.1382 -0.1522 2.9363, 0.1459 -0.1461 1.378, 0.1459 -0.1461 2.9365, 0.152 -0.1384 2.9363, 0.1522 -0.138 1.378, 0.1522 -0.138 2.9363, 0.1559 -0.1293 2.9356, 0.1561 -0.1285 1.378, 0.156 -0.1285 2.9355, -0.058 -0.0849 3.2012, -0.0582 -0.0848 3.2012, -0.0668 -0.0809 3.2025, -0.067 -0.0807 3.2025, -0.0746 -0.0748 3.2029, -0.0805 -0.0672 3.2025, -0.0807 -0.067 3.2025, -0.0846 -0.0584 3.2012, -0.0847 -0.0582 3.2012, -0.0836 -0.0487 3.2069, -0.0834 -0.0487 3.2071, -0.0788 -0.0487 3.2141, -0.0787 -0.0487 3.2143, -0.0726 -0.0487 3.2201, -0.0725 -0.0487 3.2202, -0.0653 -0.0487 3.2246, -0.0652 -0.0487 3.2247, -0.0571 -0.0487 3.2274, -0.0571 -0.0487 3.2274, 0.0836 -0.0487 3.2069, 0.0834 -0.0487 3.2071, 0.0788 -0.0487 3.2141, 0.0787 -0.0487 3.2143, 0.0726 -0.0487 3.2201, 0.0725 -0.0487 3.2202, 0.0653 -0.0487 3.2246, 0.0652 -0.0487 3.2247, 0.0571 -0.0487 3.2274, 0.0571 -0.0487 3.2274, 0.0847 -0.0582 3.2012, 0.0846 -0.0584 3.2012, 0.0807 -0.067 3.2025, 0.0805 -0.0672 3.2025, 0.0746 -0.0748 3.2029, 0.067 -0.0807 3.2025, 0.0668 -0.0809 3.2025, 0.0582 -0.0848 3.2012, 0.058 -0.0849 3.2012, -0.0485 -0.0789 3.2143, -0.0485 -0.0728 3.2201, -0.0548 -0.072 3.2201, -0.0529 -0.0649 3.2246, -0.0507 -0.057 3.2274, -0.0528 -0.0561 3.2274, -0.056 -0.053 3.2274, -0.0546 -0.0548 3.2274, -0.0568 -0.0509 3.2274, -0.0485 -0.0572 3.2274, -0.0576 -0.0826 3.2069, -0.0661 -0.0791 3.2069, -0.0733 -0.0735 3.2069, -0.0789 -0.0662 3.2069, -0.0824 -0.0578 3.2069, -0.0485 -0.0727 3.2202, -0.0485 -0.0655 3.2246, -0.0485 -0.0654 3.2247, -0.0485 -0.0573 3.2274, -0.0569 -0.0632 3.2246, -0.0604 -0.0606 3.2246, -0.063 -0.0571 3.2246, -0.0647 -0.0531 3.2246, -0.0606 -0.0696 3.2201, -0.0656 -0.0658 3.2201, -0.0694 -0.0608 3.2201, -0.0718 -0.055 3.2201, -0.0485 -0.0836 3.2071, -0.0485 -0.079 3.2141, -0.0564 -0.078 3.2141, -0.0637 -0.075 3.2141, -0.0699 -0.0701 3.2141, -0.0748 -0.0639 3.2141, -0.0778 -0.0566 3.2141, -0.0485 -0.0838 3.2069, 0.0718 -0.055 3.2201, 0.0647 -0.0531 3.2246, 0.0568 -0.0509 3.2274, 0.056 -0.053 3.2274, 0.0528 -0.0561 3.2274, 0.0546 -0.0548 3.2274, 0.0507 -0.057 3.2274, 0.0824 -0.0578 3.2069, 0.0789 -0.0662 3.2069, 0.0733 -0.0735 3.2069, 0.0661 -0.0791 3.2069, 0.0576 -0.0826 3.2069, 0.0485 -0.0838 3.2069, 0.0485 -0.0572 3.2274, 0.063 -0.0571 3.2246, 0.0604 -0.0606 3.2246, 0.0569 -0.0632 3.2246, 0.0529 -0.0649 3.2246, 0.0485 -0.0573 3.2274, 0.0485 -0.0654 3.2247, 0.0485 -0.0655 3.2246, 0.0485 -0.0727 3.2202, 0.0694 -0.0608 3.2201, 0.0656 -0.0658 3.2201, 0.0606 -0.0696 3.2201, 0.0548 -0.072 3.2201, 0.0778 -0.0566 3.2141, 0.0748 -0.0639 3.2141, 0.0699 -0.0701 3.2141, 0.0637 -0.075 3.2141, 0.0564 -0.078 3.2141, 0.0485 -0.0728 3.2201, 0.0485 -0.0789 3.2143, 0.0485 -0.079 3.2141, 0.0485 -0.0836 3.2071, 1.3429 -0.1234 0.2759, 1.3439 -0.1285 0.2769, 1.344 -0.1285 -1.0851, 1.3455 -0.1334 0.2786, 1.3441 -0.1293 -1.0852, 1.3478 -0.138 0.2809, 1.3478 -0.138 -1.0859, 1.3507 -0.1423 0.2837, 1.3541 -0.1461 0.2871, 1.3768 -0.1573 0.2759, 1.3717 -0.1562 -1.0851, 1.3717 -0.1563 0.2769, 1.3709 -0.1561 -1.0852, 1.3668 -0.1547 0.2786, 1.3622 -0.1524 -1.0859, 1.3622 -0.1524 0.2809, 1.3618 -0.1522 -1.0859, 1.3579 -0.1495 0.2837, 1.3541 -0.1461 -1.0861, 1.348 -0.1384 -1.0859, 1.6232 -0.1573 0.2759, 1.6283 -0.1563 0.2769, 1.6283 -0.1562 -1.0851, 1.6332 -0.1547 0.2786, 1.6291 -0.1561 -1.0852, 1.6378 -0.1524 0.2809, 1.6378 -0.1524 -1.0859, 1.6421 -0.1495 0.2837, 1.6459 -0.1461 0.2871, 1.6571 -0.1234 0.2759, 1.656 -0.1285 -1.0851, 1.6561 -0.1285 0.2769, 1.6559 -0.1293 -1.0852, 1.6545 -0.1334 0.2786, 1.6522 -0.138 -1.0859, 1.6522 -0.138 0.2809, 1.652 -0.1384 -1.0859, 1.6493 -0.1423 0.2837, 1.6459 -0.1461 -1.0861, 1.6382 -0.1522 -1.0859, 1.4153 -0.0582 -1.3508, 1.4154 -0.0584 -1.3508, 1.4193 -0.067 -1.3521, 1.4195 -0.0672 -1.3521, 1.4254 -0.0748 -1.3525, 1.433 -0.0807 -1.3521, 1.4332 -0.0809 -1.3521, 1.4418 -0.0848 -1.3508, 1.442 -0.0849 -1.3508, 1.5485 -0.0838 -1.3565, 1.4515 -0.0838 -1.3565, 1.5485 -0.0827 -1.3582, 1.4515 -0.0827 -1.3582, 1.5485 -0.079 -1.3637, 1.4515 -0.079 -1.3637, 1.5485 -0.0764 -1.3663, 1.4515 -0.0764 -1.3663, 1.5485 -0.0728 -1.3697, 1.4515 -0.0728 -1.3697, 1.5485 -0.0683 -1.3725, 1.4515 -0.0683 -1.3725, 1.5485 -0.0655 -1.3742, 1.4515 -0.0655 -1.3742, 1.5485 -0.0589 -1.3765, 1.4515 -0.0589 -1.3765, 1.5485 -0.0573 -1.377, 1.4515 -0.0573 -1.377, 1.558 -0.0849 -1.3508, 1.5582 -0.0848 -1.3508, 1.5668 -0.0809 -1.3521, 1.567 -0.0807 -1.3521, 1.5746 -0.0748 -1.3525, 1.5805 -0.0672 -1.3521, 1.5807 -0.067 -1.3521, 1.5846 -0.0584 -1.3508, 1.5847 -0.0582 -1.3508, 1.3717 0.1559 0.3048, 1.3717 0.1558 -1.0851, 1.3622 0.152 0.2953, 1.3709 0.1557 -1.0852, 1.3622 0.152 -1.0859, 1.3541 0.1458 0.2871, 1.3429 0.1231 0.2759, 1.344 0.1281 -1.0851, 1.3439 0.1281 0.2769, 1.3441 0.129 -1.0852, 1.3455 0.133 0.2786, 1.3478 0.1376 -1.0859, 1.3478 0.1376 0.2809, 1.348 0.138 -1.0859, 1.3507 0.1419 0.2837, 1.3541 0.1458 -1.0861, 1.3618 0.1518 -1.0859, 1.444 -0.053 -1.377, 1.4432 -0.0509 -1.377, 1.4472 -0.0561 -1.377, 1.4454 -0.0548 -1.377, 1.4413 -0.0487 -1.3765, 1.4429 -0.0487 -1.377, 1.4471 -0.0649 -1.3742, 1.4176 -0.0578 -1.3565, 1.4211 -0.0662 -1.3565, 1.4267 -0.0735 -1.3565, 1.4339 -0.0791 -1.3565, 1.4424 -0.0826 -1.3565, 1.4436 -0.078 -1.3637, 1.4175 -0.0487 -1.3582, 1.4164 -0.0487 -1.3565, 1.4222 -0.0566 -1.3637, 1.4252 -0.0639 -1.3637, 1.4301 -0.0701 -1.3637, 1.4363 -0.075 -1.3637, 1.4452 -0.072 -1.3697, 1.4394 -0.0696 -1.3697, 1.4344 -0.0658 -1.3697, 1.4306 -0.0608 -1.3697, 1.4282 -0.055 -1.3697, 1.4212 -0.0487 -1.3637, 1.4238 -0.0487 -1.3663, 1.4274 -0.0487 -1.3697, 1.4319 -0.0487 -1.3725, 1.4431 -0.0632 -1.3742, 1.4396 -0.0606 -1.3742, 1.437 -0.0571 -1.3742, 1.4353 -0.0531 -1.3742, 1.4347 -0.0487 -1.3742, 1.4493 -0.057 -1.377, 1.5528 -0.0561 -1.377, 1.5507 -0.057 -1.377, 1.556 -0.053 -1.377, 1.5546 -0.0548 -1.377, 1.5587 -0.0487 -1.3765, 1.5653 -0.0487 -1.3742, 1.5647 -0.0531 -1.3742, 1.5576 -0.0826 -1.3565, 1.5661 -0.0791 -1.3565, 1.5733 -0.0735 -1.3565, 1.5789 -0.0662 -1.3565, 1.5824 -0.0578 -1.3565, 1.5836 -0.0487 -1.3565, 1.5762 -0.0487 -1.3663, 1.5788 -0.0487 -1.3637, 1.5778 -0.0566 -1.3637, 1.5825 -0.0487 -1.3582, 1.5564 -0.078 -1.3637, 1.5637 -0.075 -1.3637, 1.5699 -0.0701 -1.3637, 1.5748 -0.0639 -1.3637, 1.5718 -0.055 -1.3697, 1.5694 -0.0608 -1.3697, 1.5656 -0.0658 -1.3697, 1.5606 -0.0696 -1.3697, 1.5548 -0.072 -1.3697, 1.5681 -0.0487 -1.3725, 1.5726 -0.0487 -1.3697, 1.563 -0.0571 -1.3742, 1.5604 -0.0606 -1.3742, 1.5569 -0.0632 -1.3742, 1.5529 -0.0649 -1.3742, 1.5571 -0.0487 -1.377, 1.5568 -0.0509 -1.377, 1.6571 0.1231 0.2759, 1.6561 0.1281 0.2769, 1.6522 0.1376 -1.0859, 1.6522 0.1376 0.2809, 1.6559 0.129 -1.0852, 1.6545 0.133 0.2786, 1.656 0.1281 -1.0851, 1.652 0.138 -1.0859, 1.6459 0.1458 0.2871, 1.6493 0.1419 0.2837, 1.6459 0.1458 -1.0861, 1.6382 0.1518 -1.0859, 1.6378 0.152 0.2953, 1.6378 0.152 -1.0859, 1.6291 0.1557 -1.0852, 1.6283 0.1559 0.3048, 1.6283 0.1558 -1.0851, 1.4432 0.0848 -1.3506, 1.442 0.0845 -1.3508, 1.4355 0.0815 -1.3518, 1.4332 0.0805 -1.3521, 1.4287 0.0769 -1.3523, 1.4254 0.0744 -1.3525, 1.4229 0.0711 -1.3523, 1.4193 0.0666 -1.3521, 1.4183 0.0643 -1.3518, 1.4153 0.0578 -1.3508, 1.415 0.0567 -1.3506, 1.4164 0.0483 -1.3565, 1.4175 0.0483 -1.3582, 1.4212 0.0483 -1.3637, 1.4238 0.0483 -1.3663, 1.4274 0.0483 -1.3697, 1.4319 0.0483 -1.3725, 1.4347 0.0483 -1.3742, 1.4413 0.0483 -1.3765, 1.4429 0.0483 -1.377, 1.5836 0.0483 -1.3565, 1.5825 0.0483 -1.3582, 1.5788 0.0483 -1.3637, 1.5762 0.0483 -1.3663, 1.5726 0.0483 -1.3697, 1.5681 0.0483 -1.3725, 1.5653 0.0483 -1.3742, 1.5587 0.0483 -1.3765, 1.5571 0.0483 -1.377, 1.5847 0.0578 -1.3508, 1.5846 0.058 -1.3508, 1.5807 0.0666 -1.3521, 1.5805 0.0668 -1.3521, 1.5746 0.0744 -1.3525, 1.567 0.0803 -1.3521, 1.5668 0.0805 -1.3521, 1.5582 0.0844 -1.3508, 1.558 0.0845 -1.3508, 1.4478 0.0561 -1.377, 1.4496 0.0567 -1.377, 1.4448 0.0537 -1.377, 1.4461 0.055 -1.377, 1.4437 0.0521 -1.377, 1.4515 0.0585 -1.3765, 1.4515 0.0569 -1.377, 1.4352 0.0521 -1.3742, 1.4437 0.0825 -1.3565, 1.4363 0.0799 -1.3565, 1.4296 0.0757 -1.3565, 1.4241 0.0702 -1.3565, 1.4199 0.0635 -1.3565, 1.4173 0.0561 -1.3565, 1.4219 0.0551 -1.3637, 1.4515 0.0834 -1.3565, 1.4515 0.0823 -1.3582, 1.4447 0.0779 -1.3637, 1.4383 0.0756 -1.3637, 1.4326 0.072 -1.3637, 1.4278 0.0672 -1.3637, 1.4242 0.0615 -1.3637, 1.428 0.0537 -1.3697, 1.4298 0.0588 -1.3697, 1.4326 0.0634 -1.3697, 1.4365 0.0672 -1.3697, 1.441 0.07 -1.3697, 1.4461 0.0718 -1.3697, 1.4515 0.0786 -1.3637, 1.4515 0.076 -1.3663, 1.4515 0.0724 -1.3697, 1.4515 0.0679 -1.3725, 1.4364 0.0556 -1.3742, 1.4384 0.0588 -1.3742, 1.441 0.0614 -1.3742, 1.4442 0.0634 -1.3742, 1.4477 0.0646 -1.3742, 1.4515 0.0651 -1.3742, 1.4431 0.0502 -1.377, 1.556 0.0526 -1.377, 1.5568 0.0506 -1.377, 1.5528 0.0558 -1.377, 1.5546 0.0544 -1.377, 1.5485 0.0585 -1.3765, 1.5485 0.0651 -1.3742, 1.5529 0.0645 -1.3742, 1.5824 0.0574 -1.3565, 1.5789 0.0659 -1.3565, 1.5733 0.0731 -1.3565, 1.5661 0.0787 -1.3565, 1.5576 0.0822 -1.3565, 1.5485 0.0834 -1.3565, 1.5485 0.076 -1.3663, 1.5485 0.0786 -1.3637, 1.5564 0.0776 -1.3637, 1.5485 0.0823 -1.3582, 1.5778 0.0562 -1.3637, 1.5748 0.0635 -1.3637, 1.5699 0.0698 -1.3637, 1.5637 0.0746 -1.3637, 1.5548 0.0716 -1.3697, 1.5606 0.0692 -1.3697, 1.5656 0.0654 -1.3697, 1.5694 0.0604 -1.3697, 1.5718 0.0546 -1.3697, 1.5485 0.0679 -1.3725, 1.5485 0.0724 -1.3697, 1.5569 0.0628 -1.3742, 1.5604 0.0602 -1.3742, 1.563 0.0567 -1.3742, 1.5647 0.0527 -1.3742, 1.5485 0.0569 -1.377, 1.5507 0.0566 -1.377, 1.3717 0.1559 1.378, 1.3717 0.1558 2.9355, 1.3709 0.1557 2.9356, 1.3622 0.152 1.378, 1.3622 0.152 2.9363, 1.3618 0.1518 2.9363, 1.3541 0.1458 1.378, 1.3541 0.1458 2.9365, 1.348 0.138 2.9363, 1.3478 0.1376 1.378, 1.3478 0.1376 2.9363, 1.3441 0.129 2.9356, 1.3439 0.1281 1.378, 1.344 0.1281 2.9355, 1.6561 0.1281 1.378, 1.656 0.1281 2.9355, 1.6559 0.129 2.9356, 1.6522 0.1376 1.378, 1.6522 0.1376 2.9363, 1.652 0.138 2.9363, 1.6459 0.1458 1.378, 1.6459 0.1458 2.9365, 1.6382 0.1518 2.9363, 1.6378 0.152 1.378, 1.6378 0.152 2.9363, 1.6291 0.1557 2.9356, 1.6283 0.1559 1.378, 1.6283 0.1558 2.9355, 1.4153 0.0578 3.2012, 1.4154 0.058 3.2012, 1.4193 0.0666 3.2025, 1.4195 0.0668 3.2025, 1.4254 0.0744 3.2029, 1.433 0.0803 3.2025, 1.4332 0.0805 3.2025, 1.4418 0.0844 3.2012, 1.442 0.0845 3.2012, 1.5485 0.0834 3.2069, 1.4515 0.0834 3.2069, 1.5485 0.0832 3.2071, 1.4515 0.0832 3.2071, 1.5485 0.0786 3.2141, 1.4515 0.0786 3.2141, 1.5485 0.0785 3.2143, 1.4515 0.0785 3.2143, 1.5485 0.0724 3.2201, 1.4515 0.0724 3.2201, 1.5485 0.0723 3.2202, 1.4515 0.0723 3.2202, 1.5485 0.0651 3.2246, 1.4515 0.0651 3.2246, 1.5485 0.065 3.2247, 1.4515 0.065 3.2247, 1.5485 0.0569 3.2274, 1.4515 0.0569 3.2274, 1.5485 0.0569 3.2274, 1.4515 0.0569 3.2274, 1.558 0.0845 3.2012, 1.5582 0.0844 3.2012, 1.5668 0.0805 3.2025, 1.567 0.0803 3.2025, 1.5746 0.0744 3.2029, 1.5805 0.0668 3.2025, 1.5807 0.0666 3.2025, 1.5846 0.058 3.2012, 1.5847 0.0578 3.2012, 1.3439 -0.1285 1.378, 1.344 -0.1285 2.9355, 1.3441 -0.1293 2.9356, 1.3478 -0.138 1.378, 1.3478 -0.138 2.9363, 1.348 -0.1384 2.9363, 1.3541 -0.1461 1.378, 1.3541 -0.1461 2.9365, 1.3618 -0.1522 2.9363, 1.3622 -0.1524 1.378, 1.3622 -0.1524 2.9363, 1.3709 -0.1561 2.9356, 1.3717 -0.1563 1.378, 1.3717 -0.1562 2.9355, 1.4213 0.0483 3.2143, 1.4274 0.0483 3.2201, 1.4282 0.0546 3.2201, 1.4353 0.0527 3.2246, 1.4432 0.0506 3.2274, 1.444 0.0526 3.2274, 1.4472 0.0558 3.2274, 1.4454 0.0544 3.2274, 1.4493 0.0566 3.2274, 1.4429 0.0483 3.2274, 1.4176 0.0574 3.2069, 1.4211 0.0659 3.2069, 1.4267 0.0731 3.2069, 1.4339 0.0787 3.2069, 1.4424 0.0822 3.2069, 1.4275 0.0483 3.2202, 1.4347 0.0483 3.2246, 1.4348 0.0483 3.2247, 1.4429 0.0483 3.2274, 1.437 0.0567 3.2246, 1.4396 0.0602 3.2246, 1.4431 0.0628 3.2246, 1.4471 0.0645 3.2246, 1.4306 0.0604 3.2201, 1.4344 0.0654 3.2201, 1.4394 0.0692 3.2201, 1.4452 0.0716 3.2201, 1.4166 0.0483 3.2071, 1.4212 0.0483 3.2141, 1.4222 0.0562 3.2141, 1.4252 0.0635 3.2141, 1.4301 0.0698 3.2141, 1.4363 0.0746 3.2141, 1.4436 0.0776 3.2141, 1.4164 0.0483 3.2069, 1.5548 0.0716 3.2201, 1.5529 0.0645 3.2246, 1.5507 0.0566 3.2274, 1.5528 0.0558 3.2274, 1.556 0.0526 3.2274, 1.5546 0.0544 3.2274, 1.5568 0.0506 3.2274, 1.5576 0.0822 3.2069, 1.5661 0.0787 3.2069, 1.5733 0.0731 3.2069, 1.5789 0.0659 3.2069, 1.5824 0.0574 3.2069, 1.5836 0.0483 3.2069, 1.5571 0.0483 3.2274, 1.5569 0.0628 3.2246, 1.5604 0.0602 3.2246, 1.563 0.0567 3.2246, 1.5647 0.0527 3.2246, 1.5571 0.0483 3.2274, 1.5652 0.0483 3.2247, 1.5653 0.0483 3.2246, 1.5725 0.0483 3.2202, 1.5606 0.0692 3.2201, 1.5656 0.0654 3.2201, 1.5694 0.0604 3.2201, 1.5718 0.0546 3.2201, 1.5564 0.0776 3.2141, 1.5637 0.0746 3.2141, 1.5699 0.0698 3.2141, 1.5748 0.0635 3.2141, 1.5778 0.0562 3.2141, 1.5726 0.0483 3.2201, 1.5787 0.0483 3.2143, 1.5788 0.0483 3.2141, 1.5834 0.0483 3.2071, 1.6283 -0.1563 1.378, 1.6283 -0.1562 2.9355, 1.6291 -0.1561 2.9356, 1.6378 -0.1524 1.378, 1.6378 -0.1524 2.9363, 1.6382 -0.1522 2.9363, 1.6459 -0.1461 1.378, 1.6459 -0.1461 2.9365, 1.652 -0.1384 2.9363, 1.6522 -0.138 1.378, 1.6522 -0.138 2.9363, 1.6559 -0.1293 2.9356, 1.6561 -0.1285 1.378, 1.656 -0.1285 2.9355, 1.442 -0.0849 3.2012, 1.4418 -0.0848 3.2012, 1.4332 -0.0809 3.2025, 1.433 -0.0807 3.2025, 1.4254 -0.0748 3.2029, 1.4195 -0.0672 3.2025, 1.4193 -0.067 3.2025, 1.4154 -0.0584 3.2012, 1.4153 -0.0582 3.2012, 1.4164 -0.0487 3.2069, 1.4166 -0.0487 3.2071, 1.4212 -0.0487 3.2141, 1.4213 -0.0487 3.2143, 1.4274 -0.0487 3.2201, 1.4275 -0.0487 3.2202, 1.4347 -0.0487 3.2246, 1.4348 -0.0487 3.2247, 1.4429 -0.0487 3.2274, 1.4429 -0.0487 3.2274, 1.5836 -0.0487 3.2069, 1.5834 -0.0487 3.2071, 1.5788 -0.0487 3.2141, 1.5787 -0.0487 3.2143, 1.5726 -0.0487 3.2201, 1.5725 -0.0487 3.2202, 1.5653 -0.0487 3.2246, 1.5652 -0.0487 3.2247, 1.5571 -0.0487 3.2274, 1.5571 -0.0487 3.2274, 1.5847 -0.0582 3.2012, 1.5846 -0.0584 3.2012, 1.5807 -0.067 3.2025, 1.5805 -0.0672 3.2025, 1.5746 -0.0748 3.2029, 1.567 -0.0807 3.2025, 1.5668 -0.0809 3.2025, 1.5582 -0.0848 3.2012, 1.558 -0.0849 3.2012, 1.4515 -0.0789 3.2143, 1.4515 -0.0728 3.2201, 1.4452 -0.072 3.2201, 1.4471 -0.0649 3.2246, 1.4493 -0.057 3.2274, 1.4472 -0.0561 3.2274, 1.444 -0.053 3.2274, 1.4454 -0.0548 3.2274, 1.4432 -0.0509 3.2274, 1.4515 -0.0572 3.2274, 1.4424 -0.0826 3.2069, 1.4339 -0.0791 3.2069, 1.4267 -0.0735 3.2069, 1.4211 -0.0662 3.2069, 1.4176 -0.0578 3.2069, 1.4515 -0.0727 3.2202, 1.4515 -0.0655 3.2246, 1.4515 -0.0654 3.2247, 1.4515 -0.0573 3.2274, 1.4431 -0.0632 3.2246, 1.4396 -0.0606 3.2246, 1.437 -0.0571 3.2246, 1.4353 -0.0531 3.2246, 1.4394 -0.0696 3.2201, 1.4344 -0.0658 3.2201, 1.4306 -0.0608 3.2201, 1.4282 -0.055 3.2201, 1.4515 -0.0836 3.2071, 1.4515 -0.079 3.2141, 1.4436 -0.078 3.2141, 1.4363 -0.075 3.2141, 1.4301 -0.0701 3.2141, 1.4252 -0.0639 3.2141, 1.4222 -0.0566 3.2141, 1.4515 -0.0838 3.2069, 1.5718 -0.055 3.2201, 1.5647 -0.0531 3.2246, 1.5568 -0.0509 3.2274, 1.556 -0.053 3.2274, 1.5528 -0.0561 3.2274, 1.5546 -0.0548 3.2274, 1.5507 -0.057 3.2274, 1.5824 -0.0578 3.2069, 1.5789 -0.0662 3.2069, 1.5733 -0.0735 3.2069, 1.5661 -0.0791 3.2069, 1.5576 -0.0826 3.2069, 1.5485 -0.0838 3.2069, 1.5485 -0.0572 3.2274, 1.563 -0.0571 3.2246, 1.5604 -0.0606 3.2246, 1.5569 -0.0632 3.2246, 1.5529 -0.0649 3.2246, 1.5485 -0.0573 3.2274, 1.5485 -0.0654 3.2247, 1.5485 -0.0655 3.2246, 1.5485 -0.0727 3.2202, 1.5694 -0.0608 3.2201, 1.5656 -0.0658 3.2201, 1.5606 -0.0696 3.2201, 1.5548 -0.072 3.2201, 1.5778 -0.0566 3.2141, 1.5748 -0.0639 3.2141, 1.5699 -0.0701 3.2141, 1.5637 -0.075 3.2141, 1.5564 -0.078 3.2141, 1.5485 -0.0728 3.2201, 1.5485 -0.0789 3.2143, 1.5485 -0.079 3.2141, 1.5485 -0.0836 3.2071
            ]
        }
        coordIndex [
            0,1,2,-1,2,1,3,-1,4,5,6,-1,6,5,7,-1,8,9,10,-1,10,9,11,-1,12,13,14,-1,14,13,15,-1,16,17,18,-1,19,20,21,-1,22,23,21,-1,21,23,16,-1,21,16,19,-1,19,16,18,-1,24,25,26,-1,26,25,27,-1,28,29,30,-1,30,29,31,-1,32,33,34,-1,34,33,35,-1,36,37,38,-1,38,37,39,-1,40,41,42,-1,42,41,43,-1,31,44,45,-1,31,45,30,-1,30,45,46,-1,30,46,47,-1,48,49,27,-1,27,49,50,-1,27,50,26,-1,26,50,51,-1,35,52,53,-1,35,53,34,-1,34,53,54,-1,34,54,55,-1,36,56,57,-1,36,57,37,-1,37,57,58,-1,37,58,59,-1,22,60,61,-1,22,61,23,-1,23,61,62,-1,23,62,63,-1,15,64,65,-1,15,65,14,-1,14,65,66,-1,14,66,67,-1,4,68,69,-1,4,69,5,-1,5,69,70,-1,5,70,71,-1,8,72,73,-1,8,73,9,-1,9,73,74,-1,9,74,75,-1,76,7,5,-1,76,5,77,-1,5,71,77,-1,77,71,78,-1,77,78,79,-1,79,78,80,-1,79,80,81,-1,81,80,82,-1,81,82,83,-1,83,82,84,-1,8,10,72,-1,72,10,85,-1,72,85,86,-1,86,85,87,-1,86,87,88,-1,88,87,89,-1,88,89,90,-1,90,89,91,-1,90,91,92,-1,92,91,93,-1,92,93,94,-1,94,93,84,-1,94,84,95,-1,95,84,82,-1,96,11,9,-1,96,9,97,-1,9,75,97,-1,97,75,98,-1,97,98,99,-1,99,98,100,-1,99,100,101,-1,101,100,102,-1,101,102,103,-1,103,102,104,-1,15,13,64,-1,64,13,105,-1,64,105,106,-1,106,105,107,-1,106,107,108,-1,108,107,109,-1,108,109,110,-1,110,109,111,-1,110,111,112,-1,112,111,113,-1,112,113,114,-1,114,113,104,-1,114,104,115,-1,115,104,102,-1,95,82,116,-1,116,82,80,-1,116,80,70,-1,70,80,78,-1,70,78,71,-1,116,117,95,-1,95,117,118,-1,95,118,94,-1,94,118,119,-1,119,120,94,-1,94,120,121,-1,94,121,92,-1,92,121,122,-1,92,122,90,-1,90,122,123,-1,90,123,88,-1,88,123,124,-1,88,124,86,-1,86,124,73,-1,86,73,72,-1,3,1,125,-1,125,1,126,-1,125,126,127,-1,127,126,128,-1,127,128,129,-1,129,128,130,-1,129,130,131,-1,131,130,132,-1,131,132,133,-1,133,132,134,-1,133,134,135,-1,135,134,136,-1,135,136,137,-1,137,136,138,-1,137,138,139,-1,139,138,140,-1,139,140,141,-1,141,140,142,-1,141,142,73,-1,73,142,74,-1,115,102,143,-1,143,102,100,-1,143,100,74,-1,74,100,98,-1,74,98,75,-1,143,144,115,-1,115,144,145,-1,115,145,114,-1,114,145,146,-1,146,147,114,-1,114,147,148,-1,114,148,112,-1,112,148,149,-1,112,149,110,-1,110,149,150,-1,110,150,108,-1,108,150,151,-1,108,151,106,-1,106,151,65,-1,106,65,64,-1,152,16,23,-1,23,63,152,-1,152,63,153,-1,152,153,154,-1,153,155,154,-1,154,155,156,-1,154,156,157,-1,4,6,68,-1,68,6,158,-1,68,158,159,-1,159,158,160,-1,159,160,161,-1,161,160,162,-1,161,162,163,-1,163,162,164,-1,163,164,165,-1,165,164,166,-1,165,166,167,-1,167,166,157,-1,167,157,168,-1,168,157,156,-1,169,170,3,-1,171,172,3,-1,173,174,170,-1,170,174,3,-1,172,169,3,-1,127,129,175,-1,176,117,116,-1,117,176,118,-1,118,176,177,-1,118,177,119,-1,119,177,178,-1,119,178,120,-1,120,178,179,-1,120,179,121,-1,121,179,122,-1,122,179,180,-1,122,180,123,-1,123,180,124,-1,124,180,141,-1,124,141,73,-1,135,137,181,-1,181,137,139,-1,182,176,183,-1,183,176,116,-1,183,116,70,-1,182,184,176,-1,176,184,185,-1,176,185,177,-1,177,185,186,-1,177,186,178,-1,178,186,187,-1,178,187,179,-1,179,187,181,-1,179,181,180,-1,180,181,139,-1,180,139,141,-1,135,181,188,-1,188,181,187,-1,188,187,189,-1,189,187,186,-1,189,186,190,-1,190,186,185,-1,190,185,191,-1,191,185,184,-1,191,184,192,-1,129,131,188,-1,188,131,133,-1,188,133,135,-1,182,193,184,-1,184,193,194,-1,184,194,192,-1,192,194,195,-1,192,195,196,-1,129,188,175,-1,175,188,189,-1,175,189,197,-1,197,189,190,-1,197,190,198,-1,198,190,191,-1,198,191,199,-1,199,191,192,-1,199,192,200,-1,200,192,196,-1,200,196,201,-1,3,125,202,-1,202,125,127,-1,171,3,202,-1,127,175,202,-1,202,175,197,-1,202,197,171,-1,171,197,198,-1,171,198,172,-1,172,198,199,-1,172,199,169,-1,169,199,200,-1,169,200,170,-1,170,200,201,-1,170,201,173,-1,203,204,1,-1,205,206,1,-1,128,126,204,-1,204,126,1,-1,206,203,1,-1,207,208,209,-1,210,144,143,-1,144,210,145,-1,145,210,211,-1,145,211,146,-1,146,211,212,-1,146,212,147,-1,147,212,213,-1,147,213,148,-1,148,213,149,-1,149,213,214,-1,149,214,150,-1,150,214,151,-1,151,214,215,-1,151,215,65,-1,216,217,218,-1,218,217,219,-1,140,210,142,-1,142,210,143,-1,142,143,74,-1,140,220,210,-1,210,220,221,-1,210,221,211,-1,211,221,222,-1,211,222,212,-1,212,222,223,-1,212,223,213,-1,213,223,218,-1,213,218,214,-1,214,218,219,-1,214,219,215,-1,216,218,224,-1,224,218,223,-1,224,223,225,-1,225,223,222,-1,225,222,226,-1,226,222,221,-1,226,221,227,-1,227,221,220,-1,227,220,228,-1,208,229,224,-1,224,229,230,-1,224,230,216,-1,140,138,220,-1,220,138,136,-1,220,136,228,-1,228,136,134,-1,228,134,132,-1,208,224,209,-1,209,224,225,-1,209,225,231,-1,231,225,226,-1,231,226,232,-1,232,226,227,-1,232,227,233,-1,233,227,228,-1,233,228,234,-1,234,228,132,-1,234,132,130,-1,1,235,236,-1,236,235,207,-1,205,1,236,-1,207,209,236,-1,236,209,231,-1,236,231,205,-1,205,231,232,-1,205,232,206,-1,206,232,233,-1,206,233,203,-1,203,233,234,-1,203,234,204,-1,204,234,130,-1,204,130,128,-1,237,12,14,-1,237,14,238,-1,239,240,241,-1,241,240,242,-1,241,242,243,-1,243,242,238,-1,243,238,67,-1,67,238,14,-1,244,245,239,-1,239,245,246,-1,239,246,240,-1,244,247,245,-1,245,247,248,-1,245,248,249,-1,248,250,249,-1,249,250,251,-1,249,251,252,-1,22,21,60,-1,60,21,252,-1,60,252,253,-1,253,252,251,-1,63,62,153,-1,153,62,254,-1,153,254,155,-1,155,254,255,-1,155,255,156,-1,156,255,256,-1,156,256,168,-1,256,257,168,-1,168,257,258,-1,168,258,167,-1,69,68,259,-1,259,68,159,-1,259,159,260,-1,260,159,161,-1,260,161,261,-1,261,161,163,-1,261,163,262,-1,262,163,165,-1,262,165,263,-1,263,165,167,-1,263,167,264,-1,264,167,258,-1,70,69,183,-1,183,69,265,-1,183,265,182,-1,182,265,266,-1,182,266,193,-1,193,266,267,-1,193,267,194,-1,194,267,268,-1,194,268,195,-1,195,268,269,-1,195,269,196,-1,196,269,270,-1,196,270,201,-1,201,270,271,-1,201,271,173,-1,173,271,272,-1,173,272,174,-1,174,272,273,-1,174,273,3,-1,3,273,2,-1,66,65,274,-1,274,65,215,-1,274,215,275,-1,275,215,219,-1,275,219,276,-1,276,219,217,-1,276,217,277,-1,277,217,216,-1,277,216,278,-1,278,216,230,-1,278,230,279,-1,279,230,229,-1,279,229,280,-1,280,229,208,-1,280,208,281,-1,281,208,207,-1,281,207,282,-1,282,207,235,-1,282,235,0,-1,0,235,1,-1,244,239,283,-1,283,239,241,-1,283,241,66,-1,66,241,243,-1,66,243,67,-1,283,284,244,-1,244,284,285,-1,244,285,247,-1,247,285,286,-1,286,287,247,-1,247,287,288,-1,247,288,248,-1,248,288,289,-1,248,289,250,-1,250,289,290,-1,250,290,251,-1,251,290,291,-1,251,291,253,-1,253,291,61,-1,253,61,60,-1,292,293,2,-1,294,295,2,-1,294,2,296,-1,297,298,293,-1,293,298,2,-1,295,292,2,-1,272,271,299,-1,254,300,255,-1,255,300,301,-1,264,258,302,-1,302,258,257,-1,302,257,301,-1,301,257,256,-1,301,256,255,-1,264,302,263,-1,263,302,303,-1,263,303,262,-1,262,303,304,-1,262,304,261,-1,261,304,260,-1,260,304,305,-1,260,305,259,-1,259,305,265,-1,259,265,69,-1,268,267,306,-1,306,267,266,-1,254,62,300,-1,300,62,307,-1,300,307,308,-1,308,309,300,-1,300,309,310,-1,300,310,301,-1,301,310,311,-1,301,311,302,-1,302,311,312,-1,302,312,303,-1,303,312,313,-1,303,313,304,-1,304,313,306,-1,304,306,305,-1,305,306,266,-1,305,266,265,-1,268,306,314,-1,314,306,313,-1,314,313,315,-1,315,313,312,-1,315,312,316,-1,316,312,311,-1,316,311,317,-1,317,311,310,-1,317,310,318,-1,318,310,309,-1,318,309,319,-1,271,270,314,-1,314,270,269,-1,314,269,268,-1,308,320,309,-1,309,320,321,-1,309,321,319,-1,319,321,322,-1,319,322,323,-1,271,314,299,-1,299,314,315,-1,299,315,324,-1,324,315,316,-1,324,316,325,-1,325,316,317,-1,325,317,326,-1,326,317,318,-1,326,318,327,-1,327,318,319,-1,327,319,328,-1,328,319,323,-1,328,323,329,-1,2,273,330,-1,330,273,272,-1,296,2,330,-1,272,299,330,-1,330,299,324,-1,330,324,296,-1,296,324,325,-1,296,325,294,-1,294,325,326,-1,294,326,295,-1,295,326,327,-1,295,327,292,-1,292,327,328,-1,292,328,293,-1,293,328,329,-1,293,329,297,-1,331,332,0,-1,333,334,0,-1,281,282,332,-1,332,282,0,-1,334,331,0,-1,335,336,337,-1,338,284,283,-1,284,338,285,-1,285,338,339,-1,285,339,286,-1,286,339,340,-1,286,340,287,-1,287,340,341,-1,287,341,288,-1,288,341,289,-1,289,341,342,-1,289,342,290,-1,290,342,291,-1,291,342,343,-1,291,343,61,-1,344,345,346,-1,346,345,347,-1,275,338,274,-1,274,338,283,-1,274,283,66,-1,275,348,338,-1,338,348,349,-1,338,349,339,-1,339,349,350,-1,339,350,340,-1,340,350,351,-1,340,351,341,-1,341,351,346,-1,341,346,342,-1,342,346,347,-1,342,347,343,-1,344,346,352,-1,352,346,351,-1,352,351,353,-1,353,351,350,-1,353,350,354,-1,354,350,349,-1,354,349,355,-1,355,349,348,-1,355,348,356,-1,336,357,352,-1,352,357,358,-1,352,358,344,-1,275,276,348,-1,348,276,277,-1,348,277,356,-1,356,277,278,-1,356,278,279,-1,336,352,337,-1,337,352,353,-1,337,353,359,-1,359,353,354,-1,359,354,360,-1,360,354,355,-1,360,355,361,-1,361,355,356,-1,361,356,362,-1,362,356,279,-1,362,279,280,-1,0,363,364,-1,364,363,335,-1,333,0,364,-1,335,337,364,-1,364,337,359,-1,364,359,333,-1,333,359,360,-1,333,360,334,-1,334,360,361,-1,334,361,331,-1,331,361,362,-1,331,362,332,-1,332,362,280,-1,332,280,281,-1,62,61,307,-1,307,61,343,-1,307,343,308,-1,308,343,347,-1,308,347,320,-1,320,347,345,-1,320,345,321,-1,321,345,344,-1,321,344,322,-1,322,344,358,-1,322,358,323,-1,323,358,357,-1,323,357,329,-1,329,357,336,-1,329,336,297,-1,297,336,335,-1,297,335,298,-1,298,335,363,-1,298,363,2,-1,2,363,0,-1,36,38,56,-1,56,38,365,-1,56,365,366,-1,366,365,367,-1,367,365,368,-1,367,368,369,-1,369,368,370,-1,370,368,371,-1,370,371,372,-1,372,371,373,-1,373,371,374,-1,373,374,375,-1,375,374,376,-1,376,374,377,-1,376,377,378,-1,32,34,377,-1,377,34,55,-1,377,55,378,-1,27,25,48,-1,48,25,379,-1,48,379,380,-1,380,379,381,-1,381,379,382,-1,381,382,383,-1,383,382,384,-1,384,382,385,-1,384,385,386,-1,386,385,387,-1,387,385,388,-1,387,388,389,-1,389,388,390,-1,390,388,391,-1,390,391,392,-1,39,37,391,-1,391,37,59,-1,391,59,392,-1,373,375,393,-1,393,375,376,-1,393,376,54,-1,54,376,378,-1,54,378,55,-1,393,394,373,-1,373,394,395,-1,373,395,372,-1,372,395,396,-1,396,397,372,-1,372,397,398,-1,372,398,370,-1,370,398,399,-1,370,399,369,-1,369,399,400,-1,369,400,367,-1,367,400,401,-1,367,401,366,-1,366,401,57,-1,366,57,56,-1,58,57,402,-1,402,57,403,-1,402,403,404,-1,404,403,405,-1,404,405,406,-1,406,405,407,-1,406,407,408,-1,408,407,409,-1,408,409,410,-1,410,409,411,-1,410,411,412,-1,412,411,413,-1,412,413,414,-1,414,413,415,-1,414,415,416,-1,416,415,417,-1,416,417,418,-1,418,417,419,-1,418,419,420,-1,419,421,420,-1,420,421,43,-1,420,43,41,-1,387,389,422,-1,422,389,390,-1,422,390,58,-1,58,390,392,-1,58,392,59,-1,422,423,387,-1,387,423,424,-1,387,424,386,-1,386,424,425,-1,425,426,386,-1,386,426,427,-1,386,427,384,-1,384,427,428,-1,384,428,383,-1,383,428,429,-1,383,429,381,-1,381,429,430,-1,381,430,380,-1,380,430,49,-1,380,49,48,-1,35,33,52,-1,52,33,431,-1,52,431,432,-1,432,431,433,-1,433,431,434,-1,433,434,435,-1,435,434,436,-1,436,434,437,-1,436,437,438,-1,438,437,439,-1,439,437,440,-1,439,440,441,-1,441,440,442,-1,442,440,443,-1,442,443,444,-1,28,30,443,-1,443,30,47,-1,443,47,444,-1,445,446,447,-1,448,449,450,-1,43,451,452,-1,453,451,43,-1,450,449,43,-1,454,43,449,-1,455,394,393,-1,394,455,395,-1,395,455,456,-1,395,456,396,-1,396,456,457,-1,396,457,397,-1,397,457,458,-1,397,458,398,-1,398,458,399,-1,399,458,459,-1,399,459,400,-1,400,459,401,-1,401,459,403,-1,401,403,57,-1,421,453,43,-1,460,461,448,-1,448,461,462,-1,448,462,449,-1,449,462,463,-1,449,463,454,-1,464,452,465,-1,465,452,451,-1,465,451,466,-1,466,451,453,-1,466,453,467,-1,421,419,453,-1,453,419,417,-1,453,417,467,-1,467,417,415,-1,467,415,413,-1,447,464,468,-1,468,464,465,-1,468,465,469,-1,469,465,466,-1,469,466,470,-1,470,466,467,-1,470,467,471,-1,471,467,413,-1,472,473,474,-1,474,473,445,-1,445,447,474,-1,474,447,468,-1,474,468,475,-1,475,468,469,-1,475,469,476,-1,476,469,470,-1,476,470,477,-1,477,470,471,-1,477,471,478,-1,446,460,447,-1,447,460,448,-1,447,448,464,-1,464,448,450,-1,464,450,452,-1,452,450,43,-1,472,455,479,-1,479,455,393,-1,479,393,54,-1,413,411,471,-1,471,411,409,-1,471,409,478,-1,478,409,407,-1,478,407,405,-1,472,474,455,-1,455,474,475,-1,455,475,456,-1,456,475,476,-1,456,476,457,-1,457,476,477,-1,457,477,458,-1,458,477,478,-1,458,478,459,-1,459,478,405,-1,459,405,403,-1,408,410,480,-1,481,482,483,-1,41,484,485,-1,486,484,41,-1,483,482,41,-1,420,41,482,-1,487,423,422,-1,423,487,424,-1,424,487,488,-1,424,488,425,-1,425,488,489,-1,425,489,426,-1,426,489,490,-1,426,490,427,-1,427,490,428,-1,428,490,491,-1,428,491,429,-1,429,491,430,-1,430,491,492,-1,430,492,49,-1,493,486,41,-1,412,414,481,-1,481,414,416,-1,481,416,482,-1,482,416,418,-1,482,418,420,-1,494,485,495,-1,495,485,484,-1,495,484,496,-1,496,484,486,-1,496,486,497,-1,493,498,486,-1,486,498,499,-1,486,499,497,-1,497,499,500,-1,497,500,501,-1,480,494,502,-1,502,494,495,-1,502,495,503,-1,503,495,496,-1,503,496,504,-1,504,496,497,-1,504,497,505,-1,505,497,501,-1,404,406,506,-1,506,406,408,-1,408,480,506,-1,506,480,502,-1,506,502,507,-1,507,502,503,-1,507,503,508,-1,508,503,504,-1,508,504,509,-1,509,504,505,-1,509,505,510,-1,410,412,480,-1,480,412,481,-1,480,481,494,-1,494,481,483,-1,494,483,485,-1,485,483,41,-1,404,487,402,-1,402,487,422,-1,402,422,58,-1,501,511,505,-1,505,511,512,-1,505,512,510,-1,510,512,513,-1,510,513,514,-1,404,506,487,-1,487,506,507,-1,487,507,488,-1,488,507,508,-1,488,508,489,-1,489,508,509,-1,489,509,490,-1,490,509,510,-1,490,510,491,-1,491,510,514,-1,491,514,492,-1,31,29,44,-1,44,29,515,-1,44,515,516,-1,516,515,517,-1,517,515,518,-1,517,518,519,-1,519,518,520,-1,520,518,521,-1,520,521,522,-1,522,521,523,-1,523,521,524,-1,523,524,525,-1,525,524,526,-1,526,524,527,-1,526,527,528,-1,24,26,527,-1,527,26,51,-1,527,51,528,-1,439,441,529,-1,529,441,442,-1,529,442,46,-1,46,442,444,-1,46,444,47,-1,529,530,439,-1,439,530,531,-1,439,531,438,-1,438,531,532,-1,532,533,438,-1,438,533,534,-1,438,534,436,-1,436,534,535,-1,436,535,435,-1,435,535,536,-1,435,536,433,-1,433,536,537,-1,433,537,432,-1,432,537,53,-1,432,53,52,-1,42,43,454,-1,54,53,479,-1,479,53,538,-1,479,538,472,-1,472,538,539,-1,472,539,473,-1,473,539,540,-1,473,540,445,-1,445,540,541,-1,445,541,446,-1,446,541,542,-1,446,542,460,-1,460,542,543,-1,460,543,461,-1,461,543,544,-1,461,544,462,-1,462,544,545,-1,462,545,463,-1,463,545,546,-1,463,546,454,-1,454,546,547,-1,454,547,42,-1,50,49,548,-1,548,49,492,-1,548,492,549,-1,549,492,514,-1,549,514,550,-1,550,514,513,-1,550,513,551,-1,551,513,512,-1,551,512,552,-1,552,512,511,-1,552,511,553,-1,553,511,501,-1,553,501,554,-1,554,501,500,-1,554,500,555,-1,555,500,499,-1,555,499,556,-1,556,499,498,-1,556,498,557,-1,498,493,557,-1,557,493,41,-1,557,41,40,-1,523,525,558,-1,558,525,526,-1,558,526,50,-1,50,526,528,-1,50,528,51,-1,558,559,523,-1,523,559,560,-1,523,560,522,-1,522,560,561,-1,561,562,522,-1,522,562,563,-1,522,563,520,-1,520,563,564,-1,520,564,519,-1,519,564,565,-1,519,565,517,-1,517,565,566,-1,517,566,516,-1,516,566,45,-1,516,45,44,-1,567,568,569,-1,570,571,572,-1,42,573,574,-1,575,573,42,-1,572,571,42,-1,576,42,571,-1,577,530,529,-1,530,577,531,-1,531,577,578,-1,531,578,532,-1,532,578,579,-1,532,579,533,-1,533,579,580,-1,533,580,534,-1,534,580,535,-1,535,580,581,-1,535,581,536,-1,536,581,537,-1,537,581,538,-1,537,538,53,-1,547,575,42,-1,582,583,570,-1,570,583,584,-1,570,584,571,-1,571,584,585,-1,571,585,576,-1,586,574,587,-1,587,574,573,-1,587,573,588,-1,588,573,575,-1,588,575,589,-1,547,546,575,-1,575,546,545,-1,575,545,589,-1,589,545,544,-1,589,544,543,-1,569,586,590,-1,590,586,587,-1,590,587,591,-1,591,587,588,-1,591,588,592,-1,592,588,589,-1,592,589,593,-1,593,589,543,-1,594,595,596,-1,596,595,567,-1,567,569,596,-1,596,569,590,-1,596,590,597,-1,597,590,591,-1,597,591,598,-1,598,591,592,-1,598,592,599,-1,599,592,593,-1,599,593,600,-1,568,582,569,-1,569,582,570,-1,569,570,586,-1,586,570,572,-1,586,572,574,-1,574,572,42,-1,594,577,601,-1,601,577,529,-1,601,529,46,-1,543,542,593,-1,593,542,541,-1,593,541,600,-1,600,541,540,-1,600,540,539,-1,594,596,577,-1,577,596,597,-1,577,597,578,-1,578,597,598,-1,578,598,579,-1,579,598,599,-1,579,599,580,-1,580,599,600,-1,580,600,581,-1,581,600,539,-1,581,539,538,-1,551,552,602,-1,603,604,605,-1,40,606,607,-1,608,606,40,-1,605,604,40,-1,557,40,604,-1,609,559,558,-1,559,609,560,-1,560,609,610,-1,560,610,561,-1,561,610,611,-1,561,611,562,-1,562,611,612,-1,562,612,563,-1,563,612,564,-1,564,612,613,-1,564,613,565,-1,565,613,566,-1,566,613,614,-1,566,614,45,-1,615,608,40,-1,553,554,603,-1,603,554,555,-1,603,555,604,-1,604,555,556,-1,604,556,557,-1,616,607,617,-1,617,607,606,-1,617,606,618,-1,618,606,608,-1,618,608,619,-1,615,620,608,-1,608,620,621,-1,608,621,619,-1,619,621,622,-1,619,622,623,-1,602,616,624,-1,624,616,617,-1,624,617,625,-1,625,617,618,-1,625,618,626,-1,626,618,619,-1,626,619,627,-1,627,619,623,-1,549,550,628,-1,628,550,551,-1,551,602,628,-1,628,602,624,-1,628,624,629,-1,629,624,625,-1,629,625,630,-1,630,625,626,-1,630,626,631,-1,631,626,627,-1,631,627,632,-1,552,553,602,-1,602,553,603,-1,602,603,616,-1,616,603,605,-1,616,605,607,-1,607,605,40,-1,549,609,548,-1,548,609,558,-1,548,558,50,-1,623,633,627,-1,627,633,634,-1,627,634,632,-1,632,634,635,-1,632,635,636,-1,549,628,609,-1,609,628,629,-1,609,629,610,-1,610,629,630,-1,610,630,611,-1,611,630,631,-1,611,631,612,-1,612,631,632,-1,612,632,613,-1,613,632,636,-1,613,636,614,-1,40,42,576,-1,46,45,601,-1,601,45,614,-1,601,614,594,-1,594,614,636,-1,594,636,595,-1,595,636,635,-1,595,635,567,-1,567,635,634,-1,567,634,568,-1,568,634,633,-1,568,633,582,-1,582,633,623,-1,582,623,583,-1,583,623,622,-1,583,622,584,-1,584,622,621,-1,584,621,585,-1,585,621,620,-1,585,620,576,-1,576,620,615,-1,576,615,40,-1,637,638,639,-1,639,638,640,-1,641,642,643,-1,643,642,644,-1,645,646,647,-1,647,646,648,-1,649,650,651,-1,651,650,652,-1,653,654,655,-1,656,657,658,-1,659,660,658,-1,658,660,653,-1,658,653,656,-1,656,653,655,-1,661,662,663,-1,663,662,664,-1,665,666,667,-1,667,666,668,-1,669,670,671,-1,671,670,672,-1,673,674,675,-1,675,674,676,-1,677,678,679,-1,679,678,680,-1,681,682,683,-1,683,682,684,-1,685,686,687,-1,687,686,688,-1,689,690,691,-1,691,690,692,-1,693,694,695,-1,695,694,696,-1,697,698,699,-1,700,701,702,-1,703,704,702,-1,702,704,697,-1,702,697,700,-1,700,697,699,-1,705,706,707,-1,707,706,708,-1,709,710,711,-1,711,710,712,-1,713,714,715,-1,715,714,716,-1,717,718,719,-1,719,718,720,-1,721,722,723,-1,723,722,724,-1,668,725,726,-1,668,726,667,-1,667,726,727,-1,667,727,728,-1,664,729,730,-1,664,730,663,-1,663,730,731,-1,663,731,732,-1,672,733,734,-1,672,734,671,-1,671,734,735,-1,671,735,736,-1,673,737,738,-1,673,738,674,-1,674,738,739,-1,674,739,740,-1,659,741,742,-1,659,742,660,-1,660,742,743,-1,660,743,744,-1,652,745,746,-1,652,746,651,-1,651,746,747,-1,651,747,748,-1,641,749,750,-1,641,750,642,-1,642,750,751,-1,642,751,752,-1,645,753,754,-1,645,754,646,-1,646,754,755,-1,646,755,756,-1,712,757,758,-1,712,758,711,-1,711,758,759,-1,711,759,760,-1,708,761,762,-1,708,762,707,-1,707,762,763,-1,707,763,764,-1,716,765,766,-1,716,766,715,-1,715,766,767,-1,715,767,768,-1,717,769,770,-1,717,770,718,-1,718,770,771,-1,718,771,772,-1,703,773,774,-1,703,774,704,-1,704,774,775,-1,704,775,776,-1,696,777,778,-1,696,778,695,-1,695,778,779,-1,695,779,780,-1,685,781,782,-1,685,782,686,-1,686,782,783,-1,686,783,784,-1,689,785,786,-1,689,786,690,-1,690,786,787,-1,690,787,788,-1,789,644,642,-1,789,642,790,-1,642,752,790,-1,790,752,791,-1,790,791,792,-1,792,791,793,-1,792,793,794,-1,794,793,795,-1,794,795,796,-1,796,795,797,-1,645,647,753,-1,753,647,798,-1,753,798,799,-1,799,798,800,-1,799,800,801,-1,801,800,802,-1,801,802,803,-1,803,802,804,-1,803,804,805,-1,805,804,806,-1,805,806,807,-1,807,806,797,-1,807,797,808,-1,808,797,795,-1,809,648,646,-1,809,646,810,-1,646,756,810,-1,810,756,811,-1,810,811,812,-1,812,811,813,-1,812,813,814,-1,814,813,815,-1,814,815,816,-1,816,815,817,-1,652,650,745,-1,745,650,818,-1,745,818,819,-1,819,818,820,-1,819,820,821,-1,821,820,822,-1,821,822,823,-1,823,822,824,-1,823,824,825,-1,825,824,826,-1,825,826,827,-1,827,826,817,-1,827,817,828,-1,828,817,815,-1,808,795,829,-1,829,795,793,-1,829,793,751,-1,751,793,791,-1,751,791,752,-1,829,830,808,-1,808,830,831,-1,808,831,807,-1,807,831,832,-1,832,833,807,-1,807,833,834,-1,807,834,805,-1,805,834,835,-1,805,835,803,-1,803,835,836,-1,803,836,801,-1,801,836,837,-1,801,837,799,-1,799,837,754,-1,799,754,753,-1,755,754,838,-1,838,754,839,-1,838,839,840,-1,840,839,841,-1,840,841,842,-1,842,841,843,-1,842,843,844,-1,844,843,845,-1,844,845,846,-1,846,845,847,-1,846,847,848,-1,848,847,849,-1,848,849,850,-1,850,849,851,-1,850,851,852,-1,852,851,853,-1,852,853,854,-1,854,853,855,-1,854,855,638,-1,638,855,640,-1,828,815,856,-1,856,815,813,-1,856,813,755,-1,755,813,811,-1,755,811,756,-1,856,857,828,-1,828,857,858,-1,828,858,827,-1,827,858,859,-1,859,860,827,-1,827,860,861,-1,827,861,825,-1,825,861,862,-1,825,862,823,-1,823,862,863,-1,823,863,821,-1,821,863,864,-1,821,864,819,-1,819,864,746,-1,819,746,745,-1,865,653,660,-1,660,744,865,-1,865,744,866,-1,865,866,867,-1,866,868,867,-1,867,868,869,-1,867,869,870,-1,641,643,749,-1,749,643,871,-1,749,871,872,-1,872,871,873,-1,872,873,874,-1,874,873,875,-1,874,875,876,-1,876,875,877,-1,876,877,878,-1,878,877,879,-1,878,879,880,-1,880,879,870,-1,880,870,881,-1,881,870,869,-1,882,883,640,-1,884,885,640,-1,886,887,883,-1,883,887,640,-1,885,882,640,-1,853,851,888,-1,889,830,829,-1,830,889,831,-1,831,889,890,-1,831,890,832,-1,832,890,891,-1,832,891,833,-1,833,891,892,-1,833,892,834,-1,834,892,835,-1,835,892,893,-1,835,893,836,-1,836,893,837,-1,837,893,839,-1,837,839,754,-1,845,843,894,-1,894,843,841,-1,895,889,896,-1,896,889,829,-1,896,829,751,-1,895,897,889,-1,889,897,898,-1,889,898,890,-1,890,898,899,-1,890,899,891,-1,891,899,900,-1,891,900,892,-1,892,900,894,-1,892,894,893,-1,893,894,841,-1,893,841,839,-1,845,894,901,-1,901,894,900,-1,901,900,902,-1,902,900,899,-1,902,899,903,-1,903,899,898,-1,903,898,904,-1,904,898,897,-1,904,897,905,-1,851,849,901,-1,901,849,847,-1,901,847,845,-1,895,906,897,-1,897,906,907,-1,897,907,905,-1,905,907,908,-1,905,908,909,-1,851,901,888,-1,888,901,902,-1,888,902,910,-1,910,902,903,-1,910,903,911,-1,911,903,904,-1,911,904,912,-1,912,904,905,-1,912,905,913,-1,913,905,909,-1,913,909,914,-1,640,855,915,-1,915,855,853,-1,884,640,915,-1,853,888,915,-1,915,888,910,-1,915,910,884,-1,884,910,911,-1,884,911,885,-1,885,911,912,-1,885,912,882,-1,882,912,913,-1,882,913,883,-1,883,913,914,-1,883,914,886,-1,916,917,638,-1,918,919,638,-1,852,854,917,-1,917,854,638,-1,919,916,638,-1,920,921,922,-1,923,857,856,-1,857,923,858,-1,858,923,924,-1,858,924,859,-1,859,924,925,-1,859,925,860,-1,860,925,926,-1,860,926,861,-1,861,926,862,-1,862,926,927,-1,862,927,863,-1,863,927,864,-1,864,927,928,-1,864,928,746,-1,929,930,931,-1,931,930,932,-1,840,923,838,-1,838,923,856,-1,838,856,755,-1,840,933,923,-1,923,933,934,-1,923,934,924,-1,924,934,935,-1,924,935,925,-1,925,935,936,-1,925,936,926,-1,926,936,931,-1,926,931,927,-1,927,931,932,-1,927,932,928,-1,929,931,937,-1,937,931,936,-1,937,936,938,-1,938,936,935,-1,938,935,939,-1,939,935,934,-1,939,934,940,-1,940,934,933,-1,940,933,941,-1,921,942,937,-1,937,942,943,-1,937,943,929,-1,840,842,933,-1,933,842,844,-1,933,844,941,-1,941,844,846,-1,941,846,848,-1,921,937,922,-1,922,937,938,-1,922,938,944,-1,944,938,939,-1,944,939,945,-1,945,939,940,-1,945,940,946,-1,946,940,941,-1,946,941,947,-1,947,941,848,-1,947,848,850,-1,638,948,949,-1,949,948,920,-1,918,638,949,-1,920,922,949,-1,949,922,944,-1,949,944,918,-1,918,944,945,-1,918,945,919,-1,919,945,946,-1,919,946,916,-1,916,946,947,-1,916,947,917,-1,917,947,850,-1,917,850,852,-1,950,649,651,-1,950,651,951,-1,952,953,954,-1,954,953,955,-1,954,955,956,-1,956,955,951,-1,956,951,748,-1,748,951,651,-1,957,958,952,-1,952,958,959,-1,952,959,953,-1,957,960,958,-1,958,960,961,-1,958,961,962,-1,961,963,962,-1,962,963,964,-1,962,964,965,-1,659,658,741,-1,741,658,965,-1,741,965,966,-1,966,965,964,-1,881,869,967,-1,967,869,868,-1,967,868,743,-1,743,868,866,-1,743,866,744,-1,967,968,881,-1,881,968,969,-1,881,969,880,-1,880,969,970,-1,970,971,880,-1,880,971,972,-1,880,972,878,-1,878,972,973,-1,878,973,876,-1,876,973,974,-1,876,974,874,-1,874,974,975,-1,874,975,872,-1,872,975,750,-1,872,750,749,-1,639,640,976,-1,976,640,887,-1,976,887,977,-1,977,887,886,-1,977,886,978,-1,978,886,914,-1,978,914,979,-1,979,914,909,-1,979,909,980,-1,980,909,908,-1,980,908,981,-1,981,908,907,-1,981,907,982,-1,982,907,906,-1,982,906,983,-1,983,906,895,-1,983,895,984,-1,984,895,896,-1,984,896,750,-1,750,896,751,-1,747,746,985,-1,985,746,928,-1,985,928,986,-1,986,928,932,-1,986,932,987,-1,987,932,930,-1,987,930,988,-1,988,930,929,-1,988,929,989,-1,989,929,943,-1,989,943,990,-1,990,943,942,-1,990,942,991,-1,991,942,921,-1,991,921,992,-1,992,921,920,-1,992,920,993,-1,993,920,948,-1,993,948,637,-1,637,948,638,-1,957,952,994,-1,994,952,954,-1,994,954,747,-1,747,954,956,-1,747,956,748,-1,994,995,957,-1,957,995,996,-1,957,996,960,-1,960,996,997,-1,997,998,960,-1,960,998,999,-1,960,999,961,-1,961,999,1000,-1,961,1000,963,-1,963,1000,1001,-1,963,1001,964,-1,964,1001,1002,-1,964,1002,966,-1,966,1002,742,-1,966,742,741,-1,1003,1004,639,-1,1005,1006,639,-1,1007,1008,1004,-1,1004,1008,639,-1,1006,1003,639,-1,977,978,1009,-1,1010,968,967,-1,968,1010,969,-1,969,1010,1011,-1,969,1011,970,-1,970,1011,1012,-1,970,1012,971,-1,971,1012,1013,-1,971,1013,972,-1,972,1013,973,-1,973,1013,1014,-1,973,1014,974,-1,974,1014,975,-1,975,1014,984,-1,975,984,750,-1,981,982,1015,-1,1015,982,983,-1,1016,1010,1017,-1,1017,1010,967,-1,1017,967,743,-1,1016,1018,1010,-1,1010,1018,1019,-1,1010,1019,1011,-1,1011,1019,1020,-1,1011,1020,1012,-1,1012,1020,1021,-1,1012,1021,1013,-1,1013,1021,1015,-1,1013,1015,1014,-1,1014,1015,983,-1,1014,983,984,-1,981,1015,1022,-1,1022,1015,1021,-1,1022,1021,1023,-1,1023,1021,1020,-1,1023,1020,1024,-1,1024,1020,1019,-1,1024,1019,1025,-1,1025,1019,1018,-1,1025,1018,1026,-1,978,979,1022,-1,1022,979,980,-1,1022,980,981,-1,1016,1027,1018,-1,1018,1027,1028,-1,1018,1028,1026,-1,1026,1028,1029,-1,1026,1029,1030,-1,978,1022,1009,-1,1009,1022,1023,-1,1009,1023,1031,-1,1031,1023,1024,-1,1031,1024,1032,-1,1032,1024,1025,-1,1032,1025,1033,-1,1033,1025,1026,-1,1033,1026,1034,-1,1034,1026,1030,-1,1034,1030,1035,-1,639,976,1036,-1,1036,976,977,-1,1005,639,1036,-1,977,1009,1036,-1,1036,1009,1031,-1,1036,1031,1005,-1,1005,1031,1032,-1,1005,1032,1006,-1,1006,1032,1033,-1,1006,1033,1003,-1,1003,1033,1034,-1,1003,1034,1004,-1,1004,1034,1035,-1,1004,1035,1007,-1,1037,1038,637,-1,1039,1040,637,-1,992,993,1038,-1,1038,993,637,-1,1040,1037,637,-1,1041,1042,1043,-1,1044,995,994,-1,995,1044,996,-1,996,1044,1045,-1,996,1045,997,-1,997,1045,1046,-1,997,1046,998,-1,998,1046,1047,-1,998,1047,999,-1,999,1047,1000,-1,1000,1047,1048,-1,1000,1048,1001,-1,1001,1048,1002,-1,1002,1048,1049,-1,1002,1049,742,-1,1050,1051,1052,-1,1052,1051,1053,-1,986,1044,985,-1,985,1044,994,-1,985,994,747,-1,986,1054,1044,-1,1044,1054,1055,-1,1044,1055,1045,-1,1045,1055,1056,-1,1045,1056,1046,-1,1046,1056,1057,-1,1046,1057,1047,-1,1047,1057,1052,-1,1047,1052,1048,-1,1048,1052,1053,-1,1048,1053,1049,-1,1050,1052,1058,-1,1058,1052,1057,-1,1058,1057,1059,-1,1059,1057,1056,-1,1059,1056,1060,-1,1060,1056,1055,-1,1060,1055,1061,-1,1061,1055,1054,-1,1061,1054,1062,-1,1042,1063,1058,-1,1058,1063,1064,-1,1058,1064,1050,-1,986,987,1054,-1,1054,987,988,-1,1054,988,1062,-1,1062,988,989,-1,1062,989,990,-1,1042,1058,1043,-1,1043,1058,1059,-1,1043,1059,1065,-1,1065,1059,1060,-1,1065,1060,1066,-1,1066,1060,1061,-1,1066,1061,1067,-1,1067,1061,1062,-1,1067,1062,1068,-1,1068,1062,990,-1,1068,990,991,-1,637,1069,1070,-1,1070,1069,1041,-1,1039,637,1070,-1,1041,1043,1070,-1,1070,1043,1065,-1,1070,1065,1039,-1,1039,1065,1066,-1,1039,1066,1040,-1,1040,1066,1067,-1,1040,1067,1037,-1,1037,1067,1068,-1,1037,1068,1038,-1,1038,1068,991,-1,1038,991,992,-1,743,742,1017,-1,1017,742,1049,-1,1017,1049,1016,-1,1016,1049,1053,-1,1016,1053,1027,-1,1027,1053,1051,-1,1027,1051,1028,-1,1028,1051,1050,-1,1028,1050,1029,-1,1029,1050,1064,-1,1029,1064,1030,-1,1030,1064,1063,-1,1030,1063,1035,-1,1035,1063,1042,-1,1035,1042,1007,-1,1007,1042,1041,-1,1007,1041,1008,-1,1008,1041,1069,-1,1008,1069,639,-1,639,1069,637,-1,673,675,737,-1,737,675,1071,-1,737,1071,1072,-1,1072,1071,1073,-1,1073,1071,1074,-1,1073,1074,1075,-1,1075,1074,1076,-1,1076,1074,1077,-1,1076,1077,1078,-1,1078,1077,1079,-1,1079,1077,1080,-1,1079,1080,1081,-1,1081,1080,1082,-1,1082,1080,1083,-1,1082,1083,1084,-1,669,671,1083,-1,1083,671,736,-1,1083,736,1084,-1,664,662,729,-1,729,662,1085,-1,729,1085,1086,-1,1086,1085,1087,-1,1087,1085,1088,-1,1087,1088,1089,-1,1089,1088,1090,-1,1090,1088,1091,-1,1090,1091,1092,-1,1092,1091,1093,-1,1093,1091,1094,-1,1093,1094,1095,-1,1095,1094,1096,-1,1096,1094,1097,-1,1096,1097,1098,-1,676,674,1097,-1,1097,674,740,-1,1097,740,1098,-1,1079,1081,1099,-1,1099,1081,1082,-1,1099,1082,735,-1,735,1082,1084,-1,735,1084,736,-1,1099,1100,1079,-1,1079,1100,1101,-1,1079,1101,1078,-1,1078,1101,1102,-1,1102,1103,1078,-1,1078,1103,1104,-1,1078,1104,1076,-1,1076,1104,1105,-1,1076,1105,1075,-1,1075,1105,1106,-1,1075,1106,1073,-1,1073,1106,1107,-1,1073,1107,1072,-1,1072,1107,738,-1,1072,738,737,-1,739,738,1108,-1,1108,738,1109,-1,1108,1109,1110,-1,1110,1109,1111,-1,1110,1111,1112,-1,1112,1111,1113,-1,1112,1113,1114,-1,1114,1113,1115,-1,1114,1115,1116,-1,1116,1115,1117,-1,1116,1117,1118,-1,1118,1117,1119,-1,1118,1119,1120,-1,1120,1119,1121,-1,1120,1121,1122,-1,1122,1121,1123,-1,1122,1123,1124,-1,1124,1123,1125,-1,1124,1125,1126,-1,1125,1127,1126,-1,1126,1127,680,-1,1126,680,678,-1,1093,1095,1128,-1,1128,1095,1096,-1,1128,1096,739,-1,739,1096,1098,-1,739,1098,740,-1,1128,1129,1093,-1,1093,1129,1130,-1,1093,1130,1092,-1,1092,1130,1131,-1,1131,1132,1092,-1,1092,1132,1133,-1,1092,1133,1090,-1,1090,1133,1134,-1,1090,1134,1089,-1,1089,1134,1135,-1,1089,1135,1087,-1,1087,1135,1136,-1,1087,1136,1086,-1,1086,1136,730,-1,1086,730,729,-1,672,670,733,-1,733,670,1137,-1,733,1137,1138,-1,1138,1137,1139,-1,1139,1137,1140,-1,1139,1140,1141,-1,1141,1140,1142,-1,1142,1140,1143,-1,1142,1143,1144,-1,1144,1143,1145,-1,1145,1143,1146,-1,1145,1146,1147,-1,1147,1146,1148,-1,1148,1146,1149,-1,1148,1149,1150,-1,665,667,1149,-1,1149,667,728,-1,1149,728,1150,-1,1151,1152,1153,-1,1154,1155,1156,-1,680,1157,1158,-1,1159,1157,680,-1,1156,1155,680,-1,1160,680,1155,-1,1161,1100,1099,-1,1100,1161,1101,-1,1101,1161,1162,-1,1101,1162,1102,-1,1102,1162,1163,-1,1102,1163,1103,-1,1103,1163,1164,-1,1103,1164,1104,-1,1104,1164,1105,-1,1105,1164,1165,-1,1105,1165,1106,-1,1106,1165,1107,-1,1107,1165,1109,-1,1107,1109,738,-1,1127,1159,680,-1,1166,1167,1154,-1,1154,1167,1168,-1,1154,1168,1155,-1,1155,1168,1169,-1,1155,1169,1160,-1,1170,1158,1171,-1,1171,1158,1157,-1,1171,1157,1172,-1,1172,1157,1159,-1,1172,1159,1173,-1,1127,1125,1159,-1,1159,1125,1123,-1,1159,1123,1173,-1,1173,1123,1121,-1,1173,1121,1119,-1,1153,1170,1174,-1,1174,1170,1171,-1,1174,1171,1175,-1,1175,1171,1172,-1,1175,1172,1176,-1,1176,1172,1173,-1,1176,1173,1177,-1,1177,1173,1119,-1,1178,1179,1180,-1,1180,1179,1151,-1,1151,1153,1180,-1,1180,1153,1174,-1,1180,1174,1181,-1,1181,1174,1175,-1,1181,1175,1182,-1,1182,1175,1176,-1,1182,1176,1183,-1,1183,1176,1177,-1,1183,1177,1184,-1,1152,1166,1153,-1,1153,1166,1154,-1,1153,1154,1170,-1,1170,1154,1156,-1,1170,1156,1158,-1,1158,1156,680,-1,1178,1161,1185,-1,1185,1161,1099,-1,1185,1099,735,-1,1119,1117,1177,-1,1177,1117,1115,-1,1177,1115,1184,-1,1184,1115,1113,-1,1184,1113,1111,-1,1178,1180,1161,-1,1161,1180,1181,-1,1161,1181,1162,-1,1162,1181,1182,-1,1162,1182,1163,-1,1163,1182,1183,-1,1163,1183,1164,-1,1164,1183,1184,-1,1164,1184,1165,-1,1165,1184,1111,-1,1165,1111,1109,-1,1114,1116,1186,-1,1187,1188,1189,-1,678,1190,1191,-1,1192,1190,678,-1,1189,1188,678,-1,1126,678,1188,-1,1193,1129,1128,-1,1129,1193,1130,-1,1130,1193,1194,-1,1130,1194,1131,-1,1131,1194,1195,-1,1131,1195,1132,-1,1132,1195,1196,-1,1132,1196,1133,-1,1133,1196,1134,-1,1134,1196,1197,-1,1134,1197,1135,-1,1135,1197,1136,-1,1136,1197,1198,-1,1136,1198,730,-1,1199,1192,678,-1,1118,1120,1187,-1,1187,1120,1122,-1,1187,1122,1188,-1,1188,1122,1124,-1,1188,1124,1126,-1,1200,1191,1201,-1,1201,1191,1190,-1,1201,1190,1202,-1,1202,1190,1192,-1,1202,1192,1203,-1,1199,1204,1192,-1,1192,1204,1205,-1,1192,1205,1203,-1,1203,1205,1206,-1,1203,1206,1207,-1,1186,1200,1208,-1,1208,1200,1201,-1,1208,1201,1209,-1,1209,1201,1202,-1,1209,1202,1210,-1,1210,1202,1203,-1,1210,1203,1211,-1,1211,1203,1207,-1,1110,1112,1212,-1,1212,1112,1114,-1,1114,1186,1212,-1,1212,1186,1208,-1,1212,1208,1213,-1,1213,1208,1209,-1,1213,1209,1214,-1,1214,1209,1210,-1,1214,1210,1215,-1,1215,1210,1211,-1,1215,1211,1216,-1,1116,1118,1186,-1,1186,1118,1187,-1,1186,1187,1200,-1,1200,1187,1189,-1,1200,1189,1191,-1,1191,1189,678,-1,1110,1193,1108,-1,1108,1193,1128,-1,1108,1128,739,-1,1207,1217,1211,-1,1211,1217,1218,-1,1211,1218,1216,-1,1216,1218,1219,-1,1216,1219,1220,-1,1110,1212,1193,-1,1193,1212,1213,-1,1193,1213,1194,-1,1194,1213,1214,-1,1194,1214,1195,-1,1195,1214,1215,-1,1195,1215,1196,-1,1196,1215,1216,-1,1196,1216,1197,-1,1197,1216,1220,-1,1197,1220,1198,-1,668,666,725,-1,725,666,1221,-1,725,1221,1222,-1,1222,1221,1223,-1,1223,1221,1224,-1,1223,1224,1225,-1,1225,1224,1226,-1,1226,1224,1227,-1,1226,1227,1228,-1,1228,1227,1229,-1,1229,1227,1230,-1,1229,1230,1231,-1,1231,1230,1232,-1,1232,1230,1233,-1,1232,1233,1234,-1,661,663,1233,-1,1233,663,732,-1,1233,732,1234,-1,1145,1147,1235,-1,1235,1147,1148,-1,1235,1148,727,-1,727,1148,1150,-1,727,1150,728,-1,1235,1236,1145,-1,1145,1236,1237,-1,1145,1237,1144,-1,1144,1237,1238,-1,1238,1239,1144,-1,1144,1239,1240,-1,1144,1240,1142,-1,1142,1240,1241,-1,1142,1241,1141,-1,1141,1241,1242,-1,1141,1242,1139,-1,1139,1242,1243,-1,1139,1243,1138,-1,1138,1243,734,-1,1138,734,733,-1,679,680,1160,-1,735,734,1185,-1,1185,734,1244,-1,1185,1244,1178,-1,1178,1244,1245,-1,1178,1245,1179,-1,1179,1245,1246,-1,1179,1246,1151,-1,1151,1246,1247,-1,1151,1247,1152,-1,1152,1247,1248,-1,1152,1248,1166,-1,1166,1248,1249,-1,1166,1249,1167,-1,1167,1249,1250,-1,1167,1250,1168,-1,1168,1250,1251,-1,1168,1251,1169,-1,1169,1251,1252,-1,1169,1252,1160,-1,1160,1252,1253,-1,1160,1253,679,-1,731,730,1254,-1,1254,730,1198,-1,1254,1198,1255,-1,1255,1198,1220,-1,1255,1220,1256,-1,1256,1220,1219,-1,1256,1219,1257,-1,1257,1219,1218,-1,1257,1218,1258,-1,1258,1218,1217,-1,1258,1217,1259,-1,1259,1217,1207,-1,1259,1207,1260,-1,1260,1207,1206,-1,1260,1206,1261,-1,1261,1206,1205,-1,1261,1205,1262,-1,1262,1205,1204,-1,1262,1204,1263,-1,1204,1199,1263,-1,1263,1199,678,-1,1263,678,677,-1,1229,1231,1264,-1,1264,1231,1232,-1,1264,1232,731,-1,731,1232,1234,-1,731,1234,732,-1,1264,1265,1229,-1,1229,1265,1266,-1,1229,1266,1228,-1,1228,1266,1267,-1,1267,1268,1228,-1,1228,1268,1269,-1,1228,1269,1226,-1,1226,1269,1270,-1,1226,1270,1225,-1,1225,1270,1271,-1,1225,1271,1223,-1,1223,1271,1272,-1,1223,1272,1222,-1,1222,1272,726,-1,1222,726,725,-1,1273,1274,1275,-1,1276,1277,1278,-1,679,1279,1280,-1,1281,1279,679,-1,1278,1277,679,-1,1282,679,1277,-1,1283,1236,1235,-1,1236,1283,1237,-1,1237,1283,1284,-1,1237,1284,1238,-1,1238,1284,1285,-1,1238,1285,1239,-1,1239,1285,1286,-1,1239,1286,1240,-1,1240,1286,1241,-1,1241,1286,1287,-1,1241,1287,1242,-1,1242,1287,1243,-1,1243,1287,1244,-1,1243,1244,734,-1,1253,1281,679,-1,1288,1289,1276,-1,1276,1289,1290,-1,1276,1290,1277,-1,1277,1290,1291,-1,1277,1291,1282,-1,1292,1280,1293,-1,1293,1280,1279,-1,1293,1279,1294,-1,1294,1279,1281,-1,1294,1281,1295,-1,1253,1252,1281,-1,1281,1252,1251,-1,1281,1251,1295,-1,1295,1251,1250,-1,1295,1250,1249,-1,1275,1292,1296,-1,1296,1292,1293,-1,1296,1293,1297,-1,1297,1293,1294,-1,1297,1294,1298,-1,1298,1294,1295,-1,1298,1295,1299,-1,1299,1295,1249,-1,1300,1301,1302,-1,1302,1301,1273,-1,1273,1275,1302,-1,1302,1275,1296,-1,1302,1296,1303,-1,1303,1296,1297,-1,1303,1297,1304,-1,1304,1297,1298,-1,1304,1298,1305,-1,1305,1298,1299,-1,1305,1299,1306,-1,1274,1288,1275,-1,1275,1288,1276,-1,1275,1276,1292,-1,1292,1276,1278,-1,1292,1278,1280,-1,1280,1278,679,-1,1300,1283,1307,-1,1307,1283,1235,-1,1307,1235,727,-1,1249,1248,1299,-1,1299,1248,1247,-1,1299,1247,1306,-1,1306,1247,1246,-1,1306,1246,1245,-1,1300,1302,1283,-1,1283,1302,1303,-1,1283,1303,1284,-1,1284,1303,1304,-1,1284,1304,1285,-1,1285,1304,1305,-1,1285,1305,1286,-1,1286,1305,1306,-1,1286,1306,1287,-1,1287,1306,1245,-1,1287,1245,1244,-1,1257,1258,1308,-1,1309,1310,1311,-1,677,1312,1313,-1,1314,1312,677,-1,1311,1310,677,-1,1263,677,1310,-1,1315,1265,1264,-1,1265,1315,1266,-1,1266,1315,1316,-1,1266,1316,1267,-1,1267,1316,1317,-1,1267,1317,1268,-1,1268,1317,1318,-1,1268,1318,1269,-1,1269,1318,1270,-1,1270,1318,1319,-1,1270,1319,1271,-1,1271,1319,1272,-1,1272,1319,1320,-1,1272,1320,726,-1,1321,1314,677,-1,1259,1260,1309,-1,1309,1260,1261,-1,1309,1261,1310,-1,1310,1261,1262,-1,1310,1262,1263,-1,1322,1313,1323,-1,1323,1313,1312,-1,1323,1312,1324,-1,1324,1312,1314,-1,1324,1314,1325,-1,1321,1326,1314,-1,1314,1326,1327,-1,1314,1327,1325,-1,1325,1327,1328,-1,1325,1328,1329,-1,1308,1322,1330,-1,1330,1322,1323,-1,1330,1323,1331,-1,1331,1323,1324,-1,1331,1324,1332,-1,1332,1324,1325,-1,1332,1325,1333,-1,1333,1325,1329,-1,1255,1256,1334,-1,1334,1256,1257,-1,1257,1308,1334,-1,1334,1308,1330,-1,1334,1330,1335,-1,1335,1330,1331,-1,1335,1331,1336,-1,1336,1331,1332,-1,1336,1332,1337,-1,1337,1332,1333,-1,1337,1333,1338,-1,1258,1259,1308,-1,1308,1259,1309,-1,1308,1309,1322,-1,1322,1309,1311,-1,1322,1311,1313,-1,1313,1311,677,-1,1255,1315,1254,-1,1254,1315,1264,-1,1254,1264,731,-1,1329,1339,1333,-1,1333,1339,1340,-1,1333,1340,1338,-1,1338,1340,1341,-1,1338,1341,1342,-1,1255,1334,1315,-1,1315,1334,1335,-1,1315,1335,1316,-1,1316,1335,1336,-1,1316,1336,1317,-1,1317,1336,1337,-1,1317,1337,1318,-1,1318,1337,1338,-1,1318,1338,1319,-1,1319,1338,1342,-1,1319,1342,1320,-1,677,679,1282,-1,727,726,1307,-1,1307,726,1320,-1,1307,1320,1300,-1,1300,1320,1342,-1,1300,1342,1301,-1,1301,1342,1341,-1,1301,1341,1273,-1,1273,1341,1340,-1,1273,1340,1274,-1,1274,1340,1339,-1,1274,1339,1288,-1,1288,1339,1329,-1,1288,1329,1289,-1,1289,1329,1328,-1,1289,1328,1290,-1,1290,1328,1327,-1,1290,1327,1291,-1,1291,1327,1326,-1,1291,1326,1282,-1,1282,1326,1321,-1,1282,1321,677,-1,1343,688,686,-1,1343,686,1344,-1,686,784,1344,-1,1344,784,1345,-1,1344,1345,1346,-1,1346,1345,1347,-1,1346,1347,1348,-1,1348,1347,1349,-1,1348,1349,1350,-1,1350,1349,1351,-1,689,691,785,-1,785,691,1352,-1,785,1352,1353,-1,1353,1352,1354,-1,1353,1354,1355,-1,1355,1354,1356,-1,1355,1356,1357,-1,1357,1356,1358,-1,1357,1358,1359,-1,1359,1358,1360,-1,1359,1360,1361,-1,1361,1360,1351,-1,1361,1351,1362,-1,1362,1351,1349,-1,1363,692,690,-1,1363,690,1364,-1,690,788,1364,-1,1364,788,1365,-1,1364,1365,1366,-1,1366,1365,1367,-1,1366,1367,1368,-1,1368,1367,1369,-1,1368,1369,1370,-1,1370,1369,1371,-1,696,694,777,-1,777,694,1372,-1,777,1372,1373,-1,1373,1372,1374,-1,1373,1374,1375,-1,1375,1374,1376,-1,1375,1376,1377,-1,1377,1376,1378,-1,1377,1378,1379,-1,1379,1378,1380,-1,1379,1380,1381,-1,1381,1380,1371,-1,1381,1371,1382,-1,1382,1371,1369,-1,1362,1349,1383,-1,1383,1349,1347,-1,1383,1347,783,-1,783,1347,1345,-1,783,1345,784,-1,1383,1384,1362,-1,1362,1384,1385,-1,1362,1385,1361,-1,1361,1385,1386,-1,1386,1387,1361,-1,1361,1387,1388,-1,1361,1388,1359,-1,1359,1388,1389,-1,1359,1389,1357,-1,1357,1389,1390,-1,1357,1390,1355,-1,1355,1390,1391,-1,1355,1391,1353,-1,1353,1391,786,-1,1353,786,785,-1,787,786,1392,-1,1392,786,1393,-1,1392,1393,1394,-1,1394,1393,1395,-1,1394,1395,1396,-1,1396,1395,1397,-1,1396,1397,1398,-1,1398,1397,1399,-1,1398,1399,1400,-1,1400,1399,1401,-1,1400,1401,1402,-1,1402,1401,1403,-1,1402,1403,1404,-1,1404,1403,1405,-1,1404,1405,1406,-1,1406,1405,1407,-1,1406,1407,1408,-1,1408,1407,1409,-1,1408,1409,682,-1,682,1409,684,-1,1382,1369,1410,-1,1410,1369,1367,-1,1410,1367,787,-1,787,1367,1365,-1,787,1365,788,-1,1410,1411,1382,-1,1382,1411,1412,-1,1382,1412,1381,-1,1381,1412,1413,-1,1413,1414,1381,-1,1381,1414,1415,-1,1381,1415,1379,-1,1379,1415,1416,-1,1379,1416,1377,-1,1377,1416,1417,-1,1377,1417,1375,-1,1375,1417,1418,-1,1375,1418,1373,-1,1373,1418,778,-1,1373,778,777,-1,1419,697,704,-1,704,776,1419,-1,1419,776,1420,-1,1419,1420,1421,-1,1420,1422,1421,-1,1421,1422,1423,-1,1421,1423,1424,-1,685,687,781,-1,781,687,1425,-1,781,1425,1426,-1,1426,1425,1427,-1,1426,1427,1428,-1,1428,1427,1429,-1,1428,1429,1430,-1,1430,1429,1431,-1,1430,1431,1432,-1,1432,1431,1433,-1,1432,1433,1434,-1,1434,1433,1424,-1,1434,1424,1435,-1,1435,1424,1423,-1,1436,1437,684,-1,1438,1439,684,-1,1440,1441,1437,-1,1437,1441,684,-1,1439,1436,684,-1,1407,1405,1442,-1,1443,1384,1383,-1,1384,1443,1385,-1,1385,1443,1444,-1,1385,1444,1386,-1,1386,1444,1445,-1,1386,1445,1387,-1,1387,1445,1446,-1,1387,1446,1388,-1,1388,1446,1389,-1,1389,1446,1447,-1,1389,1447,1390,-1,1390,1447,1391,-1,1391,1447,1393,-1,1391,1393,786,-1,1399,1397,1448,-1,1448,1397,1395,-1,1449,1443,1450,-1,1450,1443,1383,-1,1450,1383,783,-1,1449,1451,1443,-1,1443,1451,1452,-1,1443,1452,1444,-1,1444,1452,1453,-1,1444,1453,1445,-1,1445,1453,1454,-1,1445,1454,1446,-1,1446,1454,1448,-1,1446,1448,1447,-1,1447,1448,1395,-1,1447,1395,1393,-1,1399,1448,1455,-1,1455,1448,1454,-1,1455,1454,1456,-1,1456,1454,1453,-1,1456,1453,1457,-1,1457,1453,1452,-1,1457,1452,1458,-1,1458,1452,1451,-1,1458,1451,1459,-1,1405,1403,1455,-1,1455,1403,1401,-1,1455,1401,1399,-1,1449,1460,1451,-1,1451,1460,1461,-1,1451,1461,1459,-1,1459,1461,1462,-1,1459,1462,1463,-1,1405,1455,1442,-1,1442,1455,1456,-1,1442,1456,1464,-1,1464,1456,1457,-1,1464,1457,1465,-1,1465,1457,1458,-1,1465,1458,1466,-1,1466,1458,1459,-1,1466,1459,1467,-1,1467,1459,1463,-1,1467,1463,1468,-1,684,1409,1469,-1,1469,1409,1407,-1,1438,684,1469,-1,1407,1442,1469,-1,1469,1442,1464,-1,1469,1464,1438,-1,1438,1464,1465,-1,1438,1465,1439,-1,1439,1465,1466,-1,1439,1466,1436,-1,1436,1466,1467,-1,1436,1467,1437,-1,1437,1467,1468,-1,1437,1468,1440,-1,1470,1471,682,-1,1472,1473,682,-1,1406,1408,1471,-1,1471,1408,682,-1,1473,1470,682,-1,1474,1475,1476,-1,1477,1411,1410,-1,1411,1477,1412,-1,1412,1477,1478,-1,1412,1478,1413,-1,1413,1478,1479,-1,1413,1479,1414,-1,1414,1479,1480,-1,1414,1480,1415,-1,1415,1480,1416,-1,1416,1480,1481,-1,1416,1481,1417,-1,1417,1481,1418,-1,1418,1481,1482,-1,1418,1482,778,-1,1483,1484,1485,-1,1485,1484,1486,-1,1394,1477,1392,-1,1392,1477,1410,-1,1392,1410,787,-1,1394,1487,1477,-1,1477,1487,1488,-1,1477,1488,1478,-1,1478,1488,1489,-1,1478,1489,1479,-1,1479,1489,1490,-1,1479,1490,1480,-1,1480,1490,1485,-1,1480,1485,1481,-1,1481,1485,1486,-1,1481,1486,1482,-1,1483,1485,1491,-1,1491,1485,1490,-1,1491,1490,1492,-1,1492,1490,1489,-1,1492,1489,1493,-1,1493,1489,1488,-1,1493,1488,1494,-1,1494,1488,1487,-1,1494,1487,1495,-1,1475,1496,1491,-1,1491,1496,1497,-1,1491,1497,1483,-1,1394,1396,1487,-1,1487,1396,1398,-1,1487,1398,1495,-1,1495,1398,1400,-1,1495,1400,1402,-1,1475,1491,1476,-1,1476,1491,1492,-1,1476,1492,1498,-1,1498,1492,1493,-1,1498,1493,1499,-1,1499,1493,1494,-1,1499,1494,1500,-1,1500,1494,1495,-1,1500,1495,1501,-1,1501,1495,1402,-1,1501,1402,1404,-1,682,1502,1503,-1,1503,1502,1474,-1,1472,682,1503,-1,1474,1476,1503,-1,1503,1476,1498,-1,1503,1498,1472,-1,1472,1498,1499,-1,1472,1499,1473,-1,1473,1499,1500,-1,1473,1500,1470,-1,1470,1500,1501,-1,1470,1501,1471,-1,1471,1501,1404,-1,1471,1404,1406,-1,1504,693,695,-1,1504,695,1505,-1,1506,1507,1508,-1,1508,1507,1509,-1,1508,1509,1510,-1,1510,1509,1505,-1,1510,1505,780,-1,780,1505,695,-1,1511,1512,1506,-1,1506,1512,1513,-1,1506,1513,1507,-1,1511,1514,1512,-1,1512,1514,1515,-1,1512,1515,1516,-1,1515,1517,1516,-1,1516,1517,1518,-1,1516,1518,1519,-1,703,702,773,-1,773,702,1519,-1,773,1519,1520,-1,1520,1519,1518,-1,776,775,1420,-1,1420,775,1521,-1,1420,1521,1422,-1,1422,1521,1522,-1,1422,1522,1423,-1,1423,1522,1523,-1,1423,1523,1435,-1,1523,1524,1435,-1,1435,1524,1525,-1,1435,1525,1434,-1,1525,1526,1434,-1,1434,1526,1527,-1,1434,1527,1432,-1,1432,1527,1528,-1,1432,1528,1430,-1,1430,1528,1529,-1,1430,1529,1428,-1,1428,1529,1530,-1,1428,1530,1426,-1,1426,1530,781,-1,781,1530,1531,-1,781,1531,782,-1,783,782,1450,-1,1450,782,1532,-1,1450,1532,1449,-1,1449,1532,1533,-1,1449,1533,1460,-1,1460,1533,1534,-1,1460,1534,1461,-1,1461,1534,1535,-1,1461,1535,1462,-1,1462,1535,1536,-1,1462,1536,1463,-1,1463,1536,1537,-1,1463,1537,1468,-1,1468,1537,1538,-1,1468,1538,1440,-1,1440,1538,1539,-1,1440,1539,1441,-1,1441,1539,1540,-1,1441,1540,684,-1,684,1540,683,-1,779,778,1541,-1,1541,778,1482,-1,1541,1482,1542,-1,1542,1482,1486,-1,1542,1486,1543,-1,1543,1486,1484,-1,1543,1484,1544,-1,1544,1484,1483,-1,1544,1483,1545,-1,1545,1483,1497,-1,1545,1497,1546,-1,1546,1497,1496,-1,1546,1496,1547,-1,1547,1496,1475,-1,1547,1475,1548,-1,1548,1475,1474,-1,1548,1474,1549,-1,1549,1474,1502,-1,1549,1502,681,-1,681,1502,682,-1,1511,1506,1550,-1,1550,1506,1508,-1,1550,1508,779,-1,779,1508,1510,-1,779,1510,780,-1,1550,1551,1511,-1,1511,1551,1552,-1,1511,1552,1514,-1,1514,1552,1553,-1,1553,1554,1514,-1,1514,1554,1555,-1,1514,1555,1515,-1,1515,1555,1556,-1,1515,1556,1517,-1,1517,1556,1557,-1,1517,1557,1518,-1,1518,1557,1558,-1,1518,1558,1520,-1,1520,1558,774,-1,1520,774,773,-1,1559,1560,683,-1,1561,1562,683,-1,1561,683,1563,-1,1564,1565,1560,-1,1560,1565,683,-1,1562,1559,683,-1,1539,1538,1566,-1,1521,1567,1522,-1,1522,1567,1568,-1,1526,1525,1569,-1,1569,1525,1524,-1,1569,1524,1568,-1,1568,1524,1523,-1,1568,1523,1522,-1,1526,1569,1527,-1,1527,1569,1570,-1,1527,1570,1528,-1,1528,1570,1571,-1,1528,1571,1529,-1,1529,1571,1530,-1,1530,1571,1572,-1,1530,1572,1531,-1,1531,1572,1532,-1,1531,1532,782,-1,1535,1534,1573,-1,1573,1534,1533,-1,1521,775,1567,-1,1567,775,1574,-1,1567,1574,1575,-1,1575,1576,1567,-1,1567,1576,1577,-1,1567,1577,1568,-1,1568,1577,1578,-1,1568,1578,1569,-1,1569,1578,1579,-1,1569,1579,1570,-1,1570,1579,1580,-1,1570,1580,1571,-1,1571,1580,1573,-1,1571,1573,1572,-1,1572,1573,1533,-1,1572,1533,1532,-1,1535,1573,1581,-1,1581,1573,1580,-1,1581,1580,1582,-1,1582,1580,1579,-1,1582,1579,1583,-1,1583,1579,1578,-1,1583,1578,1584,-1,1584,1578,1577,-1,1584,1577,1585,-1,1585,1577,1576,-1,1585,1576,1586,-1,1538,1537,1581,-1,1581,1537,1536,-1,1581,1536,1535,-1,1575,1587,1576,-1,1576,1587,1588,-1,1576,1588,1586,-1,1586,1588,1589,-1,1586,1589,1590,-1,1538,1581,1566,-1,1566,1581,1582,-1,1566,1582,1591,-1,1591,1582,1583,-1,1591,1583,1592,-1,1592,1583,1584,-1,1592,1584,1593,-1,1593,1584,1585,-1,1593,1585,1594,-1,1594,1585,1586,-1,1594,1586,1595,-1,1595,1586,1590,-1,1595,1590,1596,-1,683,1540,1597,-1,1597,1540,1539,-1,1563,683,1597,-1,1539,1566,1597,-1,1597,1566,1591,-1,1597,1591,1563,-1,1563,1591,1592,-1,1563,1592,1561,-1,1561,1592,1593,-1,1561,1593,1562,-1,1562,1593,1594,-1,1562,1594,1559,-1,1559,1594,1595,-1,1559,1595,1560,-1,1560,1595,1596,-1,1560,1596,1564,-1,1598,1599,681,-1,1600,1601,681,-1,1548,1549,1599,-1,1599,1549,681,-1,1601,1598,681,-1,1602,1603,1604,-1,1605,1551,1550,-1,1551,1605,1552,-1,1552,1605,1606,-1,1552,1606,1553,-1,1553,1606,1607,-1,1553,1607,1554,-1,1554,1607,1608,-1,1554,1608,1555,-1,1555,1608,1556,-1,1556,1608,1609,-1,1556,1609,1557,-1,1557,1609,1558,-1,1558,1609,1610,-1,1558,1610,774,-1,1611,1612,1613,-1,1613,1612,1614,-1,1542,1605,1541,-1,1541,1605,1550,-1,1541,1550,779,-1,1542,1615,1605,-1,1605,1615,1616,-1,1605,1616,1606,-1,1606,1616,1617,-1,1606,1617,1607,-1,1607,1617,1618,-1,1607,1618,1608,-1,1608,1618,1613,-1,1608,1613,1609,-1,1609,1613,1614,-1,1609,1614,1610,-1,1611,1613,1619,-1,1619,1613,1618,-1,1619,1618,1620,-1,1620,1618,1617,-1,1620,1617,1621,-1,1621,1617,1616,-1,1621,1616,1622,-1,1622,1616,1615,-1,1622,1615,1623,-1,1603,1624,1619,-1,1619,1624,1625,-1,1619,1625,1611,-1,1542,1543,1615,-1,1615,1543,1544,-1,1615,1544,1623,-1,1623,1544,1545,-1,1623,1545,1546,-1,1603,1619,1604,-1,1604,1619,1620,-1,1604,1620,1626,-1,1626,1620,1621,-1,1626,1621,1627,-1,1627,1621,1622,-1,1627,1622,1628,-1,1628,1622,1623,-1,1628,1623,1629,-1,1629,1623,1546,-1,1629,1546,1547,-1,681,1630,1631,-1,1631,1630,1602,-1,1600,681,1631,-1,1602,1604,1631,-1,1631,1604,1626,-1,1631,1626,1600,-1,1600,1626,1627,-1,1600,1627,1601,-1,1601,1627,1628,-1,1601,1628,1598,-1,1598,1628,1629,-1,1598,1629,1599,-1,1599,1629,1547,-1,1599,1547,1548,-1,681,683,1630,-1,1630,683,1565,-1,1630,1565,1602,-1,1602,1565,1564,-1,1602,1564,1603,-1,1603,1564,1596,-1,1603,1596,1624,-1,1624,1596,1590,-1,1624,1590,1625,-1,1625,1590,1589,-1,1625,1589,1611,-1,1611,1589,1588,-1,1611,1588,1612,-1,1612,1588,1587,-1,1612,1587,1614,-1,1614,1587,1575,-1,1614,1575,1610,-1,1610,1575,1574,-1,1610,1574,774,-1,774,1574,775,-1,717,719,769,-1,769,719,1632,-1,769,1632,1633,-1,1633,1632,1634,-1,1634,1632,1635,-1,1634,1635,1636,-1,1636,1635,1637,-1,1637,1635,1638,-1,1637,1638,1639,-1,1639,1638,1640,-1,1640,1638,1641,-1,1640,1641,1642,-1,1642,1641,1643,-1,1643,1641,1644,-1,1643,1644,1645,-1,713,715,1644,-1,1644,715,768,-1,1644,768,1645,-1,708,706,761,-1,761,706,1646,-1,761,1646,1647,-1,1647,1646,1648,-1,1648,1646,1649,-1,1648,1649,1650,-1,1650,1649,1651,-1,1651,1649,1652,-1,1651,1652,1653,-1,1653,1652,1654,-1,1654,1652,1655,-1,1654,1655,1656,-1,1656,1655,1657,-1,1657,1655,1658,-1,1657,1658,1659,-1,720,718,1658,-1,1658,718,772,-1,1658,772,1659,-1,1640,1642,1660,-1,1660,1642,1643,-1,1660,1643,767,-1,767,1643,1645,-1,767,1645,768,-1,1660,1661,1640,-1,1640,1661,1662,-1,1640,1662,1639,-1,1639,1662,1663,-1,1663,1664,1639,-1,1639,1664,1665,-1,1639,1665,1637,-1,1637,1665,1666,-1,1637,1666,1636,-1,1636,1666,1667,-1,1636,1667,1634,-1,1634,1667,1668,-1,1634,1668,1633,-1,1633,1668,770,-1,1633,770,769,-1,771,770,1669,-1,1669,770,1670,-1,1669,1670,1671,-1,1671,1670,1672,-1,1671,1672,1673,-1,1673,1672,1674,-1,1673,1674,1675,-1,1675,1674,1676,-1,1675,1676,1677,-1,1677,1676,1678,-1,1677,1678,1679,-1,1679,1678,1680,-1,1679,1680,1681,-1,1681,1680,1682,-1,1681,1682,1683,-1,1683,1682,1684,-1,1683,1684,1685,-1,1685,1684,1686,-1,1685,1686,1687,-1,1686,1688,1687,-1,1687,1688,724,-1,1687,724,722,-1,1654,1656,1689,-1,1689,1656,1657,-1,1689,1657,771,-1,771,1657,1659,-1,771,1659,772,-1,1689,1690,1654,-1,1654,1690,1691,-1,1654,1691,1653,-1,1653,1691,1692,-1,1692,1693,1653,-1,1653,1693,1694,-1,1653,1694,1651,-1,1651,1694,1695,-1,1651,1695,1650,-1,1650,1695,1696,-1,1650,1696,1648,-1,1648,1696,1697,-1,1648,1697,1647,-1,1647,1697,762,-1,1647,762,761,-1,716,714,765,-1,765,714,1698,-1,765,1698,1699,-1,1699,1698,1700,-1,1700,1698,1701,-1,1700,1701,1702,-1,1702,1701,1703,-1,1703,1701,1704,-1,1703,1704,1705,-1,1705,1704,1706,-1,1706,1704,1707,-1,1706,1707,1708,-1,1708,1707,1709,-1,1709,1707,1710,-1,1709,1710,1711,-1,709,711,1710,-1,1710,711,760,-1,1710,760,1711,-1,1712,1713,1714,-1,1715,1716,1717,-1,724,1718,1719,-1,1720,1718,724,-1,1717,1716,724,-1,1721,724,1716,-1,1722,1661,1660,-1,1661,1722,1662,-1,1662,1722,1723,-1,1662,1723,1663,-1,1663,1723,1724,-1,1663,1724,1664,-1,1664,1724,1725,-1,1664,1725,1665,-1,1665,1725,1666,-1,1666,1725,1726,-1,1666,1726,1667,-1,1667,1726,1668,-1,1668,1726,1670,-1,1668,1670,770,-1,1688,1720,724,-1,1727,1728,1715,-1,1715,1728,1729,-1,1715,1729,1716,-1,1716,1729,1730,-1,1716,1730,1721,-1,1731,1719,1732,-1,1732,1719,1718,-1,1732,1718,1733,-1,1733,1718,1720,-1,1733,1720,1734,-1,1688,1686,1720,-1,1720,1686,1684,-1,1720,1684,1734,-1,1734,1684,1682,-1,1734,1682,1680,-1,1714,1731,1735,-1,1735,1731,1732,-1,1735,1732,1736,-1,1736,1732,1733,-1,1736,1733,1737,-1,1737,1733,1734,-1,1737,1734,1738,-1,1738,1734,1680,-1,1739,1740,1741,-1,1741,1740,1712,-1,1712,1714,1741,-1,1741,1714,1735,-1,1741,1735,1742,-1,1742,1735,1736,-1,1742,1736,1743,-1,1743,1736,1737,-1,1743,1737,1744,-1,1744,1737,1738,-1,1744,1738,1745,-1,1713,1727,1714,-1,1714,1727,1715,-1,1714,1715,1731,-1,1731,1715,1717,-1,1731,1717,1719,-1,1719,1717,724,-1,1739,1722,1746,-1,1746,1722,1660,-1,1746,1660,767,-1,1680,1678,1738,-1,1738,1678,1676,-1,1738,1676,1745,-1,1745,1676,1674,-1,1745,1674,1672,-1,1739,1741,1722,-1,1722,1741,1742,-1,1722,1742,1723,-1,1723,1742,1743,-1,1723,1743,1724,-1,1724,1743,1744,-1,1724,1744,1725,-1,1725,1744,1745,-1,1725,1745,1726,-1,1726,1745,1672,-1,1726,1672,1670,-1,1675,1677,1747,-1,1748,1749,1750,-1,722,1751,1752,-1,1753,1751,722,-1,1750,1749,722,-1,1687,722,1749,-1,1754,1690,1689,-1,1690,1754,1691,-1,1691,1754,1755,-1,1691,1755,1692,-1,1692,1755,1756,-1,1692,1756,1693,-1,1693,1756,1757,-1,1693,1757,1694,-1,1694,1757,1695,-1,1695,1757,1758,-1,1695,1758,1696,-1,1696,1758,1697,-1,1697,1758,1759,-1,1697,1759,762,-1,1760,1753,722,-1,1679,1681,1748,-1,1748,1681,1683,-1,1748,1683,1749,-1,1749,1683,1685,-1,1749,1685,1687,-1,1761,1752,1762,-1,1762,1752,1751,-1,1762,1751,1763,-1,1763,1751,1753,-1,1763,1753,1764,-1,1760,1765,1753,-1,1753,1765,1766,-1,1753,1766,1764,-1,1764,1766,1767,-1,1764,1767,1768,-1,1747,1761,1769,-1,1769,1761,1762,-1,1769,1762,1770,-1,1770,1762,1763,-1,1770,1763,1771,-1,1771,1763,1764,-1,1771,1764,1772,-1,1772,1764,1768,-1,1671,1673,1773,-1,1773,1673,1675,-1,1675,1747,1773,-1,1773,1747,1769,-1,1773,1769,1774,-1,1774,1769,1770,-1,1774,1770,1775,-1,1775,1770,1771,-1,1775,1771,1776,-1,1776,1771,1772,-1,1776,1772,1777,-1,1677,1679,1747,-1,1747,1679,1748,-1,1747,1748,1761,-1,1761,1748,1750,-1,1761,1750,1752,-1,1752,1750,722,-1,1671,1754,1669,-1,1669,1754,1689,-1,1669,1689,771,-1,1768,1778,1772,-1,1772,1778,1779,-1,1772,1779,1777,-1,1777,1779,1780,-1,1777,1780,1781,-1,1671,1773,1754,-1,1754,1773,1774,-1,1754,1774,1755,-1,1755,1774,1775,-1,1755,1775,1756,-1,1756,1775,1776,-1,1756,1776,1757,-1,1757,1776,1777,-1,1757,1777,1758,-1,1758,1777,1781,-1,1758,1781,1759,-1,712,710,757,-1,757,710,1782,-1,757,1782,1783,-1,1783,1782,1784,-1,1784,1782,1785,-1,1784,1785,1786,-1,1786,1785,1787,-1,1787,1785,1788,-1,1787,1788,1789,-1,1789,1788,1790,-1,1790,1788,1791,-1,1790,1791,1792,-1,1792,1791,1793,-1,1793,1791,1794,-1,1793,1794,1795,-1,705,707,1794,-1,1794,707,764,-1,1794,764,1795,-1,1706,1708,1796,-1,1796,1708,1709,-1,1796,1709,759,-1,759,1709,1711,-1,759,1711,760,-1,1796,1797,1706,-1,1706,1797,1798,-1,1706,1798,1705,-1,1705,1798,1799,-1,1799,1800,1705,-1,1705,1800,1801,-1,1705,1801,1703,-1,1703,1801,1802,-1,1703,1802,1702,-1,1702,1802,1803,-1,1702,1803,1700,-1,1700,1803,1804,-1,1700,1804,1699,-1,1699,1804,766,-1,1699,766,765,-1,723,724,1721,-1,767,766,1746,-1,1746,766,1805,-1,1746,1805,1739,-1,1739,1805,1806,-1,1739,1806,1740,-1,1740,1806,1807,-1,1740,1807,1712,-1,1712,1807,1808,-1,1712,1808,1713,-1,1713,1808,1809,-1,1713,1809,1727,-1,1727,1809,1810,-1,1727,1810,1728,-1,1728,1810,1811,-1,1728,1811,1729,-1,1729,1811,1812,-1,1729,1812,1730,-1,1730,1812,1813,-1,1730,1813,1721,-1,1721,1813,1814,-1,1721,1814,723,-1,763,762,1815,-1,1815,762,1759,-1,1815,1759,1816,-1,1816,1759,1781,-1,1816,1781,1817,-1,1817,1781,1780,-1,1817,1780,1818,-1,1818,1780,1779,-1,1818,1779,1819,-1,1819,1779,1778,-1,1819,1778,1820,-1,1820,1778,1768,-1,1820,1768,1821,-1,1821,1768,1767,-1,1821,1767,1822,-1,1822,1767,1766,-1,1822,1766,1823,-1,1823,1766,1765,-1,1823,1765,1824,-1,1765,1760,1824,-1,1824,1760,722,-1,1824,722,721,-1,1790,1792,1825,-1,1825,1792,1793,-1,1825,1793,763,-1,763,1793,1795,-1,763,1795,764,-1,1825,1826,1790,-1,1790,1826,1827,-1,1790,1827,1789,-1,1789,1827,1828,-1,1828,1829,1789,-1,1789,1829,1830,-1,1789,1830,1787,-1,1787,1830,1831,-1,1787,1831,1786,-1,1786,1831,1832,-1,1786,1832,1784,-1,1784,1832,1833,-1,1784,1833,1783,-1,1783,1833,758,-1,1783,758,757,-1,1834,1835,1836,-1,1837,1838,1839,-1,723,1840,1841,-1,1842,1840,723,-1,1839,1838,723,-1,1843,723,1838,-1,1844,1797,1796,-1,1797,1844,1798,-1,1798,1844,1845,-1,1798,1845,1799,-1,1799,1845,1846,-1,1799,1846,1800,-1,1800,1846,1847,-1,1800,1847,1801,-1,1801,1847,1802,-1,1802,1847,1848,-1,1802,1848,1803,-1,1803,1848,1804,-1,1804,1848,1805,-1,1804,1805,766,-1,1814,1842,723,-1,1849,1850,1837,-1,1837,1850,1851,-1,1837,1851,1838,-1,1838,1851,1852,-1,1838,1852,1843,-1,1853,1841,1854,-1,1854,1841,1840,-1,1854,1840,1855,-1,1855,1840,1842,-1,1855,1842,1856,-1,1814,1813,1842,-1,1842,1813,1812,-1,1842,1812,1856,-1,1856,1812,1811,-1,1856,1811,1810,-1,1836,1853,1857,-1,1857,1853,1854,-1,1857,1854,1858,-1,1858,1854,1855,-1,1858,1855,1859,-1,1859,1855,1856,-1,1859,1856,1860,-1,1860,1856,1810,-1,1861,1862,1863,-1,1863,1862,1834,-1,1834,1836,1863,-1,1863,1836,1857,-1,1863,1857,1864,-1,1864,1857,1858,-1,1864,1858,1865,-1,1865,1858,1859,-1,1865,1859,1866,-1,1866,1859,1860,-1,1866,1860,1867,-1,1835,1849,1836,-1,1836,1849,1837,-1,1836,1837,1853,-1,1853,1837,1839,-1,1853,1839,1841,-1,1841,1839,723,-1,1861,1844,1868,-1,1868,1844,1796,-1,1868,1796,759,-1,1810,1809,1860,-1,1860,1809,1808,-1,1860,1808,1867,-1,1867,1808,1807,-1,1867,1807,1806,-1,1861,1863,1844,-1,1844,1863,1864,-1,1844,1864,1845,-1,1845,1864,1865,-1,1845,1865,1846,-1,1846,1865,1866,-1,1846,1866,1847,-1,1847,1866,1867,-1,1847,1867,1848,-1,1848,1867,1806,-1,1848,1806,1805,-1,1818,1819,1869,-1,1870,1871,1872,-1,721,1873,1874,-1,1875,1873,721,-1,1872,1871,721,-1,1824,721,1871,-1,1876,1826,1825,-1,1826,1876,1827,-1,1827,1876,1877,-1,1827,1877,1828,-1,1828,1877,1878,-1,1828,1878,1829,-1,1829,1878,1879,-1,1829,1879,1830,-1,1830,1879,1831,-1,1831,1879,1880,-1,1831,1880,1832,-1,1832,1880,1833,-1,1833,1880,1881,-1,1833,1881,758,-1,1882,1875,721,-1,1820,1821,1870,-1,1870,1821,1822,-1,1870,1822,1871,-1,1871,1822,1823,-1,1871,1823,1824,-1,1883,1874,1884,-1,1884,1874,1873,-1,1884,1873,1885,-1,1885,1873,1875,-1,1885,1875,1886,-1,1882,1887,1875,-1,1875,1887,1888,-1,1875,1888,1886,-1,1886,1888,1889,-1,1886,1889,1890,-1,1869,1883,1891,-1,1891,1883,1884,-1,1891,1884,1892,-1,1892,1884,1885,-1,1892,1885,1893,-1,1893,1885,1886,-1,1893,1886,1894,-1,1894,1886,1890,-1,1816,1817,1895,-1,1895,1817,1818,-1,1818,1869,1895,-1,1895,1869,1891,-1,1895,1891,1896,-1,1896,1891,1892,-1,1896,1892,1897,-1,1897,1892,1893,-1,1897,1893,1898,-1,1898,1893,1894,-1,1898,1894,1899,-1,1819,1820,1869,-1,1869,1820,1870,-1,1869,1870,1883,-1,1883,1870,1872,-1,1883,1872,1874,-1,1874,1872,721,-1,1816,1876,1815,-1,1815,1876,1825,-1,1815,1825,763,-1,1890,1900,1894,-1,1894,1900,1901,-1,1894,1901,1899,-1,1899,1901,1902,-1,1899,1902,1903,-1,1816,1895,1876,-1,1876,1895,1896,-1,1876,1896,1877,-1,1877,1896,1897,-1,1877,1897,1878,-1,1878,1897,1898,-1,1878,1898,1879,-1,1879,1898,1899,-1,1879,1899,1880,-1,1880,1899,1903,-1,1880,1903,1881,-1,721,723,1843,-1,759,758,1868,-1,1868,758,1881,-1,1868,1881,1861,-1,1861,1881,1903,-1,1861,1903,1862,-1,1862,1903,1902,-1,1862,1902,1834,-1,1834,1902,1901,-1,1834,1901,1835,-1,1835,1901,1900,-1,1835,1900,1849,-1,1849,1900,1890,-1,1849,1890,1850,-1,1850,1890,1889,-1,1850,1889,1851,-1,1851,1889,1888,-1,1851,1888,1852,-1,1852,1888,1887,-1,1852,1887,1843,-1,1843,1887,1882,-1,1843,1882,721,-1,
        ]
    }
}
Shape{
    appearance Appearance {
        material  Material 	{
            diffuseColor 0.0 0.6862745098039216 0.48627450980392156
            specularColor 0.0 0.3411764705882353 0.24313725490196078
            ambientIntensity 0.4583
            transparency 0.0
            shininess 0.5
        }
    }
    geometry IndexedFaceSet {
        ccw TRUE
        solid FALSE
        coord DEF co Coordinate {
            point [
                -2.3484 -1.0238 3.5236, -2.4075 -1.0238 3.5236, -2.4075 -1.0205 3.4982, -2.3484 -1.0205 3.4982, -2.4075 -1.0106 3.4744, -2.3484 -1.0106 3.4744, -2.4075 -0.995 3.454, -2.3484 -0.995 3.454, -2.4075 -0.9746 3.4384, -2.3484 -0.9746 3.4384, -2.4075 -0.9509 3.4286, -2.3484 -0.9509 3.4286, -2.4075 -0.9254 3.4252, -2.3484 -0.9254 3.4252, -2.3484 -1.0238 3.622, -2.4075 -1.0238 3.622, -2.3484 0.6297 3.622, -2.3484 0.6297 3.5236, -2.4075 0.6297 3.622, -2.4075 0.6297 3.5236, -2.3484 0.5313 3.4252, -2.4075 0.5313 3.4252, -2.4075 0.5568 3.4286, -2.3484 0.5568 3.4286, -2.4075 0.5805 3.4384, -2.3484 0.5805 3.4384, -2.4075 0.6009 3.454, -2.3484 0.6009 3.454, -2.4075 0.6165 3.4744, -2.3484 0.6165 3.4744, -2.4075 0.6264 3.4982, -2.3484 0.6264 3.4982, -2.3484 -0.0986 3.4252, -2.4075 -0.0986 3.4252, -2.3484 -0.0986 2.9331, -2.4075 -0.0986 2.9331, -2.3484 -0.2955 2.9331, -2.4075 -0.2955 2.9331, -2.4075 -0.2921 2.9076, -2.3484 -0.2921 2.9076, -2.4075 -0.2823 2.8839, -2.3484 -0.2823 2.8839, -2.4075 -0.2666 2.8635, -2.3484 -0.2666 2.8635, -2.4075 -0.2463 2.8478, -2.3484 -0.2463 2.8478, -2.4075 -0.2225 2.838, -2.3484 -0.2225 2.838, -2.4075 -0.197 2.8346, -2.3484 -0.197 2.8346, -2.4075 -0.1716 2.838, -2.3484 -0.1716 2.838, -2.4075 -0.1478 2.8478, -2.3484 -0.1478 2.8478, -2.4075 -0.1274 2.8635, -2.3484 -0.1274 2.8635, -2.4075 -0.1118 2.8839, -2.3484 -0.1118 2.8839, -2.4075 -0.102 2.9076, -2.3484 -0.102 2.9076, -2.3484 -0.2955 3.4252, -2.4075 -0.2955 3.4252, -2.3484 1.1809 3.622, -2.3484 1.1809 2.9381, -2.3484 0.0392 2.8346, -2.3484 1.1809 2.9132, -2.3484 1.1809 2.7505, -2.3484 1.1809 2.7047, -2.3484 1.1809 2.6585, -2.3484 0.0392 0.0, -2.3484 1.1809 2.6554, -2.3484 1.1809 0.0, -2.1516 -0.4333 2.8346, -2.3484 -0.4333 2.8346, -2.1516 0.0392 2.8346, -2.1516 -0.4333 0.0, -2.3484 -0.4333 0.0, -2.1516 -0.4333 0.9449, -2.1516 0.0392 0.9449, -2.1516 0.0392 0.0, 2.3484 -0.9254 3.4252, 2.4075 -0.9254 3.4252, 2.4075 -0.9509 3.4286, 2.3484 -0.9509 3.4286, 2.4075 -0.9746 3.4384, 2.3484 -0.9746 3.4384, 2.4075 -0.995 3.454, 2.3484 -0.995 3.454, 2.4075 -1.0106 3.4744, 2.3484 -1.0106 3.4744, 2.4075 -1.0205 3.4982, 2.3484 -1.0205 3.4982, 2.4075 -1.0238 3.5236, 2.3484 -1.0238 3.5236, 2.3484 -0.2955 3.4252, 2.4075 -0.2955 3.4252, 2.3484 -0.2955 2.9331, 2.4075 -0.2955 2.9331, 2.3484 -0.0986 2.9331, 2.4075 -0.0986 2.9331, 2.4075 -0.102 2.9076, 2.3484 -0.102 2.9076, 2.4075 -0.1118 2.8839, 2.3484 -0.1118 2.8839, 2.4075 -0.1274 2.8635, 2.3484 -0.1274 2.8635, 2.4075 -0.1478 2.8478, 2.3484 -0.1478 2.8478, 2.4075 -0.1716 2.838, 2.3484 -0.1716 2.838, 2.4075 -0.197 2.8346, 2.3484 -0.197 2.8346, 2.4075 -0.2225 2.838, 2.3484 -0.2225 2.838, 2.4075 -0.2463 2.8478, 2.3484 -0.2463 2.8478, 2.4075 -0.2666 2.8635, 2.3484 -0.2666 2.8635, 2.4075 -0.2823 2.8839, 2.3484 -0.2823 2.8839, 2.4075 -0.2921 2.9076, 2.3484 -0.2921 2.9076, 2.3484 -0.0986 3.4252, 2.4075 -0.0986 3.4252, 2.3484 0.5313 3.4252, 2.4075 0.5313 3.4252, 2.3484 0.6297 3.5236, 2.4075 0.6297 3.5236, 2.4075 0.6264 3.4982, 2.3484 0.6264 3.4982, 2.4075 0.6165 3.4744, 2.3484 0.6165 3.4744, 2.4075 0.6009 3.454, 2.3484 0.6009 3.454, 2.4075 0.5805 3.4384, 2.3484 0.5805 3.4384, 2.4075 0.5568 3.4286, 2.3484 0.5568 3.4286, 2.3484 0.6297 3.622, 2.4075 0.6297 3.622, 2.3484 -1.0238 3.622, 2.4075 -1.0238 3.622, 2.1516 0.0392 2.8346, 2.3484 0.0392 2.8346, 2.1516 -0.4333 2.8346, 2.3484 -0.4333 2.8346, 2.1516 0.0392 0.0, 2.3484 0.0392 0.0, 2.1516 0.0392 0.9449, 2.1516 -0.4333 0.9449, 2.3484 -0.4333 0.0, 2.1516 -0.4333 0.0
            ]
        }
        coordIndex [
            0,1,2,-1,0,2,3,-1,3,2,4,-1,3,4,5,-1,5,4,6,-1,5,6,7,-1,7,6,8,-1,7,8,9,-1,9,8,10,-1,9,10,11,-1,11,10,12,-1,11,12,13,-1,0,14,1,-1,1,14,15,-1,16,17,18,-1,18,17,19,-1,20,21,22,-1,20,22,23,-1,23,22,24,-1,23,24,25,-1,25,24,26,-1,25,26,27,-1,27,26,28,-1,27,28,29,-1,29,28,30,-1,29,30,31,-1,31,30,19,-1,31,19,17,-1,20,32,21,-1,21,32,33,-1,32,34,33,-1,33,34,35,-1,36,37,38,-1,36,38,39,-1,39,38,40,-1,39,40,41,-1,41,40,42,-1,41,42,43,-1,43,42,44,-1,43,44,45,-1,45,44,46,-1,45,46,47,-1,47,46,48,-1,47,48,49,-1,49,48,50,-1,49,50,51,-1,51,50,52,-1,51,52,53,-1,53,52,54,-1,53,54,55,-1,55,54,56,-1,55,56,57,-1,57,56,58,-1,57,58,59,-1,59,58,35,-1,59,35,34,-1,36,60,37,-1,37,60,61,-1,60,13,61,-1,61,13,12,-1,17,16,62,-1,27,29,63,-1,27,64,25,-1,25,64,23,-1,63,29,62,-1,62,29,31,-1,62,31,17,-1,49,51,64,-1,64,51,53,-1,64,53,55,-1,27,63,64,-1,64,63,65,-1,64,65,66,-1,55,57,64,-1,64,57,59,-1,64,59,34,-1,66,67,64,-1,64,67,68,-1,64,68,69,-1,69,68,70,-1,69,70,71,-1,34,32,64,-1,64,32,20,-1,64,20,23,-1,72,73,74,-1,74,73,49,-1,74,49,64,-1,75,76,77,-1,77,76,73,-1,77,73,72,-1,74,64,78,-1,78,64,69,-1,78,69,79,-1,78,79,77,-1,77,79,75,-1,80,81,82,-1,80,82,83,-1,83,82,84,-1,83,84,85,-1,85,84,86,-1,85,86,87,-1,87,86,88,-1,87,88,89,-1,89,88,90,-1,89,90,91,-1,91,90,92,-1,91,92,93,-1,80,94,81,-1,81,94,95,-1,94,96,95,-1,95,96,97,-1,98,99,100,-1,98,100,101,-1,101,100,102,-1,101,102,103,-1,103,102,104,-1,103,104,105,-1,105,104,106,-1,105,106,107,-1,107,106,108,-1,107,108,109,-1,109,108,110,-1,109,110,111,-1,111,110,112,-1,111,112,113,-1,113,112,114,-1,113,114,115,-1,115,114,116,-1,115,116,117,-1,117,116,118,-1,117,118,119,-1,119,118,120,-1,119,120,121,-1,121,120,97,-1,121,97,96,-1,98,122,99,-1,99,122,123,-1,122,124,123,-1,123,124,125,-1,126,127,128,-1,126,128,129,-1,129,128,130,-1,129,130,131,-1,131,130,132,-1,131,132,133,-1,133,132,134,-1,133,134,135,-1,135,134,136,-1,135,136,137,-1,137,136,125,-1,137,125,124,-1,126,138,127,-1,127,138,139,-1,140,93,141,-1,141,93,92,-1,142,143,144,-1,144,143,111,-1,144,111,145,-1,146,147,148,-1,148,147,143,-1,148,143,142,-1,144,145,149,-1,149,145,150,-1,149,150,151,-1,149,151,148,-1,148,151,146,-1,
        ]
    }
}
Shape{
    appearance Appearance {
        material  Material 	{
            diffuseColor 1.0 1.0 1.0
            specularColor 0.5019607843137255 0.5019607843137255 0.5019607843137255
            ambientIntensity 1.0
            transparency 0.0
            shininess 0.5
        }
    }
    geometry IndexedFaceSet {
        ccw TRUE
        solid FALSE
        coord DEF co Coordinate {
            point [
                0.8152 1.1813 2.7716, 0.8154 1.1813 2.7533, 0.8152 1.1809 2.7716, 0.8154 1.1809 2.7533, 0.879 1.1813 2.772, 0.879 1.1809 2.772, 0.878 1.1813 2.9139, 0.878 1.1809 2.9132, 0.878 1.1809 2.9139, 0.8987 1.1813 2.9141, 0.8987 1.1809 2.9141, 0.8998 1.1809 2.7539, 0.8998 1.1813 2.7539, 0.8987 1.1809 2.9132, 0.6889 1.1809 2.7591, 0.6889 1.1813 2.7591, 0.6916 1.1813 2.7577, 0.7333 1.1813 2.7501, 0.7333 1.1809 2.7501, 0.7283 1.1809 2.7505, 0.7088 1.1813 2.7522, 0.7088 1.1809 2.7522, 0.6958 1.1809 2.7564, 0.6916 1.1809 2.7577, 0.6887 1.1813 2.7789, 0.6887 1.1809 2.7789, 0.6958 1.1809 2.7758, 0.7045 1.1813 2.7719, 0.7045 1.1809 2.7719, 0.7226 1.1809 2.7687, 0.7226 1.1813 2.7687, 0.7302 1.1809 2.7685, 0.7302 1.1813 2.7685, 0.7463 1.1809 2.7705, 0.7463 1.1813 2.7705, 0.7576 1.1809 2.775, 0.7576 1.1813 2.775, 0.7681 1.1809 2.7825, 0.7681 1.1813 2.7825, 0.7712 1.1809 2.7856, 0.7712 1.1813 2.7856, 0.7789 1.1809 2.7965, 0.7789 1.1813 2.7965, 0.784 1.1809 2.8095, 0.784 1.1813 2.8095, 0.7864 1.1809 2.8255, 0.7864 1.1813 2.8255, 0.7866 1.1809 2.8314, 0.7866 1.1813 2.8314, 0.7837 1.1809 2.8536, 0.7837 1.1813 2.8536, 0.7782 1.1809 2.8673, 0.7782 1.1813 2.8673, 0.7694 1.1809 2.8794, 0.7694 1.1813 2.8794, 0.7584 1.1809 2.8884, 0.7584 1.1813 2.8884, 0.7458 1.1809 2.8941, 0.7458 1.1813 2.8941, 0.7318 1.1809 2.8967, 0.7318 1.1813 2.8967, 0.7256 1.1809 2.8969, 0.7256 1.1813 2.8969, 0.688 1.1809 2.8871, 0.688 1.1813 2.8871, 0.6897 1.1813 2.8881, 0.7059 1.1809 2.8944, 0.7059 1.1813 2.8944, 0.6958 1.1809 2.8905, 0.6897 1.1809 2.8881, 0.6878 1.1813 2.9087, 0.6878 1.1809 2.9087, 0.7029 1.1809 2.9132, 0.7046 1.1813 2.9137, 0.6958 1.1809 2.9111, 0.7046 1.1809 2.9137, 0.7255 1.1809 2.9155, 0.7255 1.1813 2.9155, 0.7257 1.1809 2.9155, 0.7257 1.1813 2.9155, 0.749 1.1813 2.9129, 0.746 1.1809 2.9132, 0.749 1.1809 2.9129, 0.7658 1.1809 2.9065, 0.7658 1.1813 2.9065, 0.7808 1.1809 2.896, 0.7808 1.1813 2.896, 0.7847 1.1809 2.8924, 0.7847 1.1813 2.8924, 0.7964 1.1809 2.8773, 0.7964 1.1813 2.8773, 0.8022 1.1809 2.864, 0.8042 1.1813 2.8596, 0.8042 1.1809 2.8596, 0.8079 1.1809 2.8387, 0.8079 1.1813 2.8387, 0.8083 1.1809 2.8303, 0.8083 1.1813 2.8303, 0.7881 1.1809 2.7723, 0.7881 1.1813 2.7723, 0.7988 1.1813 2.7873, 0.8052 1.1809 2.804, 0.8052 1.1813 2.804, 0.8022 1.1809 2.7962, 0.7988 1.1809 2.7873, 0.7414 1.1809 2.7505, 0.7429 1.1813 2.7506, 0.7429 1.1809 2.7506, 0.7603 1.1813 2.7543, 0.7603 1.1809 2.7543, 0.7753 1.1813 2.7615, 0.7753 1.1809 2.7615, 0.5706 1.1813 2.7699, 0.5707 1.1813 2.7516, 0.5706 1.1809 2.7699, 0.5707 1.1809 2.7516, 0.6361 1.1809 2.7703, 0.6361 1.1813 2.7703, 0.5942 1.1809 2.77, 0.6357 1.1813 2.8242, 0.6357 1.1809 2.8242, 0.5784 1.1809 2.8238, 0.5784 1.1813 2.8238, 0.5942 1.1809 2.8239, 0.5783 1.1813 2.8421, 0.5783 1.1809 2.8421, 0.6356 1.1809 2.8425, 0.6356 1.1813 2.8425, 0.5942 1.1809 2.8422, 0.6352 1.1813 2.8938, 0.6352 1.1809 2.8938, 0.5734 1.1809 2.8933, 0.5734 1.1813 2.8933, 0.5942 1.1809 2.8935, 0.5733 1.1813 2.9118, 0.5733 1.1809 2.9118, 0.6557 1.1809 2.9124, 0.6557 1.1813 2.9124, 0.5942 1.1809 2.9119, 0.6569 1.1813 2.7522, 0.6569 1.1809 2.7522, 0.5942 1.1809 2.7518, 0.4407 1.1813 2.7955, 0.4487 1.1813 2.7857, 0.4341 1.1813 2.7731, 0.4517 1.1813 2.7831, 0.4508 1.1813 2.7613, 0.4623 1.1813 2.7762, 0.469 1.1813 2.7542, 0.4761 1.1813 2.7714, 0.4964 1.1813 2.7511, 0.4964 1.1813 2.7693, 0.5405 1.1813 2.7514, 0.5197 1.1813 2.7695, 0.5394 1.1813 2.9115, 0.5188 1.1813 2.893, 0.4937 1.1813 2.9112, 0.4946 1.1813 2.8928, 0.4692 1.1813 2.9083, 0.474 1.1813 2.8904, 0.45 1.1813 2.9011, 0.4602 1.1813 2.8853, 0.4333 1.1813 2.8896, 0.4485 1.1813 2.8774, 0.4278 1.1813 2.8841, 0.4442 1.1813 2.8731, 0.4179 1.1813 2.8701, 0.438 1.1813 2.8641, 0.4121 1.1813 2.8548, 0.4336 1.1813 2.8524, 0.4095 1.1813 2.8326, 0.4313 1.1813 2.8322, 0.4101 1.1813 2.8224, 0.4319 1.1813 2.8221, 0.4141 1.1813 2.8037, 0.4351 1.1813 2.8074, 0.4221 1.1813 2.7872, 0.4964 1.1809 2.7511, 0.5405 1.1809 2.7514, 0.469 1.1809 2.7542, 0.4508 1.1809 2.7613, 0.4341 1.1809 2.7731, 0.4221 1.1809 2.7872, 0.4141 1.1809 2.8037, 0.4101 1.1809 2.8224, 0.4095 1.1809 2.8326, 0.4121 1.1809 2.8548, 0.4179 1.1809 2.8701, 0.4278 1.1809 2.8841, 0.4333 1.1809 2.8896, 0.45 1.1809 2.9011, 0.4692 1.1809 2.9083, 0.4937 1.1809 2.9112, 0.5394 1.1809 2.9115, 0.4946 1.1809 2.8928, 0.5188 1.1809 2.893, 0.5197 1.1809 2.7695, 0.4964 1.1809 2.7693, 0.4487 1.1809 2.7857, 0.4517 1.1809 2.7831, 0.4623 1.1809 2.7762, 0.4761 1.1809 2.7714, 0.4313 1.1809 2.8322, 0.4319 1.1809 2.8221, 0.4351 1.1809 2.8074, 0.4407 1.1809 2.7955, 0.4485 1.1809 2.8774, 0.4442 1.1809 2.8731, 0.438 1.1809 2.8641, 0.4336 1.1809 2.8524, 0.474 1.1809 2.8904, 0.4602 1.1809 2.8853
            ]
        }
        coordIndex [
            0,1,2,-1,2,1,3,-1,4,0,5,-1,5,0,2,-1,4,5,6,-1,6,5,7,-1,6,7,8,-1,9,6,10,-1,10,6,8,-1,11,12,13,-1,13,12,9,-1,13,9,10,-1,1,12,3,-1,3,12,11,-1,6,9,4,-1,4,9,12,-1,4,12,0,-1,0,12,1,-1,14,15,16,-1,17,18,19,-1,17,19,20,-1,19,21,20,-1,20,21,22,-1,20,22,16,-1,16,22,23,-1,16,23,14,-1,24,15,25,-1,25,15,14,-1,24,25,26,-1,24,26,27,-1,26,28,27,-1,27,28,29,-1,27,29,30,-1,30,29,31,-1,30,31,32,-1,32,31,33,-1,32,33,34,-1,34,33,35,-1,34,35,36,-1,36,35,37,-1,36,37,38,-1,38,37,39,-1,38,39,40,-1,40,39,41,-1,40,41,42,-1,42,41,43,-1,42,43,44,-1,44,43,45,-1,44,45,46,-1,46,45,47,-1,46,47,48,-1,48,47,49,-1,48,49,50,-1,50,49,51,-1,50,51,52,-1,52,51,53,-1,52,53,54,-1,54,53,55,-1,54,55,56,-1,56,55,57,-1,56,57,58,-1,58,57,59,-1,58,59,60,-1,60,59,61,-1,60,61,62,-1,63,64,65,-1,62,61,66,-1,62,66,67,-1,67,66,68,-1,67,68,65,-1,65,68,69,-1,65,69,63,-1,70,64,71,-1,71,64,63,-1,72,73,74,-1,74,73,70,-1,74,70,71,-1,72,75,73,-1,73,75,76,-1,73,76,77,-1,77,76,78,-1,77,78,79,-1,80,79,81,-1,81,79,78,-1,81,82,80,-1,80,82,83,-1,80,83,84,-1,84,83,85,-1,84,85,86,-1,86,85,87,-1,86,87,88,-1,88,87,89,-1,88,89,90,-1,90,89,91,-1,90,91,92,-1,91,93,92,-1,92,93,94,-1,92,94,95,-1,95,94,96,-1,95,96,97,-1,98,99,100,-1,97,96,101,-1,97,101,102,-1,102,101,103,-1,102,103,100,-1,100,103,104,-1,100,104,98,-1,18,17,105,-1,105,17,106,-1,105,106,107,-1,107,106,108,-1,107,108,109,-1,109,108,110,-1,109,110,111,-1,111,110,99,-1,111,99,98,-1,65,64,70,-1,56,86,54,-1,54,86,88,-1,54,88,52,-1,52,88,90,-1,52,90,50,-1,65,70,67,-1,67,70,73,-1,67,73,62,-1,62,73,77,-1,62,77,60,-1,60,77,79,-1,60,79,58,-1,58,79,80,-1,58,80,56,-1,56,80,84,-1,56,84,86,-1,97,48,95,-1,95,48,50,-1,95,50,92,-1,92,50,90,-1,15,24,16,-1,16,24,27,-1,16,27,20,-1,20,27,30,-1,20,30,17,-1,17,30,32,-1,17,32,106,-1,106,32,34,-1,106,34,108,-1,108,34,36,-1,108,36,110,-1,110,36,38,-1,110,38,99,-1,99,38,40,-1,99,40,100,-1,100,40,42,-1,100,42,102,-1,102,42,44,-1,102,44,97,-1,97,44,46,-1,97,46,48,-1,112,113,114,-1,114,113,115,-1,116,117,118,-1,118,117,112,-1,118,112,114,-1,119,117,120,-1,120,117,116,-1,121,122,123,-1,123,122,119,-1,123,119,120,-1,124,122,125,-1,125,122,121,-1,126,127,128,-1,128,127,124,-1,128,124,125,-1,129,127,130,-1,130,127,126,-1,131,132,133,-1,133,132,129,-1,133,129,130,-1,134,132,135,-1,135,132,131,-1,136,137,138,-1,138,137,134,-1,138,134,135,-1,139,137,140,-1,140,137,136,-1,115,113,141,-1,141,113,139,-1,141,139,140,-1,139,113,112,-1,112,117,139,-1,139,117,119,-1,139,119,137,-1,132,134,129,-1,129,134,137,-1,129,137,127,-1,127,137,119,-1,127,119,124,-1,124,119,122,-1,142,143,144,-1,144,143,145,-1,144,145,146,-1,146,145,147,-1,146,147,148,-1,148,147,149,-1,148,149,150,-1,150,149,151,-1,150,151,152,-1,152,151,153,-1,152,153,154,-1,154,153,155,-1,154,155,156,-1,156,155,157,-1,156,157,158,-1,158,157,159,-1,158,159,160,-1,160,159,161,-1,160,161,162,-1,162,161,163,-1,162,163,164,-1,164,163,165,-1,164,165,166,-1,166,165,167,-1,166,167,168,-1,168,167,169,-1,168,169,170,-1,170,169,171,-1,170,171,172,-1,172,171,173,-1,172,173,174,-1,174,173,175,-1,174,175,176,-1,176,175,142,-1,176,142,144,-1,150,152,177,-1,177,152,178,-1,150,177,179,-1,150,179,148,-1,148,179,180,-1,148,180,146,-1,146,180,181,-1,146,181,144,-1,144,181,182,-1,144,182,176,-1,176,182,183,-1,176,183,174,-1,174,183,184,-1,174,184,172,-1,172,184,185,-1,172,185,170,-1,170,185,186,-1,170,186,168,-1,168,186,187,-1,168,187,166,-1,166,187,188,-1,166,188,164,-1,164,188,189,-1,164,189,162,-1,162,189,190,-1,162,190,160,-1,160,190,191,-1,160,191,158,-1,158,191,192,-1,158,192,156,-1,154,156,193,-1,193,156,192,-1,152,154,178,-1,178,154,193,-1,157,155,194,-1,194,155,195,-1,155,153,195,-1,195,153,196,-1,153,151,196,-1,196,151,197,-1,143,198,199,-1,143,199,145,-1,145,199,200,-1,145,200,147,-1,147,200,201,-1,147,201,149,-1,149,201,197,-1,149,197,151,-1,171,202,203,-1,171,203,173,-1,173,203,204,-1,173,204,175,-1,175,204,205,-1,175,205,142,-1,142,205,198,-1,142,198,143,-1,163,206,207,-1,163,207,165,-1,165,207,208,-1,165,208,167,-1,167,208,209,-1,167,209,169,-1,169,209,202,-1,169,202,171,-1,157,194,210,-1,157,210,159,-1,159,210,211,-1,159,211,161,-1,161,211,206,-1,161,206,163,-1,
        ]
    }
}
Shape{
    appearance Appearance {
        material  Material 	{
            diffuseColor 0.0 0.6862745098039216 0.48627450980392156
            specularColor 0.0 0.3411764705882353 0.24313725490196078
            ambientIntensity 0.4583
            transparency 0.0
            shininess 0.5
        }
    }
    geometry IndexedFaceSet {
        ccw TRUE
        solid FALSE
        coord DEF co Coordinate {
            point [
                0.5188 1.1809 2.893, 0.5197 1.1809 2.7695, 0.4946 1.1809 2.8928, 0.4964 1.1809 2.7693, 0.4761 1.1809 2.7714, 0.4623 1.1809 2.7762, 0.4517 1.1809 2.7831, 0.4487 1.1809 2.7857, 0.4407 1.1809 2.7955, 0.4351 1.1809 2.8074, 0.4319 1.1809 2.8221, 0.4313 1.1809 2.8322, 0.4336 1.1809 2.8524, 0.438 1.1809 2.8641, 0.4442 1.1809 2.8731, 0.4485 1.1809 2.8774, 0.474 1.1809 2.8904, 0.4602 1.1809 2.8853
            ]
        }
        coordIndex [
            0,1,2,-1,2,1,3,-1,2,3,4,-1,4,5,2,-1,2,5,6,-1,2,6,7,-1,7,8,2,-1,2,8,9,-1,2,9,10,-1,10,11,2,-1,2,11,12,-1,2,12,13,-1,13,14,2,-1,2,14,15,-1,2,15,16,-1,16,15,17,-1,
        ]
    }
}
Shape{
    appearance Appearance {
        material  Material 	{
            diffuseColor 1.0 1.0 1.0
            specularColor 0.5019607843137255 0.5019607843137255 0.5019607843137255
            ambientIntensity 1.0
            transparency 0.0
            shininess 0.5
        }
    }
    geometry IndexedFaceSet {
        ccw TRUE
        solid FALSE
        coord DEF co Coordinate {
            point [
                0.356 1.1813 2.812, 0.3316 1.1813 2.8784, 0.3391 1.1813 2.9101, 0.4012 1.1813 2.7504, 0.3784 1.1813 2.7502, 0.3627 1.1813 2.7939, 0.3302 1.1813 2.8831, 0.3289 1.1813 2.8896, 0.317 1.1813 2.9099, 0.3284 1.1813 2.8896, 0.3272 1.1813 2.8828, 0.326 1.1813 2.8783, 0.3023 1.1813 2.8116, 0.2571 1.1813 2.7494, 0.28 1.1813 2.7495, 0.296 1.1813 2.7935, 0.317 1.1809 2.9099, 0.2576 1.1809 2.7505, 0.2571 1.1809 2.7494, 0.3391 1.1809 2.9101, 0.4012 1.1809 2.7505, 0.4012 1.1809 2.7504, 0.3568 1.1809 2.8646, 0.3784 1.1809 2.7502, 0.3627 1.1809 2.7939, 0.3783 1.1809 2.7505, 0.296 1.1809 2.7935, 0.3568 1.1809 2.7939, 0.2803 1.1809 2.7505, 0.28 1.1809 2.7495, 0.356 1.1809 2.812, 0.3023 1.1809 2.8116, 0.326 1.1809 2.8783, 0.3284 1.1809 2.8896, 0.3272 1.1809 2.8828, 0.3289 1.1809 2.8896, 0.3316 1.1809 2.8784, 0.3302 1.1809 2.8831
            ]
        }
        coordIndex [
            0,1,2,-1,3,4,5,-1,1,6,2,-1,2,6,7,-1,2,7,8,-1,8,7,9,-1,8,9,10,-1,10,11,8,-1,8,11,12,-1,8,12,13,-1,14,13,15,-1,15,13,12,-1,15,12,5,-1,5,12,0,-1,5,0,3,-1,3,0,2,-1,16,8,17,-1,17,8,13,-1,17,13,18,-1,2,8,19,-1,19,8,16,-1,20,21,3,-1,20,3,22,-1,22,3,2,-1,22,2,19,-1,4,3,23,-1,23,3,21,-1,24,5,25,-1,25,5,4,-1,25,4,23,-1,26,15,27,-1,27,15,5,-1,27,5,24,-1,15,26,14,-1,14,26,28,-1,14,28,29,-1,13,14,18,-1,18,14,29,-1,0,12,30,-1,30,12,31,-1,12,11,31,-1,31,11,32,-1,9,33,34,-1,9,34,10,-1,10,34,32,-1,10,32,11,-1,9,7,33,-1,33,7,35,-1,1,36,37,-1,1,37,6,-1,6,37,35,-1,6,35,7,-1,1,0,36,-1,36,0,30,-1,
        ]
    }
}
Shape{
    appearance Appearance {
        material  Material 	{
            diffuseColor 0.0 0.6862745098039216 0.48627450980392156
            specularColor 0.0 0.3411764705882353 0.24313725490196078
            ambientIntensity 0.4583
            transparency 0.0
            shininess 0.5
        }
    }
    geometry IndexedFaceSet {
        ccw TRUE
        solid FALSE
        coord DEF co Coordinate {
            point [
                0.3284 1.1809 2.8896, 0.3289 1.1809 2.8896, 0.3272 1.1809 2.8828, 0.3302 1.1809 2.8831, 0.326 1.1809 2.8783, 0.3316 1.1809 2.8784, 0.3023 1.1809 2.8116, 0.356 1.1809 2.812
            ]
        }
        coordIndex [
            0,1,2,-1,2,1,3,-1,2,3,4,-1,4,3,5,-1,4,5,6,-1,6,5,7,-1,
        ]
    }
}
Shape{
    appearance Appearance {
        material  Material 	{
            diffuseColor 1.0 1.0 1.0
            specularColor 0.5019607843137255 0.5019607843137255 0.5019607843137255
            ambientIntensity 1.0
            transparency 0.0
            shininess 0.5
        }
    }
    geometry IndexedFaceSet {
        ccw TRUE
        solid FALSE
        coord DEF co Coordinate {
            point [
                0.8154 1.1813 2.5175, 0.8155 1.1813 2.4993, 0.8154 1.1809 2.5175, 0.8155 1.1809 2.4993, 0.8808 1.1813 2.518, 0.8808 1.1809 2.518, 0.8804 1.1813 2.5719, 0.8804 1.1809 2.5719, 0.8232 1.1813 2.5715, 0.8232 1.1809 2.5715, 0.823 1.1813 2.5898, 0.823 1.1809 2.5898, 0.8803 1.1813 2.5902, 0.8803 1.1809 2.5902, 0.8799 1.1813 2.6415, 0.8799 1.1809 2.6415, 0.8181 1.1813 2.641, 0.8181 1.1809 2.641, 0.818 1.1809 2.6554, 0.818 1.1813 2.6595, 0.818 1.1809 2.6585, 0.818 1.1809 2.6595, 0.9005 1.1813 2.66, 0.9005 1.1809 2.66, 0.9016 1.1809 2.4999, 0.9016 1.1813 2.4999, 0.9005 1.1809 2.6554, 0.9005 1.1809 2.6585, 0.7245 1.1813 2.4986, 0.7044 1.1813 2.4985, 0.7243 1.1813 2.5163, 0.7039 1.1813 2.5721, 0.7239 1.1813 2.5713, 0.7678 1.1813 2.5476, 0.7632 1.1813 2.5498, 0.7249 1.1813 2.5163, 0.7354 1.1813 2.5194, 0.728 1.1813 2.5116, 0.7411 1.1813 2.5156, 0.7508 1.1813 2.5526, 0.724 1.1813 2.556, 0.7241 1.1813 2.5451, 0.7242 1.1813 2.5437, 0.7255 1.1813 2.5348, 0.7285 1.1813 2.5277, 0.7329 1.1813 2.5218, 0.7246 1.1813 2.5801, 0.7057 1.1813 2.5891, 0.7266 1.1813 2.5873, 0.709 1.1813 2.5977, 0.7289 1.1813 2.5915, 0.7132 1.1813 2.6039, 0.7319 1.1813 2.5947, 0.7844 1.1813 2.6054, 0.7845 1.1813 2.5859, 0.7803 1.1813 2.6077, 0.7706 1.1813 2.5946, 0.7654 1.1813 2.6134, 0.758 1.1813 2.5985, 0.7449 1.1813 2.6158, 0.7469 1.1813 2.5995, 0.7448 1.1813 2.6158, 0.74 1.1813 2.5987, 0.7308 1.1813 2.6141, 0.7354 1.1813 2.5971, 0.7228 1.1813 2.6112, 0.7165 1.1813 2.6071, 0.7717 1.1813 2.5196, 0.7864 1.1813 2.5054, 0.77 1.1813 2.5179, 0.7797 1.1813 2.5006, 0.766 1.1813 2.5151, 0.772 1.1813 2.4977, 0.7615 1.1813 2.5134, 0.76 1.1813 2.4962, 0.7547 1.1813 2.5126, 0.7499 1.1813 2.4972, 0.7472 1.1813 2.5134, 0.7417 1.1813 2.5001, 0.7344 1.1813 2.5049, 0.7579 1.1813 2.5668, 0.7731 1.1813 2.5632, 0.7703 1.1813 2.5457, 0.7817 1.1813 2.5589, 0.7727 1.1813 2.5428, 0.7878 1.1813 2.5536, 0.7745 1.1813 2.539, 0.7919 1.1813 2.5479, 0.7755 1.1813 2.5344, 0.7947 1.1813 2.5408, 0.7757 1.1813 2.5313, 0.7961 1.1813 2.5298, 0.7752 1.1813 2.5267, 0.795 1.1813 2.5202, 0.7739 1.1813 2.523, 0.7926 1.1813 2.5135, 0.7884 1.1813 2.5074, 0.7449 1.1809 2.6158, 0.7654 1.1809 2.6134, 0.7803 1.1809 2.6077, 0.7844 1.1809 2.6054, 0.7845 1.1809 2.5859, 0.7706 1.1809 2.5946, 0.758 1.1809 2.5985, 0.7469 1.1809 2.5995, 0.74 1.1809 2.5987, 0.7354 1.1809 2.5971, 0.7319 1.1809 2.5947, 0.7289 1.1809 2.5915, 0.7266 1.1809 2.5873, 0.7246 1.1809 2.5801, 0.7239 1.1809 2.5713, 0.7579 1.1809 2.5668, 0.7731 1.1809 2.5632, 0.7817 1.1809 2.5589, 0.7878 1.1809 2.5536, 0.7919 1.1809 2.5479, 0.7947 1.1809 2.5408, 0.7961 1.1809 2.5298, 0.795 1.1809 2.5202, 0.7926 1.1809 2.5135, 0.7884 1.1809 2.5074, 0.7864 1.1809 2.5054, 0.7797 1.1809 2.5006, 0.772 1.1809 2.4977, 0.76 1.1809 2.4962, 0.7499 1.1809 2.4972, 0.7417 1.1809 2.5001, 0.7344 1.1809 2.5049, 0.728 1.1809 2.5116, 0.7249 1.1809 2.5163, 0.7243 1.1809 2.5163, 0.7245 1.1809 2.4986, 0.7044 1.1809 2.4985, 0.7039 1.1809 2.5721, 0.7057 1.1809 2.5891, 0.709 1.1809 2.5977, 0.7132 1.1809 2.6039, 0.7165 1.1809 2.6071, 0.7228 1.1809 2.6112, 0.7308 1.1809 2.6141, 0.7448 1.1809 2.6158, 0.7703 1.1809 2.5457, 0.7678 1.1809 2.5476, 0.7632 1.1809 2.5498, 0.7508 1.1809 2.5526, 0.7757 1.1809 2.5313, 0.7755 1.1809 2.5344, 0.7745 1.1809 2.539, 0.7727 1.1809 2.5428, 0.77 1.1809 2.5179, 0.7717 1.1809 2.5196, 0.7739 1.1809 2.523, 0.7752 1.1809 2.5267, 0.7547 1.1809 2.5126, 0.7615 1.1809 2.5134, 0.766 1.1809 2.5151, 0.7329 1.1809 2.5218, 0.7354 1.1809 2.5194, 0.7411 1.1809 2.5156, 0.7472 1.1809 2.5134, 0.7241 1.1809 2.5451, 0.7242 1.1809 2.5437, 0.7255 1.1809 2.5348, 0.7285 1.1809 2.5277, 0.724 1.1809 2.556
            ]
        }
        coordIndex [
            0,1,2,-1,2,1,3,-1,4,0,5,-1,5,0,2,-1,6,4,7,-1,7,4,5,-1,8,6,9,-1,9,6,7,-1,10,8,11,-1,11,8,9,-1,12,10,13,-1,13,10,11,-1,14,12,15,-1,15,12,13,-1,16,14,17,-1,17,14,15,-1,16,17,18,-1,16,18,19,-1,19,18,20,-1,19,20,21,-1,22,19,23,-1,23,19,21,-1,24,25,26,-1,26,25,22,-1,26,22,27,-1,27,22,23,-1,1,25,3,-1,3,25,24,-1,25,1,0,-1,0,4,25,-1,25,4,6,-1,25,6,22,-1,16,19,14,-1,14,19,22,-1,14,22,12,-1,12,22,6,-1,12,6,10,-1,10,6,8,-1,28,29,30,-1,30,29,31,-1,32,33,34,-1,35,36,37,-1,37,36,38,-1,39,40,31,-1,31,40,41,-1,41,42,31,-1,31,42,43,-1,31,43,30,-1,30,43,44,-1,30,44,35,-1,35,44,45,-1,35,45,36,-1,34,39,32,-1,32,39,31,-1,32,31,46,-1,46,31,47,-1,46,47,48,-1,48,47,49,-1,48,49,50,-1,50,49,51,-1,50,51,52,-1,53,54,55,-1,55,54,56,-1,55,56,57,-1,57,56,58,-1,57,58,59,-1,59,58,60,-1,59,60,61,-1,61,60,62,-1,61,62,63,-1,63,62,64,-1,63,64,65,-1,65,64,52,-1,65,52,66,-1,66,52,51,-1,67,68,69,-1,69,68,70,-1,69,70,71,-1,71,70,72,-1,71,72,73,-1,73,72,74,-1,73,74,75,-1,75,74,76,-1,75,76,77,-1,77,76,78,-1,77,78,38,-1,38,78,79,-1,38,79,37,-1,32,80,33,-1,33,80,81,-1,33,81,82,-1,82,81,83,-1,82,83,84,-1,84,83,85,-1,84,85,86,-1,86,85,87,-1,86,87,88,-1,88,87,89,-1,88,89,90,-1,90,89,91,-1,90,91,92,-1,92,91,93,-1,92,93,94,-1,94,93,95,-1,94,95,67,-1,67,95,96,-1,67,96,68,-1,59,97,98,-1,59,98,57,-1,57,98,99,-1,57,99,55,-1,55,99,100,-1,55,100,53,-1,54,53,101,-1,101,53,100,-1,54,101,102,-1,54,102,56,-1,56,102,103,-1,56,103,58,-1,58,103,104,-1,58,104,60,-1,60,104,105,-1,60,105,62,-1,62,105,106,-1,62,106,64,-1,64,106,107,-1,64,107,52,-1,52,107,108,-1,52,108,50,-1,50,108,109,-1,50,109,48,-1,48,109,110,-1,48,110,46,-1,46,110,111,-1,46,111,32,-1,80,32,112,-1,112,32,111,-1,80,112,113,-1,80,113,81,-1,81,113,114,-1,81,114,83,-1,83,114,115,-1,83,115,85,-1,85,115,116,-1,85,116,87,-1,87,116,117,-1,87,117,89,-1,89,117,118,-1,89,118,91,-1,91,118,119,-1,91,119,93,-1,93,119,120,-1,93,120,95,-1,95,120,121,-1,95,121,96,-1,96,121,122,-1,96,122,68,-1,68,122,123,-1,68,123,70,-1,70,123,124,-1,70,124,72,-1,72,124,125,-1,72,125,74,-1,74,125,126,-1,74,126,76,-1,76,126,127,-1,76,127,78,-1,78,127,128,-1,78,128,79,-1,79,128,129,-1,79,129,37,-1,37,129,130,-1,37,130,35,-1,30,35,131,-1,131,35,130,-1,28,30,132,-1,132,30,131,-1,29,28,133,-1,133,28,132,-1,31,29,134,-1,134,29,133,-1,31,134,135,-1,31,135,47,-1,47,135,136,-1,47,136,49,-1,49,136,137,-1,49,137,51,-1,51,137,138,-1,51,138,66,-1,66,138,139,-1,66,139,65,-1,65,139,140,-1,65,140,63,-1,63,140,141,-1,63,141,61,-1,61,141,97,-1,61,97,59,-1,82,142,143,-1,82,143,33,-1,33,143,144,-1,33,144,34,-1,34,144,145,-1,34,145,39,-1,90,146,147,-1,90,147,88,-1,88,147,148,-1,88,148,86,-1,86,148,149,-1,86,149,84,-1,84,149,142,-1,84,142,82,-1,69,150,151,-1,69,151,67,-1,67,151,152,-1,67,152,94,-1,94,152,153,-1,94,153,92,-1,92,153,146,-1,92,146,90,-1,75,154,155,-1,75,155,73,-1,73,155,156,-1,73,156,71,-1,71,156,150,-1,71,150,69,-1,45,157,158,-1,45,158,36,-1,36,158,159,-1,36,159,38,-1,38,159,160,-1,38,160,77,-1,77,160,154,-1,77,154,75,-1,41,161,162,-1,41,162,42,-1,42,162,163,-1,42,163,43,-1,43,163,164,-1,43,164,44,-1,44,164,157,-1,44,157,45,-1,41,40,161,-1,161,40,165,-1,40,39,165,-1,165,39,145,-1,
        ]
    }
}
Shape{
    appearance Appearance {
        material  Material 	{
            diffuseColor 0.0 0.6862745098039216 0.48627450980392156
            specularColor 0.0 0.3411764705882353 0.24313725490196078
            ambientIntensity 0.4583
            transparency 0.0
            shininess 0.5
        }
    }
    geometry IndexedFaceSet {
        ccw TRUE
        solid FALSE
        coord DEF co Coordinate {
            point [
                0.7242 1.1809 2.5437, 0.7241 1.1809 2.5451, 0.7703 1.1809 2.5457, 0.724 1.1809 2.556, 0.7508 1.1809 2.5526, 0.7632 1.1809 2.5498, 0.7678 1.1809 2.5476, 0.7255 1.1809 2.5348, 0.7727 1.1809 2.5428, 0.7285 1.1809 2.5277, 0.7717 1.1809 2.5196, 0.77 1.1809 2.5179, 0.7354 1.1809 2.5194, 0.7739 1.1809 2.523, 0.7411 1.1809 2.5156, 0.7472 1.1809 2.5134, 0.7547 1.1809 2.5126, 0.7745 1.1809 2.539, 0.7755 1.1809 2.5344, 0.7329 1.1809 2.5218, 0.7757 1.1809 2.5313, 0.7752 1.1809 2.5267, 0.766 1.1809 2.5151, 0.7615 1.1809 2.5134
            ]
        }
        coordIndex [
            0,1,2,-1,1,3,4,-1,4,5,1,-1,1,5,6,-1,1,6,2,-1,0,2,7,-1,7,2,8,-1,7,8,9,-1,10,11,12,-1,10,12,13,-1,14,12,15,-1,15,12,16,-1,8,17,9,-1,9,17,18,-1,9,18,19,-1,19,18,20,-1,19,20,12,-1,12,20,21,-1,12,21,13,-1,11,22,12,-1,12,22,23,-1,12,23,16,-1,
        ]
    }
}
Shape{
    appearance Appearance {
        material  Material 	{
            diffuseColor 1.0 1.0 1.0
            specularColor 0.5019607843137255 0.5019607843137255 0.5019607843137255
            ambientIntensity 1.0
            transparency 0.0
            shininess 0.5
        }
    }
    geometry IndexedFaceSet {
        ccw TRUE
        solid FALSE
        coord DEF co Coordinate {
            point [
                0.677 1.1809 2.523, 0.677 1.1813 2.523, 0.6699 1.1813 2.5185, 0.6441 1.1813 2.5117, 0.6441 1.1809 2.5117, 0.6573 1.1809 2.5135, 0.6573 1.1813 2.5135, 0.667 1.1809 2.5173, 0.6699 1.1809 2.5185, 0.6772 1.1813 2.5023, 0.6772 1.1809 2.5023, 0.6462 1.1809 2.4954, 0.6462 1.1813 2.4954, 0.6632 1.1813 2.4973, 0.667 1.1809 2.4987, 0.6632 1.1809 2.4973, 0.628 1.1809 2.4974, 0.628 1.1813 2.4974, 0.6174 1.1809 2.5014, 0.6174 1.1813 2.5014, 0.6128 1.1809 2.5042, 0.6128 1.1813 2.5042, 0.607 1.1809 2.5092, 0.607 1.1813 2.5092, 0.6033 1.1809 2.5145, 0.6033 1.1813 2.5145, 0.6008 1.1809 2.5208, 0.6008 1.1813 2.5208, 0.5997 1.1809 2.5289, 0.5997 1.1813 2.5289, 0.6005 1.1809 2.5364, 0.6005 1.1813 2.5364, 0.6026 1.1809 2.5423, 0.6026 1.1813 2.5423, 0.6063 1.1809 2.5478, 0.6063 1.1813 2.5478, 0.6111 1.1809 2.5521, 0.6111 1.1813 2.5521, 0.6244 1.1809 2.5596, 0.6244 1.1813 2.5596, 0.6321 1.1809 2.5628, 0.6321 1.1813 2.5628, 0.6445 1.1809 2.5683, 0.6445 1.1813 2.5683, 0.6515 1.1809 2.5728, 0.6515 1.1813 2.5728, 0.6535 1.1809 2.575, 0.6535 1.1813 2.575, 0.6549 1.1809 2.5777, 0.6549 1.1813 2.5777, 0.6556 1.1809 2.5808, 0.6556 1.1813 2.5808, 0.6558 1.1809 2.5835, 0.6558 1.1813 2.5835, 0.6554 1.1809 2.5867, 0.6554 1.1813 2.5867, 0.6544 1.1809 2.5894, 0.6544 1.1813 2.5894, 0.6527 1.1809 2.5919, 0.6527 1.1813 2.5919, 0.6496 1.1809 2.5946, 0.6496 1.1813 2.5946, 0.6451 1.1809 2.5969, 0.6451 1.1813 2.5969, 0.6397 1.1809 2.5983, 0.6397 1.1813 2.5983, 0.6338 1.1809 2.5987, 0.6338 1.1813 2.5987, 0.6198 1.1809 2.5969, 0.6198 1.1813 2.5969, 0.6085 1.1809 2.5924, 0.6085 1.1813 2.5924, 0.6048 1.1809 2.5902, 0.6048 1.1813 2.5902, 0.6047 1.1813 2.6097, 0.6047 1.1809 2.6097, 0.6177 1.1809 2.6136, 0.6177 1.1813 2.6136, 0.6317 1.1809 2.615, 0.6317 1.1813 2.615, 0.6478 1.1809 2.6132, 0.6478 1.1813 2.6132, 0.6586 1.1809 2.6091, 0.6586 1.1813 2.6091, 0.6635 1.1809 2.6061, 0.6635 1.1813 2.6061, 0.67 1.1813 2.6001, 0.667 1.1809 2.6029, 0.67 1.1809 2.6001, 0.6736 1.1809 2.5947, 0.6736 1.1813 2.5947, 0.6758 1.1809 2.5882, 0.6758 1.1813 2.5882, 0.6765 1.1809 2.5818, 0.6765 1.1813 2.5818, 0.6757 1.1809 2.574, 0.6757 1.1813 2.574, 0.6735 1.1809 2.5678, 0.6735 1.1813 2.5678, 0.6709 1.1809 2.5637, 0.6709 1.1813 2.5637, 0.6464 1.1809 2.5484, 0.6464 1.1813 2.5484, 0.6583 1.1813 2.5539, 0.6677 1.1809 2.5602, 0.6677 1.1813 2.5602, 0.667 1.1809 2.5598, 0.6583 1.1809 2.5539, 0.6332 1.1809 2.5428, 0.6332 1.1813 2.5428, 0.6254 1.1809 2.538, 0.6254 1.1813 2.538, 0.623 1.1809 2.5354, 0.623 1.1813 2.5354, 0.6214 1.1809 2.5327, 0.6214 1.1813 2.5327, 0.6205 1.1809 2.5295, 0.6205 1.1813 2.5295, 0.6204 1.1809 2.5271, 0.6204 1.1813 2.5271, 0.6208 1.1809 2.5232, 0.6208 1.1813 2.5232, 0.6218 1.1809 2.5204, 0.6218 1.1813 2.5204, 0.6236 1.1809 2.5178, 0.6236 1.1813 2.5178, 0.6259 1.1809 2.5158, 0.6259 1.1813 2.5158, 0.6278 1.1809 2.5147, 0.6278 1.1813 2.5147, 0.6329 1.1809 2.5128, 0.6329 1.1813 2.5128, 0.6432 1.1809 2.5117, 0.6432 1.1813 2.5117, 0.4997 1.1813 2.6114, 0.4789 1.1813 2.6113, 0.4997 1.1809 2.6114, 0.4789 1.1809 2.6113, 0.5316 1.1813 2.5255, 0.5316 1.1809 2.5255, 0.5331 1.1809 2.5202, 0.5331 1.1813 2.5202, 0.5341 1.1809 2.5163, 0.5341 1.1813 2.5163, 0.5346 1.1813 2.5163, 0.5346 1.1809 2.5163, 0.537 1.1813 2.5257, 0.537 1.1809 2.5257, 0.5663 1.1809 2.6119, 0.5663 1.1813 2.6119, 0.5556 1.1809 2.5803, 0.5887 1.1813 2.6121, 0.5887 1.1809 2.6121, 0.5447 1.1809 2.4976, 0.5447 1.1813 2.4976, 0.5556 1.1809 2.5259, 0.5536 1.1813 2.4769, 0.5536 1.1809 2.4769, 0.5556 1.1809 2.4734, 0.5578 1.1813 2.4695, 0.5578 1.1809 2.4695, 0.5615 1.1809 2.4654, 0.5615 1.1813 2.4654, 0.5645 1.1809 2.4633, 0.5645 1.1813 2.4633, 0.5688 1.1809 2.4616, 0.5688 1.1813 2.4616, 0.5737 1.1809 2.4609, 0.5737 1.1813 2.4609, 0.5743 1.1809 2.4609, 0.5743 1.1813 2.4609, 0.5815 1.1809 2.4619, 0.5815 1.1813 2.4619, 0.5856 1.1809 2.4633, 0.5856 1.1813 2.4633, 0.5858 1.1813 2.4454, 0.5858 1.1809 2.4454, 0.5773 1.1809 2.4439, 0.5773 1.1813 2.4439, 0.5728 1.1809 2.4437, 0.5728 1.1813 2.4437, 0.5641 1.1809 2.4447, 0.5641 1.1813 2.4447, 0.5562 1.1809 2.4478, 0.5562 1.1813 2.4478, 0.5556 1.1809 2.4483, 0.5494 1.1813 2.4527, 0.5494 1.1809 2.4527, 0.5411 1.1809 2.4622, 0.5411 1.1813 2.4622, 0.5318 1.1809 2.48, 0.5318 1.1813 2.48, 0.3719 1.1813 2.5144, 0.372 1.1813 2.4961, 0.3719 1.1809 2.5144, 0.372 1.1809 2.4961, 0.4373 1.1809 2.5149, 0.4373 1.1813 2.5149, 0.4053 1.1809 2.5146, 0.4369 1.1813 2.5687, 0.4369 1.1809 2.5687, 0.3797 1.1809 2.5683, 0.3797 1.1813 2.5683, 0.4053 1.1809 2.5685, 0.3796 1.1813 2.5867, 0.3796 1.1809 2.5867, 0.4368 1.1809 2.5871, 0.4368 1.1813 2.5871, 0.4053 1.1809 2.5869, 0.4365 1.1813 2.6383, 0.4365 1.1809 2.6383, 0.3746 1.1809 2.6379, 0.3746 1.1813 2.6379, 0.4053 1.1809 2.6381, 0.3745 1.1813 2.6563, 0.3745 1.1809 2.6554, 0.3745 1.1809 2.6563, 0.457 1.1809 2.6569, 0.457 1.1813 2.6569, 0.4053 1.1809 2.6565, 0.4581 1.1809 2.4968, 0.4581 1.1813 2.4968, 0.457 1.1809 2.6554, 0.4053 1.1809 2.4964, 0.2419 1.1813 2.5401, 0.25 1.1813 2.5302, 0.2354 1.1813 2.5176, 0.2529 1.1813 2.5276, 0.252 1.1813 2.5058, 0.2636 1.1813 2.5207, 0.2703 1.1813 2.4988, 0.2773 1.1813 2.5159, 0.2977 1.1813 2.4956, 0.2977 1.1813 2.5139, 0.3418 1.1813 2.4959, 0.321 1.1813 2.514, 0.3406 1.1813 2.6561, 0.3201 1.1813 2.6375, 0.2949 1.1813 2.6557, 0.2959 1.1813 2.6373, 0.2705 1.1813 2.6529, 0.2753 1.1813 2.6349, 0.2512 1.1813 2.6457, 0.2614 1.1813 2.6298, 0.2345 1.1813 2.6341, 0.2498 1.1813 2.6219, 0.229 1.1813 2.6286, 0.2455 1.1813 2.6176, 0.2192 1.1813 2.6146, 0.2393 1.1813 2.6086, 0.2133 1.1813 2.5994, 0.2348 1.1813 2.597, 0.2108 1.1813 2.5771, 0.2325 1.1813 2.5767, 0.2113 1.1813 2.567, 0.2331 1.1813 2.5666, 0.2154 1.1813 2.5482, 0.2363 1.1813 2.5519, 0.2234 1.1813 2.5317, 0.2977 1.1809 2.4956, 0.3418 1.1809 2.4959, 0.2703 1.1809 2.4988, 0.252 1.1809 2.5058, 0.2354 1.1809 2.5176, 0.2234 1.1809 2.5317, 0.2154 1.1809 2.5482, 0.2113 1.1809 2.567, 0.2108 1.1809 2.5771, 0.2133 1.1809 2.5994, 0.2192 1.1809 2.6146, 0.229 1.1809 2.6286, 0.2345 1.1809 2.6341, 0.2949 1.1809 2.6557, 0.2917 1.1809 2.6554, 0.2705 1.1809 2.6529, 0.2512 1.1809 2.6457, 0.3406 1.1809 2.6561, 0.3406 1.1809 2.6554, 0.2959 1.1809 2.6373, 0.3201 1.1809 2.6375, 0.321 1.1809 2.514, 0.2977 1.1809 2.5139, 0.25 1.1809 2.5302, 0.2529 1.1809 2.5276, 0.2636 1.1809 2.5207, 0.2773 1.1809 2.5159, 0.2325 1.1809 2.5767, 0.2331 1.1809 2.5666, 0.2363 1.1809 2.5519, 0.2419 1.1809 2.5401, 0.2498 1.1809 2.6219, 0.2455 1.1809 2.6176, 0.2393 1.1809 2.6086, 0.2348 1.1809 2.597, 0.2753 1.1809 2.6349, 0.2614 1.1809 2.6298
            ]
        }
        coordIndex [
            0,1,2,-1,3,4,5,-1,3,5,6,-1,6,5,7,-1,6,7,2,-1,2,7,8,-1,2,8,0,-1,9,1,10,-1,10,1,0,-1,11,12,13,-1,9,10,14,-1,9,14,13,-1,13,14,15,-1,13,15,11,-1,12,11,16,-1,12,16,17,-1,17,16,18,-1,17,18,19,-1,19,18,20,-1,19,20,21,-1,21,20,22,-1,21,22,23,-1,23,22,24,-1,23,24,25,-1,25,24,26,-1,25,26,27,-1,27,26,28,-1,27,28,29,-1,29,28,30,-1,29,30,31,-1,31,30,32,-1,31,32,33,-1,33,32,34,-1,33,34,35,-1,35,34,36,-1,35,36,37,-1,37,36,38,-1,37,38,39,-1,39,38,40,-1,39,40,41,-1,41,40,42,-1,41,42,43,-1,43,42,44,-1,43,44,45,-1,45,44,46,-1,45,46,47,-1,47,46,48,-1,47,48,49,-1,49,48,50,-1,49,50,51,-1,51,50,52,-1,51,52,53,-1,53,52,54,-1,53,54,55,-1,55,54,56,-1,55,56,57,-1,57,56,58,-1,57,58,59,-1,59,58,60,-1,59,60,61,-1,61,60,62,-1,61,62,63,-1,63,62,64,-1,63,64,65,-1,65,64,66,-1,65,66,67,-1,67,66,68,-1,67,68,69,-1,69,68,70,-1,69,70,71,-1,71,70,72,-1,71,72,73,-1,74,73,75,-1,75,73,72,-1,74,75,76,-1,74,76,77,-1,77,76,78,-1,77,78,79,-1,79,78,80,-1,79,80,81,-1,81,80,82,-1,81,82,83,-1,83,82,84,-1,83,84,85,-1,86,85,87,-1,87,85,84,-1,87,88,86,-1,86,88,89,-1,86,89,90,-1,90,89,91,-1,90,91,92,-1,92,91,93,-1,92,93,94,-1,94,93,95,-1,94,95,96,-1,96,95,97,-1,96,97,98,-1,98,97,99,-1,98,99,100,-1,101,102,103,-1,100,99,104,-1,100,104,105,-1,105,104,106,-1,105,106,103,-1,103,106,107,-1,103,107,101,-1,102,101,108,-1,102,108,109,-1,109,108,110,-1,109,110,111,-1,111,110,112,-1,111,112,113,-1,113,112,114,-1,113,114,115,-1,115,114,116,-1,115,116,117,-1,117,116,118,-1,117,118,119,-1,119,118,120,-1,119,120,121,-1,121,120,122,-1,121,122,123,-1,123,122,124,-1,123,124,125,-1,125,124,126,-1,125,126,127,-1,127,126,128,-1,127,128,129,-1,129,128,130,-1,129,130,131,-1,131,130,132,-1,131,132,133,-1,133,132,4,-1,133,4,3,-1,57,59,85,-1,85,59,83,-1,83,59,61,-1,83,61,81,-1,123,23,25,-1,109,41,102,-1,102,41,43,-1,123,25,121,-1,121,25,27,-1,121,27,119,-1,119,27,29,-1,119,29,117,-1,117,29,31,-1,117,31,115,-1,115,31,33,-1,115,33,113,-1,113,33,35,-1,113,35,111,-1,111,35,37,-1,111,37,109,-1,109,37,39,-1,109,39,41,-1,23,123,21,-1,21,123,125,-1,21,125,19,-1,12,3,13,-1,13,3,6,-1,13,6,9,-1,9,6,2,-1,9,2,1,-1,61,63,81,-1,81,63,65,-1,81,65,79,-1,79,65,67,-1,79,67,77,-1,77,67,69,-1,77,69,74,-1,74,69,71,-1,74,71,73,-1,125,127,19,-1,19,127,129,-1,19,129,17,-1,17,129,131,-1,17,131,12,-1,12,131,133,-1,12,133,3,-1,85,86,57,-1,57,86,90,-1,57,90,55,-1,55,90,92,-1,55,92,53,-1,53,92,94,-1,53,94,51,-1,51,94,96,-1,51,96,49,-1,49,96,98,-1,49,98,47,-1,47,98,100,-1,47,100,45,-1,45,100,105,-1,45,105,43,-1,43,105,103,-1,43,103,102,-1,134,135,136,-1,136,135,137,-1,138,134,139,-1,139,134,136,-1,138,139,140,-1,138,140,141,-1,141,140,142,-1,141,142,143,-1,144,143,145,-1,145,143,142,-1,146,144,147,-1,147,144,145,-1,148,149,150,-1,150,149,146,-1,150,146,147,-1,151,149,152,-1,152,149,148,-1,153,154,155,-1,155,154,151,-1,155,151,152,-1,156,154,157,-1,157,154,153,-1,156,157,158,-1,156,158,159,-1,158,160,159,-1,159,160,161,-1,159,161,162,-1,162,161,163,-1,162,163,164,-1,164,163,165,-1,164,165,166,-1,166,165,167,-1,166,167,168,-1,168,167,169,-1,168,169,170,-1,170,169,171,-1,170,171,172,-1,172,171,173,-1,172,173,174,-1,175,174,176,-1,176,174,173,-1,175,176,177,-1,175,177,178,-1,178,177,179,-1,178,179,180,-1,180,179,181,-1,180,181,182,-1,182,181,183,-1,182,183,184,-1,184,183,185,-1,184,185,186,-1,185,187,186,-1,186,187,188,-1,186,188,189,-1,189,188,190,-1,189,190,191,-1,135,191,137,-1,137,191,190,-1,141,143,191,-1,135,134,191,-1,191,134,138,-1,191,138,141,-1,149,151,146,-1,146,151,154,-1,146,154,144,-1,143,144,191,-1,191,144,154,-1,191,154,189,-1,154,156,189,-1,189,156,159,-1,189,159,186,-1,186,159,162,-1,186,162,184,-1,184,162,164,-1,184,164,182,-1,182,164,166,-1,182,166,180,-1,180,166,168,-1,180,168,178,-1,178,168,170,-1,178,170,175,-1,175,170,172,-1,175,172,174,-1,192,193,194,-1,194,193,195,-1,196,197,198,-1,198,197,192,-1,198,192,194,-1,199,197,200,-1,200,197,196,-1,201,202,203,-1,203,202,199,-1,203,199,200,-1,204,202,205,-1,205,202,201,-1,206,207,208,-1,208,207,204,-1,208,204,205,-1,209,207,210,-1,210,207,206,-1,211,212,213,-1,213,212,209,-1,213,209,210,-1,212,211,214,-1,214,211,215,-1,214,215,216,-1,217,218,219,-1,219,218,214,-1,219,214,216,-1,220,221,222,-1,222,221,218,-1,222,218,217,-1,195,193,223,-1,223,193,221,-1,223,221,220,-1,221,193,192,-1,192,197,221,-1,221,197,199,-1,221,199,218,-1,212,214,209,-1,209,214,218,-1,209,218,207,-1,207,218,199,-1,207,199,204,-1,204,199,202,-1,224,225,226,-1,226,225,227,-1,226,227,228,-1,228,227,229,-1,228,229,230,-1,230,229,231,-1,230,231,232,-1,232,231,233,-1,232,233,234,-1,234,233,235,-1,234,235,236,-1,236,235,237,-1,236,237,238,-1,238,237,239,-1,238,239,240,-1,240,239,241,-1,240,241,242,-1,242,241,243,-1,242,243,244,-1,244,243,245,-1,244,245,246,-1,246,245,247,-1,246,247,248,-1,248,247,249,-1,248,249,250,-1,250,249,251,-1,250,251,252,-1,252,251,253,-1,252,253,254,-1,254,253,255,-1,254,255,256,-1,256,255,257,-1,256,257,258,-1,258,257,224,-1,258,224,226,-1,232,234,259,-1,259,234,260,-1,232,259,261,-1,232,261,230,-1,230,261,262,-1,230,262,228,-1,228,262,263,-1,228,263,226,-1,226,263,264,-1,226,264,258,-1,258,264,265,-1,258,265,256,-1,256,265,266,-1,256,266,254,-1,254,266,267,-1,254,267,252,-1,252,267,268,-1,252,268,250,-1,250,268,269,-1,250,269,248,-1,248,269,270,-1,248,270,246,-1,246,270,271,-1,246,271,244,-1,272,238,273,-1,273,238,240,-1,273,240,274,-1,274,240,242,-1,274,242,275,-1,275,242,244,-1,275,244,271,-1,236,238,276,-1,276,238,272,-1,260,234,277,-1,277,234,236,-1,277,236,276,-1,239,237,278,-1,278,237,279,-1,237,235,279,-1,279,235,280,-1,235,233,280,-1,280,233,281,-1,225,282,283,-1,225,283,227,-1,227,283,284,-1,227,284,229,-1,229,284,285,-1,229,285,231,-1,231,285,281,-1,231,281,233,-1,253,286,287,-1,253,287,255,-1,255,287,288,-1,255,288,257,-1,257,288,289,-1,257,289,224,-1,224,289,282,-1,224,282,225,-1,245,290,291,-1,245,291,247,-1,247,291,292,-1,247,292,249,-1,249,292,293,-1,249,293,251,-1,251,293,286,-1,251,286,253,-1,239,278,294,-1,239,294,241,-1,241,294,295,-1,241,295,243,-1,243,295,290,-1,243,290,245,-1,
        ]
    }
}
Shape{
    appearance Appearance {
        material  Material 	{
            diffuseColor 0.0 0.6862745098039216 0.48627450980392156
            specularColor 0.0 0.3411764705882353 0.24313725490196078
            ambientIntensity 0.4583
            transparency 0.0
            shininess 0.5
        }
    }
    geometry IndexedFaceSet {
        ccw TRUE
        solid FALSE
        coord DEF co Coordinate {
            point [
                0.3201 1.1809 2.6375, 0.321 1.1809 2.514, 0.2959 1.1809 2.6373, 0.2977 1.1809 2.5139, 0.2773 1.1809 2.5159, 0.2636 1.1809 2.5207, 0.2529 1.1809 2.5276, 0.25 1.1809 2.5302, 0.2419 1.1809 2.5401, 0.2363 1.1809 2.5519, 0.2331 1.1809 2.5666, 0.2325 1.1809 2.5767, 0.2348 1.1809 2.597, 0.2393 1.1809 2.6086, 0.2455 1.1809 2.6176, 0.2498 1.1809 2.6219, 0.2753 1.1809 2.6349, 0.2614 1.1809 2.6298
            ]
        }
        coordIndex [
            0,1,2,-1,2,1,3,-1,2,3,4,-1,4,5,2,-1,2,5,6,-1,2,6,7,-1,7,8,2,-1,2,8,9,-1,2,9,10,-1,10,11,2,-1,2,11,12,-1,2,12,13,-1,13,14,2,-1,2,14,15,-1,2,15,16,-1,16,15,17,-1,
        ]
    }
}
Shape{
    appearance Appearance {
        material  Material 	{
            diffuseColor 1.0 1.0 1.0
            specularColor 0.5019607843137255 0.5019607843137255 0.5019607843137255
            ambientIntensity 1.0
            transparency 0.0
            shininess 0.5
        }
    }
    geometry IndexedFaceSet {
        ccw TRUE
        solid FALSE
        coord DEF co Coordinate {
            point [
                0.1573 1.1813 2.5565, 0.1329 1.1813 2.6229, 0.1404 1.1813 2.6546, 0.2025 1.1813 2.4949, 0.1797 1.1813 2.4948, 0.164 1.1813 2.5385, 0.1314 1.1813 2.6277, 0.1302 1.1813 2.6341, 0.1183 1.1813 2.6545, 0.1297 1.1813 2.6341, 0.1284 1.1813 2.6273, 0.1273 1.1813 2.6229, 0.1035 1.1813 2.5561, 0.0584 1.1813 2.4939, 0.0813 1.1813 2.4941, 0.0973 1.1813 2.538, 0.1183 1.1809 2.6545, 0.0584 1.1809 2.4939, 0.1404 1.1809 2.6546, 0.2025 1.1809 2.4949, 0.1797 1.1809 2.4948, 0.164 1.1809 2.5385, 0.0973 1.1809 2.538, 0.0813 1.1809 2.4941, 0.1573 1.1809 2.5565, 0.1035 1.1809 2.5561, 0.1273 1.1809 2.6229, 0.1297 1.1809 2.6341, 0.1284 1.1809 2.6273, 0.1302 1.1809 2.6341, 0.1329 1.1809 2.6229, 0.1314 1.1809 2.6277
            ]
        }
        coordIndex [
            0,1,2,-1,3,4,5,-1,1,6,2,-1,2,6,7,-1,2,7,8,-1,8,7,9,-1,8,9,10,-1,10,11,8,-1,8,11,12,-1,8,12,13,-1,14,13,15,-1,15,13,12,-1,15,12,5,-1,5,12,0,-1,5,0,3,-1,3,0,2,-1,8,13,16,-1,16,13,17,-1,2,8,18,-1,18,8,16,-1,3,2,19,-1,19,2,18,-1,4,3,20,-1,20,3,19,-1,5,4,21,-1,21,4,20,-1,15,5,22,-1,22,5,21,-1,14,15,23,-1,23,15,22,-1,13,14,17,-1,17,14,23,-1,0,12,24,-1,24,12,25,-1,12,11,25,-1,25,11,26,-1,9,27,28,-1,9,28,10,-1,10,28,26,-1,10,26,11,-1,9,7,27,-1,27,7,29,-1,1,30,31,-1,1,31,6,-1,6,31,29,-1,6,29,7,-1,1,0,30,-1,30,0,24,-1,
        ]
    }
}
Shape{
    appearance Appearance {
        material  Material 	{
            diffuseColor 0.0 0.6862745098039216 0.48627450980392156
            specularColor 0.0 0.3411764705882353 0.24313725490196078
            ambientIntensity 0.4583
            transparency 0.0
            shininess 0.5
        }
    }
    geometry IndexedFaceSet {
        ccw TRUE
        solid FALSE
        coord DEF co Coordinate {
            point [
                0.1297 1.1809 2.6341, 0.1302 1.1809 2.6341, 0.1284 1.1809 2.6273, 0.1314 1.1809 2.6277, 0.1273 1.1809 2.6229, 0.1329 1.1809 2.6229, 0.1035 1.1809 2.5561, 0.1573 1.1809 2.5565
            ]
        }
        coordIndex [
            0,1,2,-1,2,1,3,-1,2,3,4,-1,4,3,5,-1,4,5,6,-1,6,5,7,-1,
        ]
    }
}
Shape{
    appearance Appearance {
        material  Material 	{
            diffuseColor 1.0 1.0 1.0
            specularColor 0.5019607843137255 0.5019607843137255 0.5019607843137255
            ambientIntensity 1.0
            transparency 0.0
            shininess 0.5
        }
    }
    geometry IndexedFaceSet {
        ccw TRUE
        solid FALSE
        coord DEF co Coordinate {
            point [
                1.609 1.1813 2.4823, 1.5922 1.1813 2.4612, 1.6186 1.1813 2.583, 1.2379 1.1813 2.6361, 1.2728 1.1813 2.6967, 1.4259 1.1813 2.6181, 1.1022 1.1813 2.659, 1.1051 1.1813 2.6369, 1.0375 1.1813 2.6178, 1.6432 1.1813 2.5984, 1.6395 1.1813 2.5129, 1.6202 1.1813 2.5067, 1.5127 1.1813 2.5857, 1.5032 1.1813 2.5846, 1.4926 1.1813 2.5807, 1.3979 1.1813 2.553, 1.4835 1.1813 2.5745, 1.4762 1.1813 2.5662, 1.5428 1.1813 2.5084, 1.5338 1.1813 2.5021, 1.5701 1.1813 2.4443, 1.5233 1.1813 2.4981, 1.1995 1.1813 2.7485, 1.1904 1.1813 2.7485, 1.1433 1.1813 2.8096, 1.1688 1.1813 2.7457, 1.1369 1.1813 2.8074, 1.149 1.1813 2.7379, 1.1032 1.1813 2.7902, 1.0727 1.1813 2.7637, 1.5195 1.1813 2.7884, 1.5112 1.1813 2.7838, 1.546 1.1813 2.8671, 1.4946 1.1813 2.8181, 1.5224 1.1813 2.8941, 1.4692 1.1813 2.8487, 1.4955 1.1813 2.9169, 1.4374 1.1813 2.8719, 1.4678 1.1813 2.9338, 1.4714 1.1813 2.5568, 1.4688 1.1813 2.5463, 1.398 1.1813 2.5416, 1.4689 1.1813 2.5358, 1.0523 1.1813 2.582, 1.1131 1.1813 2.6167, 1.0745 1.1813 2.5518, 1.2041 1.1813 2.9, 1.2457 1.1813 2.8447, 1.1673 1.1813 2.8569, 1.2211 1.1813 2.8131, 1.2049 1.1813 2.7758, 1.6635 1.1813 2.6195, 1.7109 1.1813 2.562, 1.6798 1.1813 2.5344, 1.6826 1.1813 2.7157, 1.7573 1.1813 2.6994, 1.6861 1.1813 2.6882, 1.7579 1.1813 2.6865, 1.6849 1.1813 2.6708, 1.7537 1.1813 2.6462, 1.677 1.1813 2.6429, 1.7388 1.1813 2.6034, 1.7149 1.1813 2.5666, 1.4697 1.1813 2.6494, 1.4971 1.1813 2.6565, 1.511 1.1813 2.6574, 1.5223 1.1813 2.5847, 1.5382 1.1813 2.6542, 1.5324 1.1813 2.5812, 1.5634 1.1813 2.6448, 1.5415 1.1813 2.5753, 1.5868 1.1813 2.6288, 1.549 1.1813 2.5672, 1.6058 1.1813 2.6074, 1.5544 1.1813 2.5573, 1.5571 1.1813 2.5464, 1.1314 1.1813 2.7254, 1.1183 1.1813 2.7105, 1.0499 1.1813 2.731, 1.1079 1.1813 2.6908, 1.0364 1.1813 2.6961, 1.1027 1.1813 2.6689, 1.0316 1.1813 2.6597, 1.0317 1.1813 2.6551, 1.1257 1.1813 2.599, 1.1274 1.1813 2.5973, 1.1067 1.1813 2.5252, 1.1443 1.1813 2.5837, 1.1417 1.1813 2.5087, 1.1645 1.1813 2.5745, 1.1785 1.1813 2.5013, 1.1848 1.1813 2.5708, 1.2457 1.1813 2.5018, 1.2361 1.1813 2.5712, 1.2515 1.1813 2.5027, 1.4151 1.1813 2.9537, 1.4001 1.1813 2.8868, 1.3586 1.1813 2.9603, 1.3579 1.1813 2.892, 1.3117 1.1813 2.955, 1.3208 1.1813 2.8873, 1.2547 1.1813 2.9345, 1.2851 1.1813 2.8737, 1.2531 1.1813 2.8516, 1.545 1.1813 2.7978, 1.559 1.1813 2.8688, 1.5715 1.1813 2.8013, 1.5721 1.1813 2.8696, 1.5832 1.1813 2.8008, 1.6126 1.1813 2.8654, 1.6113 1.1813 2.7943, 1.6552 1.1813 2.8504, 1.6368 1.1813 2.7811, 1.6935 1.1813 2.825, 1.6567 1.1813 2.7636, 1.7034 1.1813 2.8159, 1.6726 1.1813 2.741, 1.7288 1.1813 2.7845, 1.7482 1.1813 2.7442, 1.55 1.1813 2.5168, 1.5548 1.1813 2.5262, 1.5571 1.1813 2.5367, 1.4456 1.1813 2.6363, 1.5439 1.1813 2.433, 1.5171 1.1813 2.4286, 1.5133 1.1813 2.4969, 1.5126 1.1813 2.4285, 1.5036 1.1813 2.4978, 1.4851 1.1813 2.4317, 1.4935 1.1813 2.5013, 1.4596 1.1813 2.4413, 1.4846 1.1813 2.5071, 1.4368 1.1813 2.4569, 1.4771 1.1813 2.5152, 1.4191 1.1813 2.4765, 1.4717 1.1813 2.5249, 1.4055 1.1813 2.5018, 1.3986 1.1813 2.5299, 1.2418 1.1813 2.5723, 1.2697 1.1813 2.5141, 1.2665 1.1813 2.5108, 1.2784 1.1813 2.5373, 1.2775 1.1813 2.529, 1.2746 1.1813 2.5213, 1.2384 1.1813 2.5715, 1.259 1.1813 2.5056, 1.2514 1.1813 2.5714, 1.2592 1.1813 2.5684, 1.2783 1.1813 2.5406, 1.2663 1.1813 2.5636, 1.272 1.1813 2.5572, 1.2762 1.1813 2.5493, 1.2429 1.1813 2.5724, 1.0316 1.1809 2.6597, 1.0364 1.1809 2.6961, 1.0635 1.1809 2.7505, 1.0397 1.1809 2.7047, 1.0499 1.1809 2.731, 1.0727 1.1809 2.7637, 1.1032 1.1809 2.7902, 1.1369 1.1809 2.8074, 1.1433 1.1809 2.8096, 1.1673 1.1809 2.8569, 1.2041 1.1809 2.9, 1.3586 1.1809 2.9603, 1.2235 1.1809 2.9132, 1.2547 1.1809 2.9345, 1.2646 1.1809 2.9381, 1.3117 1.1809 2.955, 1.4955 1.1809 2.9169, 1.4151 1.1809 2.9537, 1.4565 1.1809 2.9381, 1.4678 1.1809 2.9338, 1.546 1.1809 2.8671, 1.4998 1.1809 2.9132, 1.5224 1.1809 2.8941, 1.559 1.1809 2.8688, 1.5721 1.1809 2.8696, 1.6126 1.1809 2.8654, 1.6552 1.1809 2.8504, 1.6935 1.1809 2.825, 1.7034 1.1809 2.8159, 1.7579 1.1809 2.6865, 1.7288 1.1809 2.7845, 1.7452 1.1809 2.7505, 1.7482 1.1809 2.7442, 1.7562 1.1809 2.7047, 1.7573 1.1809 2.6994, 1.7546 1.1809 2.6554, 1.755 1.1809 2.6585, 1.7537 1.1809 2.6462, 1.7388 1.1809 2.6034, 1.7149 1.1809 2.5666, 1.7109 1.1809 2.562, 1.6798 1.1809 2.5344, 1.6395 1.1809 2.5129, 1.6202 1.1809 2.5067, 1.609 1.1809 2.4823, 1.5922 1.1809 2.4612, 1.5701 1.1809 2.4443, 1.5439 1.1809 2.433, 1.5171 1.1809 2.4286, 1.5126 1.1809 2.4285, 1.4851 1.1809 2.4317, 1.4596 1.1809 2.4413, 1.4368 1.1809 2.4569, 1.4191 1.1809 2.4765, 1.4055 1.1809 2.5018, 1.3986 1.1809 2.5299, 1.398 1.1809 2.5416, 1.3979 1.1809 2.553, 1.2379 1.1809 2.6361, 1.249 1.1809 2.6554, 1.2508 1.1809 2.6585, 1.2728 1.1809 2.6967, 1.3532 1.1809 2.6554, 1.4259 1.1809 2.6181, 1.3472 1.1809 2.6585, 1.511 1.1809 2.6574, 1.4456 1.1809 2.6363, 1.4697 1.1809 2.6494, 1.4928 1.1809 2.6554, 1.4971 1.1809 2.6565, 1.5285 1.1809 2.6554, 1.5382 1.1809 2.6542, 1.5634 1.1809 2.6448, 1.5868 1.1809 2.6288, 1.6058 1.1809 2.6074, 1.6186 1.1809 2.583, 1.6814 1.1809 2.6585, 1.6805 1.1809 2.6554, 1.677 1.1809 2.6429, 1.6635 1.1809 2.6195, 1.6432 1.1809 2.5984, 1.6849 1.1809 2.6708, 1.6861 1.1809 2.6882, 1.684 1.1809 2.7047, 1.6826 1.1809 2.7157, 1.6726 1.1809 2.741, 1.666 1.1809 2.7505, 1.6567 1.1809 2.7636, 1.6368 1.1809 2.7811, 1.6113 1.1809 2.7943, 1.5832 1.1809 2.8008, 1.5715 1.1809 2.8013, 1.545 1.1809 2.7978, 1.5195 1.1809 2.7884, 1.5112 1.1809 2.7838, 1.4946 1.1809 2.8181, 1.4692 1.1809 2.8487, 1.4374 1.1809 2.8719, 1.4001 1.1809 2.8868, 1.3579 1.1809 2.892, 1.1995 1.1809 2.7485, 1.1999 1.1809 2.7505, 1.2049 1.1809 2.7758, 1.2211 1.1809 2.8131, 1.2457 1.1809 2.8447, 1.2531 1.1809 2.8516, 1.2851 1.1809 2.8737, 1.3208 1.1809 2.8873, 1.1904 1.1809 2.7485, 1.1688 1.1809 2.7457, 1.149 1.1809 2.7379, 1.1314 1.1809 2.7254, 1.1183 1.1809 2.7105, 1.1152 1.1809 2.7047, 1.1079 1.1809 2.6908, 1.1027 1.1809 2.6689, 1.1022 1.1809 2.659, 1.1023 1.1809 2.6585, 1.1027 1.1809 2.6554, 1.1051 1.1809 2.6369, 1.1131 1.1809 2.6167, 1.1257 1.1809 2.599, 1.1274 1.1809 2.5973, 1.1443 1.1809 2.5837, 1.1645 1.1809 2.5745, 1.1848 1.1809 2.5708, 1.2361 1.1809 2.5712, 1.2384 1.1809 2.5715, 1.2418 1.1809 2.5723, 1.2429 1.1809 2.5724, 1.2514 1.1809 2.5714, 1.2592 1.1809 2.5684, 1.2663 1.1809 2.5636, 1.272 1.1809 2.5572, 1.2762 1.1809 2.5493, 1.2783 1.1809 2.5406, 1.2784 1.1809 2.5373, 1.2775 1.1809 2.529, 1.2746 1.1809 2.5213, 1.2697 1.1809 2.5141, 1.2665 1.1809 2.5108, 1.259 1.1809 2.5056, 1.2515 1.1809 2.5027, 1.2457 1.1809 2.5018, 1.1785 1.1809 2.5013, 1.1417 1.1809 2.5087, 1.1067 1.1809 2.5252, 1.0745 1.1809 2.5518, 1.0317 1.1809 2.6585, 1.0317 1.1809 2.6554, 1.0317 1.1809 2.6551, 1.0375 1.1809 2.6178, 1.0523 1.1809 2.582, 1.5127 1.1809 2.5857, 1.5032 1.1809 2.5846, 1.4926 1.1809 2.5807, 1.4835 1.1809 2.5745, 1.4762 1.1809 2.5662, 1.4714 1.1809 2.5568, 1.4688 1.1809 2.5463, 1.4689 1.1809 2.5358, 1.4717 1.1809 2.5249, 1.4771 1.1809 2.5152, 1.4846 1.1809 2.5071, 1.4935 1.1809 2.5013, 1.5036 1.1809 2.4978, 1.5133 1.1809 2.4969, 1.5233 1.1809 2.4981, 1.5338 1.1809 2.5021, 1.5428 1.1809 2.5084, 1.55 1.1809 2.5168, 1.5548 1.1809 2.5262, 1.5571 1.1809 2.5367, 1.5571 1.1809 2.5464, 1.5544 1.1809 2.5573, 1.549 1.1809 2.5672, 1.5415 1.1809 2.5753, 1.5324 1.1809 2.5812, 1.5223 1.1809 2.5847
            ]
        }
        coordIndex [
            0,1,2,-1,3,4,5,-1,6,7,8,-1,9,10,2,-1,2,10,11,-1,2,11,0,-1,12,13,3,-1,3,13,14,-1,3,14,15,-1,15,14,16,-1,15,16,17,-1,18,1,19,-1,19,1,20,-1,19,20,21,-1,22,23,24,-1,24,23,25,-1,24,25,26,-1,26,25,27,-1,26,27,28,-1,28,27,29,-1,30,31,32,-1,32,31,33,-1,32,33,34,-1,34,33,35,-1,34,35,36,-1,36,35,37,-1,36,37,38,-1,17,39,15,-1,15,39,40,-1,15,40,41,-1,41,40,42,-1,8,7,43,-1,43,7,44,-1,43,44,45,-1,46,47,48,-1,48,47,49,-1,48,49,24,-1,24,49,50,-1,24,50,22,-1,51,52,9,-1,9,52,53,-1,9,53,10,-1,54,55,56,-1,56,55,57,-1,56,57,58,-1,58,57,59,-1,58,59,60,-1,60,59,61,-1,60,61,51,-1,51,61,62,-1,51,62,52,-1,63,64,12,-1,12,64,65,-1,12,65,66,-1,66,65,67,-1,66,67,68,-1,68,67,69,-1,68,69,70,-1,70,69,71,-1,70,71,72,-1,72,71,73,-1,72,73,74,-1,74,73,2,-1,74,2,75,-1,27,76,29,-1,29,76,77,-1,29,77,78,-1,78,77,79,-1,78,79,80,-1,80,79,81,-1,80,81,82,-1,82,81,6,-1,82,6,83,-1,83,6,8,-1,44,84,45,-1,45,84,85,-1,45,85,86,-1,86,85,87,-1,86,87,88,-1,88,87,89,-1,88,89,90,-1,90,89,91,-1,90,91,92,-1,92,91,93,-1,92,93,94,-1,38,37,95,-1,95,37,96,-1,95,96,97,-1,97,96,98,-1,97,98,99,-1,99,98,100,-1,99,100,101,-1,101,100,102,-1,101,102,46,-1,46,102,103,-1,46,103,47,-1,30,32,104,-1,104,32,105,-1,104,105,106,-1,106,105,107,-1,106,107,108,-1,108,107,109,-1,108,109,110,-1,110,109,111,-1,110,111,112,-1,112,111,113,-1,112,113,114,-1,114,113,115,-1,114,115,116,-1,116,115,117,-1,116,117,54,-1,54,117,118,-1,54,118,55,-1,18,119,1,-1,1,119,120,-1,1,120,2,-1,2,120,121,-1,2,121,75,-1,3,5,12,-1,12,5,122,-1,12,122,63,-1,20,123,21,-1,21,123,124,-1,21,124,125,-1,125,124,126,-1,125,126,127,-1,127,126,128,-1,127,128,129,-1,129,128,130,-1,129,130,131,-1,131,130,132,-1,131,132,133,-1,133,132,134,-1,133,134,135,-1,135,134,136,-1,135,136,42,-1,42,136,137,-1,42,137,41,-1,138,139,140,-1,141,142,138,-1,138,142,143,-1,138,143,139,-1,93,144,94,-1,94,144,138,-1,94,138,145,-1,145,138,140,-1,146,147,148,-1,147,149,148,-1,148,149,150,-1,148,150,151,-1,141,138,148,-1,148,138,152,-1,148,152,146,-1,82,153,154,-1,155,29,78,-1,82,154,80,-1,80,154,156,-1,80,156,78,-1,78,156,157,-1,78,157,155,-1,155,158,29,-1,29,158,159,-1,29,159,28,-1,28,159,160,-1,28,160,26,-1,26,160,161,-1,26,161,24,-1,24,161,162,-1,24,162,48,-1,48,162,163,-1,48,163,46,-1,164,97,99,-1,46,163,165,-1,46,165,101,-1,165,166,101,-1,101,166,167,-1,101,167,99,-1,99,167,168,-1,99,168,164,-1,169,36,38,-1,97,164,170,-1,97,170,95,-1,95,170,171,-1,95,171,38,-1,38,171,172,-1,38,172,169,-1,173,32,34,-1,36,169,174,-1,36,174,34,-1,34,174,175,-1,34,175,173,-1,32,173,176,-1,32,176,105,-1,105,176,177,-1,105,177,107,-1,107,177,178,-1,107,178,109,-1,109,178,179,-1,109,179,111,-1,111,179,180,-1,111,180,113,-1,113,180,181,-1,113,181,115,-1,182,57,55,-1,115,181,183,-1,115,183,117,-1,117,183,184,-1,117,184,118,-1,184,185,118,-1,118,185,186,-1,118,186,55,-1,55,186,187,-1,55,187,182,-1,188,59,189,-1,189,59,57,-1,189,57,182,-1,188,190,59,-1,59,190,191,-1,59,191,61,-1,61,191,192,-1,61,192,62,-1,62,192,193,-1,62,193,52,-1,52,193,194,-1,52,194,53,-1,53,194,195,-1,53,195,10,-1,10,195,196,-1,10,196,11,-1,11,196,197,-1,11,197,0,-1,0,197,198,-1,0,198,1,-1,1,198,199,-1,1,199,20,-1,20,199,200,-1,20,200,123,-1,123,200,201,-1,123,201,124,-1,124,201,202,-1,124,202,126,-1,126,202,203,-1,126,203,128,-1,128,203,204,-1,128,204,130,-1,130,204,205,-1,130,205,132,-1,132,205,206,-1,132,206,134,-1,134,206,207,-1,134,207,136,-1,136,207,208,-1,136,208,137,-1,137,208,209,-1,137,209,41,-1,15,41,210,-1,210,41,209,-1,3,15,211,-1,211,15,210,-1,211,212,3,-1,3,212,213,-1,3,213,4,-1,4,213,214,-1,215,216,5,-1,215,5,217,-1,217,5,4,-1,217,4,214,-1,218,65,64,-1,5,216,219,-1,5,219,122,-1,122,219,220,-1,122,220,63,-1,63,220,221,-1,63,221,64,-1,64,221,222,-1,64,222,218,-1,67,65,223,-1,223,65,218,-1,223,224,67,-1,67,224,225,-1,67,225,69,-1,69,225,226,-1,69,226,71,-1,71,226,227,-1,71,227,73,-1,73,227,228,-1,73,228,2,-1,229,58,230,-1,230,58,60,-1,230,60,231,-1,231,60,51,-1,231,51,232,-1,232,51,9,-1,232,9,233,-1,233,9,2,-1,233,2,228,-1,229,234,58,-1,58,234,235,-1,58,235,56,-1,54,56,236,-1,236,56,235,-1,236,237,54,-1,54,237,238,-1,54,238,116,-1,116,238,239,-1,116,239,114,-1,239,240,114,-1,114,240,241,-1,114,241,112,-1,112,241,242,-1,112,242,110,-1,110,242,243,-1,110,243,108,-1,108,243,244,-1,108,244,106,-1,106,244,245,-1,106,245,104,-1,104,245,246,-1,104,246,30,-1,30,246,247,-1,30,247,31,-1,31,247,248,-1,31,248,33,-1,33,248,249,-1,33,249,35,-1,35,249,250,-1,35,250,37,-1,37,250,251,-1,37,251,96,-1,96,251,252,-1,96,252,98,-1,253,22,254,-1,254,22,50,-1,254,50,255,-1,255,50,49,-1,255,49,256,-1,256,49,47,-1,256,47,257,-1,257,47,103,-1,257,103,258,-1,258,103,102,-1,258,102,259,-1,259,102,100,-1,259,100,260,-1,260,100,98,-1,260,98,252,-1,23,22,261,-1,261,22,253,-1,23,261,262,-1,23,262,25,-1,25,262,263,-1,25,263,27,-1,27,263,264,-1,27,264,76,-1,76,264,265,-1,76,265,77,-1,77,265,266,-1,77,266,79,-1,266,267,79,-1,79,267,268,-1,79,268,81,-1,81,268,269,-1,81,269,6,-1,269,270,6,-1,6,270,271,-1,6,271,7,-1,271,272,7,-1,7,272,273,-1,7,273,44,-1,44,273,274,-1,44,274,84,-1,84,274,275,-1,84,275,85,-1,85,275,276,-1,85,276,87,-1,87,276,277,-1,87,277,89,-1,89,277,278,-1,89,278,91,-1,93,91,279,-1,279,91,278,-1,93,279,280,-1,93,280,144,-1,144,280,281,-1,144,281,138,-1,138,281,282,-1,138,282,152,-1,152,282,283,-1,152,283,146,-1,146,283,284,-1,146,284,147,-1,147,284,285,-1,147,285,149,-1,149,285,286,-1,149,286,150,-1,150,286,287,-1,150,287,151,-1,151,287,288,-1,151,288,148,-1,148,288,289,-1,148,289,141,-1,141,289,290,-1,141,290,142,-1,142,290,291,-1,142,291,143,-1,143,291,292,-1,143,292,139,-1,139,292,293,-1,139,293,140,-1,140,293,294,-1,140,294,145,-1,145,294,295,-1,145,295,94,-1,94,295,296,-1,94,296,92,-1,90,92,297,-1,297,92,296,-1,90,297,298,-1,90,298,88,-1,88,298,299,-1,88,299,86,-1,86,299,300,-1,86,300,45,-1,301,153,82,-1,301,82,302,-1,302,82,83,-1,302,83,303,-1,303,83,8,-1,303,8,304,-1,304,8,43,-1,304,43,305,-1,305,43,45,-1,305,45,300,-1,12,306,307,-1,12,307,13,-1,13,307,308,-1,13,308,14,-1,14,308,309,-1,14,309,16,-1,16,309,310,-1,16,310,17,-1,17,310,311,-1,17,311,39,-1,39,311,312,-1,39,312,40,-1,40,312,313,-1,40,313,42,-1,42,313,314,-1,42,314,135,-1,135,314,315,-1,135,315,133,-1,133,315,316,-1,133,316,131,-1,131,316,317,-1,131,317,129,-1,129,317,318,-1,129,318,127,-1,127,318,319,-1,127,319,125,-1,125,319,320,-1,125,320,21,-1,21,320,321,-1,21,321,19,-1,19,321,322,-1,19,322,18,-1,18,322,323,-1,18,323,119,-1,119,323,324,-1,119,324,120,-1,120,324,325,-1,120,325,121,-1,121,325,326,-1,121,326,75,-1,75,326,327,-1,75,327,74,-1,74,327,328,-1,74,328,72,-1,72,328,329,-1,72,329,70,-1,70,329,330,-1,70,330,68,-1,68,330,331,-1,68,331,66,-1,66,331,306,-1,66,306,12,-1,
        ]
    }
}
Shape{
    appearance Appearance {
        material  Material 	{
            diffuseColor 0.0 0.6862745098039216 0.48627450980392156
            specularColor 0.0 0.3411764705882353 0.24313725490196078
            ambientIntensity 0.4583
            transparency 0.0
            shininess 0.5
        }
    }
    geometry IndexedFaceSet {
        ccw TRUE
        solid FALSE
        coord DEF co Coordinate {
            point [
                1.5127 1.1809 2.5857, 1.5133 1.1809 2.4969, 1.5036 1.1809 2.4978, 1.5324 1.1809 2.5812, 1.5571 1.1809 2.5464, 1.5223 1.1809 2.5847, 1.5571 1.1809 2.5367, 1.4688 1.1809 2.5463, 1.4714 1.1809 2.5568, 1.4762 1.1809 2.5662, 1.4835 1.1809 2.5745, 1.5548 1.1809 2.5262, 1.55 1.1809 2.5168, 1.5428 1.1809 2.5084, 1.4926 1.1809 2.5807, 1.5032 1.1809 2.5846, 1.5415 1.1809 2.5753, 1.549 1.1809 2.5672, 1.5544 1.1809 2.5573, 1.5338 1.1809 2.5021, 1.5233 1.1809 2.4981, 1.4935 1.1809 2.5013, 1.4846 1.1809 2.5071, 1.4689 1.1809 2.5358, 1.4771 1.1809 2.5152, 1.4717 1.1809 2.5249
            ]
        }
        coordIndex [
            0,1,2,-1,3,4,5,-1,5,4,6,-1,5,6,0,-1,7,8,2,-1,2,8,9,-1,2,9,10,-1,6,11,0,-1,0,11,12,-1,0,12,13,-1,10,14,2,-1,2,14,15,-1,2,15,0,-1,3,16,4,-1,4,16,17,-1,4,17,18,-1,13,19,0,-1,0,19,20,-1,0,20,1,-1,2,21,7,-1,7,21,22,-1,7,22,23,-1,23,22,24,-1,23,24,25,-1,
        ]
    }
}